<?xml version="1.0" encoding="utf-8"?>
<COLLADA xmlns="http://www.collada.org/2005/11/COLLADASchema" version="1.4.0">
  <asset>
    <contributor>
      <author></author>
      <authoring_tool>FBX COLLADA exporter</authoring_tool>
      <comments></comments>
    </contributor>
    <created>2015-08-12T19:21:15Z</created>
    <modified>2015-08-12T19:21:15Z</modified>
    <revision></revision>
    <title></title>
    <subject></subject>
    <keywords></keywords>
    <unit meter="0.025400"/>
    <up_axis>Z_UP</up_axis>
  </asset>
  <library_materials>
    <material id="Material__25" name="Material__25">
      <instance_effect url="#Material__25-fx"/>
    </material>
  </library_materials>
  <library_effects>
    <effect id="Material__25-fx" name="Material__25">
      <profile_COMMON>
        <technique sid="standard">
          <phong>
            <emission>
              <color sid="emission">0.000000  0.000000 0.000000 1.000000</color>
            </emission>
            <ambient>
              <color sid="ambient">0.588000  0.588000 0.588000 1.000000</color>
            </ambient>
            <diffuse>
              <color sid="diffuse">0.588000  0.588000 0.588000 1.000000</color>
            </diffuse>
            <specular>
              <color sid="specular">0.000000  0.000000 0.000000 1.000000</color>
            </specular>
            <shininess>
              <float sid="shininess">2.000000</float>
            </shininess>
            <reflective>
              <color sid="reflective">0.000000  0.000000 0.000000 1.000000</color>
            </reflective>
            <reflectivity>
              <float sid="reflectivity">1.000000</float>
            </reflectivity>
            <transparent>
              <color sid="transparent">1.000000  1.000000 1.000000 1.000000</color>
            </transparent>
            <transparency>
              <float sid="transparency">0.000000</float>
            </transparency>
          </phong>
        </technique>
      </profile_COMMON>
    </effect>
  </library_effects>
  <library_geometries>
    <geometry id="MB_T_ShirtHanger_bmp001-lib" name="MB_T_ShirtHanger_bmp001Mesh">
      <mesh>
        <source id="MB_T_ShirtHanger_bmp001-lib-Position">
          <float_array id="MB_T_ShirtHanger_bmp001-lib-Position-array" count="3120">
0.076894 0.076894 9.227363
0.076894 0.076894 9.227363
0.076894 0.076894 9.227363
0.076894 0.076894 9.227363
0.076894 0.076894 9.227363
0.076894 0.076894 9.227363
0.076894 0.076894 9.227363
0.076894 0.076894 9.227363
0.076894 0.076894 9.227363
0.076894 0.076894 9.227363
0.076894 0.076894 9.227363
0.076894 0.076894 9.227363
0.076894 0.076894 9.227363
0.076894 0.076894 9.227363
0.076894 0.076894 9.227363
0.076894 0.076894 9.227363
0.153789 0.000000 9.304257
0.153789 0.000000 9.304257
0.230684 0.000000 9.304257
0.230684 0.000000 9.304257
0.230684 0.076894 9.304257
0.230684 0.076894 9.304257
0.153789 0.076894 9.304257
0.153789 0.076894 9.304257
0.076894 0.076894 9.227363
0.076894 0.076894 9.227363
0.076894 0.076894 9.227363
0.076894 0.076894 9.227363
0.076894 0.000000 9.227363
0.076894 0.000000 9.227363
0.076894 0.000000 9.227363
0.076894 0.000000 9.227363
0.076894 0.000000 9.381151
0.076894 0.000000 9.381151
0.076894 0.000000 9.381151
0.076894 0.000000 9.458046
0.076894 0.076894 9.458046
0.076894 0.076894 9.381151
0.076894 0.076894 9.381151
0.076894 0.076894 9.381151
0.076894 0.076894 9.381151
0.000000 0.076894 9.304257
0.000000 0.076894 9.304257
0.000000 0.076894 9.304257
0.000000 0.000000 9.304257
0.000000 0.000000 9.304257
0.000000 0.000000 9.304257
0.076894 0.000000 9.381151
-0.077500 0.000000 9.534941
0.000000 0.000000 9.534941
0.000000 0.000000 9.534941
0.000000 0.000000 9.611835
0.000000 0.076894 9.611835
0.000000 0.076894 9.534941
0.000000 0.076894 9.534941
-0.077500 0.076894 9.534941
-0.077500 0.076894 9.534941
-0.077500 0.076894 9.458046
-0.155000 0.076894 9.458046
-0.155000 0.076894 9.458046
-0.155000 0.000000 9.458046
-0.155000 0.000000 9.458046
-0.077500 0.000000 9.458046
-0.077500 0.000000 9.534941
-0.232500 0.000000 9.611835
-0.232500 0.000000 9.765625
-0.232500 0.000000 9.765625
-0.232500 0.000000 9.765625
-0.232500 0.076894 9.765625
-0.232500 0.076894 9.765625
-0.232500 0.076894 9.765625
-0.232500 0.076894 9.611835
-0.310001 0.076894 9.611835
-0.310001 0.076894 9.534941
-0.310001 0.076894 9.534941
-0.310001 0.076894 9.534941
-0.310001 0.000000 9.534941
-0.310001 0.000000 9.534941
-0.310001 0.000000 9.534941
-0.310001 0.000000 9.611835
-0.387501 0.000000 9.688730
-0.387501 0.000000 9.688730
-0.387501 0.000000 9.842520
-0.387501 0.000000 9.842520
-0.387501 0.076894 9.842520
-0.387501 0.076894 9.842520
-0.387501 0.076894 9.688730
-0.387501 0.076894 9.688730
-0.387501 0.076894 9.611835
-0.387501 0.076894 9.611835
-0.465001 0.076894 9.611835
-0.465001 0.076894 9.611835
-0.465001 0.000000 9.611835
-0.465001 0.000000 9.611835
-0.387501 0.000000 9.611835
-0.387501 0.000000 9.611835
-0.620001 0.000000 9.688730
-0.620001 0.000000 9.688730
-0.620001 0.000000 9.842520
-0.620001 0.000000 9.842520
-0.620001 0.076894 9.842520
-0.620001 0.076894 9.842520
-0.620001 0.076894 9.688730
-0.620001 0.076894 9.688730
-0.620001 0.076894 9.688730
-0.620001 0.076894 9.611835
-0.620001 0.076894 9.611835
-0.620001 0.076894 9.611835
-0.620001 0.000000 9.611835
-0.620001 0.000000 9.611835
-0.620001 0.000000 9.611835
-0.620001 0.000000 9.688730
-0.852502 0.000000 9.688730
-0.852502 0.000000 9.688730
-0.852502 0.000000 9.688730
-0.852502 0.000000 9.842520
-0.852502 0.076894 9.842520
-0.852502 0.076894 9.688730
-0.852502 0.076894 9.688730
-0.852502 0.076894 9.688730
-0.852502 0.076894 9.611835
-0.775002 0.076894 9.611835
-0.775002 0.076894 9.534941
-0.775002 0.076894 9.534941
-0.775002 0.000000 9.534941
-0.775002 0.000000 9.534941
-0.775002 0.000000 9.611835
-0.852502 0.000000 9.611835
-1.085002 -0.077500 9.688730
-1.085002 -0.077500 9.688730
-1.085002 0.000000 9.688730
-1.085002 0.000000 9.688730
-1.085002 0.076894 9.688730
-1.085002 0.076894 9.688730
-1.085002 0.076894 9.688730
-1.085002 0.076894 9.688730
-1.007502 0.000000 9.534941
-1.007502 0.000000 9.534941
-1.007502 0.000000 9.534941
-1.007502 0.076894 9.458046
-1.007502 0.000000 9.458046
-1.007502 0.000000 9.534941
-1.007502 0.000000 9.534941
-1.007502 0.000000 9.534941
-1.162502 0.000000 9.458046
-1.162502 0.000000 9.458046
-1.240003 0.000000 9.534941
-1.240003 0.000000 9.534941
-1.240003 0.076894 9.534941
-1.240003 0.076894 9.534941
-1.162502 0.076894 9.458046
-1.162502 0.076894 9.458046
-1.085002 0.076894 9.458046
-1.085002 0.076894 9.381151
-1.085002 0.076894 9.381151
-1.085002 0.076894 9.381151
-1.085002 0.000000 9.381151
-1.085002 0.000000 9.381151
-1.085002 0.000000 9.381151
-1.085002 0.000000 9.458046
-1.317503 0.000000 9.304257
-1.317503 0.000000 9.304257
-1.317503 0.000000 9.304257
-1.317503 0.000000 9.304257
-1.317503 0.076894 9.304257
-1.317503 0.076894 9.304257
-1.317503 0.076894 9.304257
-1.317503 0.076894 9.304257
-1.240003 0.076894 9.304257
-1.240003 0.076894 9.227363
-1.162502 0.076894 9.227363
-1.162502 0.076894 9.227363
-1.162502 0.000000 9.227363
-1.162502 0.000000 9.227363
-1.240003 0.000000 9.227363
-1.240003 0.000000 9.304257
-1.317503 0.000000 9.150468
-1.317503 0.000000 9.150468
-1.317503 0.000000 9.150468
-1.395003 0.000000 9.150468
-1.395003 0.076894 9.150468
-1.317503 0.076894 9.150468
-1.317503 0.076894 9.150468
-1.317503 0.076894 9.150468
-1.317503 0.076894 9.073573
-1.240003 0.076894 9.073573
-1.240003 0.076894 9.073573
-1.240003 0.076894 9.073573
-1.240003 0.000000 9.073573
-1.240003 0.000000 9.073573
-1.240003 0.000000 9.073573
-1.317503 0.000000 9.073573
-1.317503 0.000000 8.919784
-1.317503 0.000000 8.919784
-1.317503 0.000000 8.919784
-1.395003 0.000000 8.919784
-1.395003 0.076894 8.919784
-1.317503 0.076894 8.919784
-1.317503 0.076894 8.919784
-1.317503 0.076894 8.919784
-1.317503 0.076894 8.919784
-1.240003 0.076894 8.919784
-1.240003 0.076894 8.919784
-1.240003 0.076894 8.919784
-1.240003 0.000000 8.919784
-1.240003 0.000000 8.919784
-1.240003 0.000000 8.919784
-1.317503 0.000000 8.919784
-1.240003 0.000000 8.689099
-1.317503 0.000000 8.689099
-1.317503 0.000000 8.612205
-1.317503 0.000000 8.612205
-1.317503 0.076894 8.612205
-1.317503 0.076894 8.612205
-1.317503 0.076894 8.689099
-1.240003 0.076894 8.689099
-1.240003 0.076894 8.689099
-1.162502 0.076894 8.689099
-1.162502 0.076894 8.765994
-1.162502 0.076894 8.765994
-1.162502 0.000000 8.765994
-1.162502 0.000000 8.765994
-1.162502 0.000000 8.689099
-1.240003 0.000000 8.689099
-1.085002 0.000000 8.458415
-1.085002 0.000000 8.458415
-1.085002 0.000000 8.458415
-1.162502 0.000000 8.458415
-1.162502 0.076894 8.458415
-1.085002 0.076894 8.458415
-1.085002 0.076894 8.458415
-1.085002 0.076894 8.458415
-1.007502 0.076894 8.535310
-1.007502 0.076894 8.535310
-1.007502 0.076894 8.535310
-1.007502 0.076894 8.535310
-1.007502 0.000000 8.535310
-1.007502 0.000000 8.535310
-1.007502 0.000000 8.535310
-1.007502 0.000000 8.535310
-0.930002 0.000000 8.381520
-1.007502 0.000000 8.381520
-1.007502 0.000000 8.304626
-1.007502 0.000000 8.304626
-1.007502 0.076894 8.304626
-1.007502 0.076894 8.304626
-1.007502 0.076894 8.381520
-0.930002 0.076894 8.381520
-0.930002 0.076894 8.381520
-0.930002 0.076894 8.458415
-0.930002 0.076894 8.458415
-0.930002 0.076894 8.458415
-0.930002 0.000000 8.458415
-0.930002 0.000000 8.458415
-0.930002 0.000000 8.458415
-0.930002 0.000000 8.381520
-0.775002 0.000000 8.304626
-0.775002 0.000000 8.304626
-0.775002 0.000000 8.227732
-0.775002 0.000000 8.227732
-0.775002 0.076894 8.227732
-0.775002 0.076894 8.227732
-0.775002 0.076894 8.304626
-0.775002 0.076894 8.304626
-0.775002 0.076894 8.304626
-0.775002 0.076894 8.381520
-0.775002 0.076894 8.381520
-0.697501 0.076894 8.381520
-0.697501 0.000000 8.381520
-0.775002 0.000000 8.381520
-0.775002 0.000000 8.381520
-0.775002 0.000000 8.304626
-0.697501 0.000000 8.227732
-0.697501 0.000000 8.227732
-0.697501 0.000000 8.227732
-0.697501 0.000000 8.227732
-0.697501 0.076894 8.227732
-0.697501 0.076894 8.227732
-0.697501 0.076894 8.227732
-0.697501 0.076894 8.227732
-0.697501 0.076894 8.304626
-0.697501 0.076894 8.304626
-0.620001 0.076894 8.381520
-0.620001 0.076894 8.381520
-0.620001 0.000000 8.381520
-0.620001 0.000000 8.381520
-0.697501 0.000000 8.304626
-0.697501 0.000000 8.304626
-0.620001 0.000000 8.227732
-0.697501 0.000000 8.227732
-0.697501 0.000000 8.227732
-0.697501 0.000000 8.150837
-0.697501 0.076894 8.150837
-0.697501 0.076894 8.227732
-0.697501 0.076894 8.227732
-0.620001 0.076894 8.227732
-0.620001 0.076894 8.304626
-0.620001 0.076894 8.304626
-0.542501 0.076894 8.381520
-0.542501 0.076894 8.381520
-0.542501 0.000000 8.381520
-0.542501 0.000000 8.381520
-0.620001 0.000000 8.304626
-0.620001 0.000000 8.304626
-0.620001 0.000000 8.227732
-0.620001 0.000000 8.150837
-0.697501 0.000000 8.150837
-0.697501 0.000000 8.150837
-0.697501 0.076894 8.150837
-0.697501 0.076894 8.150837
-0.620001 0.076894 8.150837
-0.620001 0.076894 8.227732
-0.620001 0.076894 8.227732
-0.620001 0.076894 8.227732
-0.620001 0.076894 8.227732
-0.542501 0.076894 8.227732
-0.542501 0.000000 8.227732
-0.620001 0.000000 8.227732
-0.620001 0.000000 8.227732
-0.620001 0.000000 8.227732
-0.620001 0.000000 8.150837
-0.620001 0.000000 8.150837
-0.697501 0.000000 8.150837
-0.697501 0.000000 8.150837
-0.697501 0.076894 8.150837
-0.697501 0.076894 8.150837
-0.620001 0.076894 8.150837
-0.620001 0.076894 8.150837
-0.620001 0.076894 8.150837
-0.542501 0.076894 8.150837
-0.542501 0.076894 8.150837
-0.542501 0.076894 8.150837
-0.542501 0.000000 8.150837
-0.542501 0.000000 8.150837
-0.542501 0.000000 8.150837
-0.620001 0.000000 8.150837
-0.620001 0.000000 8.073942
-0.620001 0.000000 8.073942
-0.620001 0.000000 8.073942
-0.697501 0.000000 8.073942
-0.697501 0.076894 8.073942
-0.620001 0.076894 8.073942
-0.620001 0.076894 8.073942
-0.620001 0.076894 8.073942
-0.620001 0.076894 8.073942
-0.542501 0.076894 8.073942
-0.542501 0.076894 8.073942
-0.542501 0.076894 8.073942
-0.542501 0.000000 8.073942
-0.542501 0.000000 8.073942
-0.542501 0.000000 8.073942
-0.620001 0.000000 8.073942
-0.620001 0.000000 7.228100
-0.620001 0.000000 7.228100
-0.620001 0.000000 7.228100
-0.697501 0.000000 7.228100
-0.697501 0.076894 7.228100
-0.620001 0.076894 7.228100
-0.620001 0.076894 7.228100
-0.620001 0.076894 7.228100
-0.620001 0.076894 7.228100
-0.542501 0.076894 7.228100
-0.542501 0.076894 7.228100
-0.542501 0.076894 7.228100
-0.542501 0.000000 7.228100
-0.542501 0.000000 7.228100
-0.542501 0.000000 7.228100
-0.620001 0.000000 7.228100
-0.620001 0.000000 7.228100
-0.620001 0.000000 7.228100
-0.620001 0.000000 7.228100
-0.697501 0.000000 7.228100
-0.697501 0.076894 7.228100
-0.620001 0.076894 7.228100
-0.620001 0.076894 7.228100
-0.620001 0.076894 7.228100
-0.620001 0.076894 7.228100
-0.542501 0.076894 7.228100
-0.542501 0.076894 7.228100
-0.542501 0.076894 7.228100
-0.542501 0.000000 7.228100
-0.542501 0.000000 7.228100
-0.542501 0.000000 7.228100
-0.620001 0.000000 7.228100
-2.635005 0.076894 5.305733
-2.635005 0.076894 5.305733
-2.635005 0.076894 5.305733
-2.635005 0.076894 5.305733
-2.635005 0.076894 5.305733
-2.635005 0.076894 5.305733
-2.635005 0.076894 5.305733
-2.635005 0.076894 5.305733
-2.635005 0.076894 5.305733
-2.635005 0.076894 5.305733
-2.635005 0.076894 5.305733
-2.635005 0.076894 5.305733
-2.635005 0.076894 5.305733
-2.635005 0.076894 5.305733
-2.635005 0.076894 5.305733
-2.635005 0.076894 5.305733
-2.635005 -0.155000 5.228838
-2.635005 -0.077500 5.075049
-2.635005 -0.077500 4.921260
-2.635005 0.000000 4.921260
-2.635005 0.076894 4.921260
-2.635005 0.153789 4.921260
-2.635005 0.153789 5.075049
-2.635005 0.230684 5.228838
-2.635005 0.230684 5.382628
-2.635005 0.153789 5.536417
-2.635005 0.153789 5.690207
-2.635005 0.076894 5.690207
-2.635005 0.000000 5.690207
-2.635005 -0.077500 5.690207
-2.635005 -0.077500 5.536417
-2.635005 -0.155000 5.382628
-2.247504 -0.155000 5.536417
-2.247504 -0.077500 5.305733
-2.247504 -0.077500 5.151944
-2.247504 0.000000 5.075049
-2.247504 0.076894 5.075049
-2.247504 0.153789 5.151944
-2.247504 0.153789 5.305733
-2.247504 0.230684 5.536417
-2.247504 0.230684 5.690207
-2.247504 0.153789 5.920891
-2.247504 0.153789 6.074680
-2.247504 0.076894 6.151575
-2.247504 0.000000 6.151575
-2.247504 -0.077500 6.074680
-2.247504 -0.077500 5.920891
-2.247504 -0.155000 5.690207
-1.937504 -0.155000 5.843996
-1.937504 -0.077500 5.536417
-1.937504 -0.077500 5.382628
-1.937504 0.000000 5.305733
-1.937504 0.076894 5.305733
-1.937504 0.153789 5.382628
-1.937504 0.153789 5.536417
-1.937504 0.230684 5.843996
-1.937504 0.230684 6.074680
-1.937504 0.153789 6.305364
-1.937504 0.153789 6.536048
-1.937504 0.076894 6.612943
-1.937504 0.000000 6.612943
-1.937504 -0.077500 6.536048
-1.937504 -0.077500 6.305364
-1.937504 -0.155000 6.074680
-1.472503 -0.155000 6.074680
-1.472503 -0.077500 5.843996
-1.472503 -0.077500 5.613312
-1.472503 0.000000 5.459523
-1.472503 0.076894 5.459523
-1.472503 0.153789 5.613312
-1.472503 0.153789 5.843996
-1.472503 0.230684 6.074680
-1.472503 0.230684 6.382259
-1.472503 0.153789 6.689837
-1.472503 0.153789 6.920522
-1.472503 0.076894 6.997416
-1.472503 0.000000 6.997416
-1.472503 -0.077500 6.920522
-1.472503 -0.077500 6.689837
-1.472503 -0.155000 6.382259
-1.085002 -0.155000 6.305364
-1.085002 -0.077500 5.997786
-1.085002 -0.077500 5.767101
-1.085002 0.000000 5.690207
-1.085002 0.076894 5.690207
-1.085002 0.153789 5.767101
-1.085002 0.153789 5.997786
-1.085002 0.230684 6.305364
-1.085002 0.230684 6.612943
-1.085002 0.153789 6.920522
-1.085002 0.153789 7.151206
-1.085002 0.076894 7.228100
-1.085002 0.000000 7.228100
-1.085002 -0.077500 7.151206
-1.085002 -0.077500 6.920522
-1.085002 -0.155000 6.612943
-0.697501 -0.155000 6.459154
-0.697501 -0.077500 6.151575
-0.697501 -0.077500 5.920891
-0.697501 0.000000 5.843996
-0.697501 0.076894 5.843996
-0.697501 0.153789 5.920891
-0.697501 0.153789 6.151575
-0.697501 0.230684 6.459154
-0.697501 0.230684 6.766732
-0.697501 0.153789 6.997416
-0.697501 0.153789 7.228100
-0.697501 0.076894 7.304995
-0.697501 0.000000 7.304995
-0.697501 -0.077500 7.228100
-0.697501 -0.077500 6.997416
-0.697501 -0.155000 6.766732
-0.387501 -0.155000 6.536048
-0.387501 -0.077500 6.228469
-0.387501 -0.077500 6.074680
-0.387501 0.000000 5.920891
-0.387501 0.076894 5.920891
-0.387501 0.153789 6.074680
-0.387501 0.153789 6.228469
-0.387501 0.230684 6.536048
-0.387501 0.230684 6.766732
-0.387501 0.153789 7.074311
-0.387501 0.153789 7.228100
-0.387501 0.076894 7.304995
-0.387501 0.000000 7.304995
-0.387501 -0.077500 7.228100
-0.387501 -0.077500 7.074311
-0.387501 -0.155000 6.766732
-0.155000 -0.155000 6.459154
-0.155000 -0.077500 6.151575
-0.155000 -0.077500 5.997786
-0.155000 0.000000 5.843996
-0.155000 0.076894 5.843996
-0.155000 0.153789 5.997786
-0.155000 0.153789 6.151575
-0.155000 0.230684 6.459154
-0.155000 0.230684 6.766732
-0.155000 0.153789 6.997416
-0.155000 0.153789 7.228100
-0.155000 0.076894 7.304995
-0.155000 0.000000 7.304995
-0.155000 -0.077500 7.228100
-0.155000 -0.077500 6.997416
-0.155000 -0.155000 6.766732
0.307579 -0.155000 6.305364
0.307579 -0.077500 6.074680
0.307579 -0.077500 5.843996
0.307579 0.000000 5.767101
0.307579 0.076894 5.767101
0.307579 0.153789 5.843996
0.307579 0.153789 6.074680
0.307579 0.230684 6.305364
0.307579 0.230684 6.612943
0.307579 0.153789 6.843627
0.307579 0.153789 7.074311
0.307579 0.076894 7.151206
0.307579 0.000000 7.151206
0.307579 -0.077500 7.074311
0.307579 -0.077500 6.843627
0.307579 -0.155000 6.612943
0.692052 -0.155000 6.151575
0.692052 -0.077500 5.920891
0.692052 -0.077500 5.690207
0.692052 0.000000 5.613312
0.692052 0.076894 5.613312
0.692052 0.153789 5.690207
0.692052 0.153789 5.920891
0.692052 0.230684 6.151575
0.692052 0.230684 6.382259
0.692052 0.153789 6.612943
0.692052 0.153789 6.766732
0.692052 0.076894 6.920522
0.692052 0.000000 6.920522
0.692052 -0.077500 6.766732
0.692052 -0.077500 6.612943
0.692052 -0.155000 6.382259
1.153420 -0.155000 5.843996
1.153420 -0.077500 5.690207
1.153420 -0.077500 5.536417
1.153420 0.000000 5.459523
1.153420 0.076894 5.459523
1.153420 0.153789 5.536417
1.153420 0.153789 5.690207
1.153420 0.230684 5.843996
1.153420 0.230684 6.074680
1.153420 0.153789 6.228469
1.153420 0.153789 6.382259
1.153420 0.076894 6.459154
1.153420 0.000000 6.459154
1.153420 -0.077500 6.382259
1.153420 -0.077500 6.228469
1.153420 -0.155000 6.074680
1.614788 -0.155000 5.613312
1.614788 -0.077500 5.459523
1.614788 -0.077500 5.382628
1.614788 0.000000 5.305733
1.614788 0.076894 5.305733
1.614788 0.153789 5.382628
1.614788 0.153789 5.459523
1.614788 0.230684 5.613312
1.614788 0.230684 5.767101
1.614788 0.153789 5.920891
1.614788 0.153789 5.997786
1.614788 0.076894 6.074680
1.614788 0.000000 6.074680
1.614788 -0.077500 5.997786
1.614788 -0.077500 5.920891
1.614788 -0.155000 5.767101
2.076157 -0.155000 5.382628
2.076157 -0.077500 5.228838
2.076157 -0.077500 5.151944
2.076157 0.000000 5.075049
2.076157 0.076894 5.075049
2.076157 0.153789 5.151944
2.076157 0.153789 5.228838
2.076157 0.230684 5.382628
2.076157 0.230684 5.536417
2.076157 0.153789 5.690207
2.076157 0.153789 5.767101
2.076157 0.076894 5.843996
2.076157 0.000000 5.843996
2.076157 -0.077500 5.767101
2.076157 -0.077500 5.690207
2.076157 -0.155000 5.536417
2.076157 0.076894 5.459523
2.076157 0.076894 5.459523
2.076157 0.076894 5.459523
2.076157 0.076894 5.459523
2.076157 0.076894 5.459523
2.076157 0.076894 5.459523
2.076157 0.076894 5.459523
2.076157 0.076894 5.459523
2.076157 0.076894 5.459523
2.076157 0.076894 5.459523
2.076157 0.076894 5.459523
2.076157 0.076894 5.459523
2.076157 0.076894 5.459523
2.076157 0.076894 5.459523
2.076157 0.076894 5.459523
2.076157 0.076894 5.459523
7.997047 0.076894 1.614788
7.997047 0.076894 1.614788
7.997047 0.076894 1.614788
7.997047 0.076894 1.614788
7.997047 0.076894 1.614788
7.997047 0.076894 1.614788
7.997047 0.076894 1.614788
7.997047 0.076894 1.614788
7.997047 0.076894 1.614788
7.997047 0.076894 1.614788
7.997047 0.076894 1.614788
7.997047 0.076894 1.614788
7.997047 0.076894 1.614788
7.997047 0.076894 1.614788
7.997047 0.076894 1.614788
7.997047 0.076894 1.614788
7.997047 -0.310001 1.691683
7.997047 -0.310001 1.922367
7.997047 -0.232500 1.999262
7.997047 -0.155000 1.999262
7.997047 0.076894 1.999262
7.997047 0.307579 1.999262
7.997047 0.307579 1.999262
7.997047 0.384473 1.845472
7.997047 0.384473 1.537894
7.997047 0.153789 1.307210
7.997047 0.153789 1.230315
7.997047 0.076894 1.230315
7.997047 0.000000 1.230315
7.997047 -0.077500 1.230315
7.997047 -0.077500 1.307210
7.997047 -0.077500 1.384104
7.458785 -0.310001 2.383735
7.458785 -0.310001 3.075788
7.458785 -0.232500 3.229577
7.458785 -0.155000 3.229577
7.458785 0.076894 3.306472
7.458785 0.307579 3.229577
7.458785 0.307579 3.229577
7.458785 0.384473 2.845103
7.458785 0.384473 1.845472
7.458785 0.153789 1.153420
7.458785 0.153789 0.999631
7.458785 0.076894 0.922736
7.458785 0.000000 0.922736
7.458785 -0.077500 0.999631
7.458785 -0.077500 0.999631
7.458785 -0.077500 1.384104
6.920522 -0.310001 2.691314
6.920522 -0.310001 3.767840
6.920522 -0.232500 3.998524
6.920522 -0.155000 4.075418
6.920522 0.076894 4.075418
6.920522 0.307579 3.998524
6.920522 0.307579 3.921629
6.920522 0.384473 3.383366
6.920522 0.384473 1.922367
6.920522 0.153789 0.845842
6.920522 0.153789 0.615157
6.920522 0.076894 0.538263
6.920522 0.000000 0.538263
6.920522 -0.077500 0.615157
6.920522 -0.077500 0.692052
6.920522 -0.077500 1.230315
6.459154 -0.310001 2.691314
6.459154 -0.310001 3.998524
6.459154 -0.232500 4.382997
6.459154 -0.155000 4.382997
6.459154 0.076894 4.459892
6.459154 0.307579 4.382997
6.459154 0.307579 4.306102
6.459154 0.384473 3.537156
6.459154 0.384473 1.768578
6.459154 0.384473 0.538263
6.459154 0.307579 0.230684
6.459154 0.230684 0.153789
6.459154 0.000000 0.153789
6.459154 -0.232500 0.230684
6.459154 -0.232500 0.307579
6.459154 -0.310001 0.999631
5.767101 -0.310001 -0.852502
5.767101 -0.310001 3.306472
5.767101 -0.232500 4.306102
5.767101 -0.155000 4.536787
5.767101 0.076894 4.613681
5.767101 0.307579 4.382997
5.767101 0.307579 3.998524
5.767101 0.384473 1.922367
5.767101 0.384473 -4.107508
5.690207 0.153789 -9.222518
5.613312 0.153789 -9.687519
5.613312 0.076894 -9.765019
5.613312 0.076894 -9.842520
5.613312 0.000000 -9.765019
5.613312 0.000000 -9.532519
5.536417 -0.155000 -6.975014
5.075049 -0.310001 -0.852502
5.075049 -0.310001 3.460261
5.075049 -0.232500 4.536787
5.075049 -0.155000 4.767470
5.075049 0.076894 4.844365
5.075049 0.307579 4.613681
5.075049 0.307579 4.306102
5.075049 0.384473 1.922367
5.075049 0.384473 -4.107508
4.998155 0.153789 -9.222518
4.921260 0.153789 -9.610020
4.921260 0.076894 -9.687519
4.921260 0.076894 -9.765019
4.921260 0.000000 -9.687519
4.921260 0.000000 -9.455019
4.921260 -0.310001 -6.975014
4.459892 -0.310001 -0.852502
4.459892 -0.310001 3.690945
4.459892 -0.232500 4.690576
4.459892 -0.155000 4.921260
4.459892 0.076894 4.998155
4.459892 0.307579 4.844365
4.459892 0.307579 4.459892
4.459892 0.384473 1.999262
4.459892 0.384473 -4.107508
4.382997 0.153789 -9.222518
4.306102 0.153789 -9.532519
4.306102 0.076894 -9.610020
4.306102 0.076894 -9.687519
4.306102 0.000000 -9.610020
4.306102 0.000000 -9.222518
4.306102 -0.310001 -6.897514
3.614050 -0.310001 -0.852502
3.614050 -0.310001 3.921629
3.614050 -0.232500 4.921260
3.614050 -0.155000 5.151944
3.614050 0.076894 5.228838
3.614050 0.307579 5.075049
3.614050 0.307579 4.690576
3.614050 0.384473 1.999262
3.614050 0.384473 -4.107508
3.614050 0.153789 -9.222518
3.537156 0.153789 -9.532519
3.537156 0.076894 -9.610020
3.537156 0.076894 -9.687519
3.537156 0.000000 -9.610020
3.537156 0.000000 -9.222518
3.537156 -0.310001 -6.897514
2.768209 -0.310001 -0.852502
2.768209 -0.310001 4.152313
2.768209 -0.232500 5.228838
2.768209 -0.155000 5.459523
2.768209 0.076894 5.536417
2.768209 0.307579 5.305733
2.768209 0.307579 4.921260
2.768209 0.384473 1.999262
2.768209 0.230684 -4.107508
2.768209 0.153789 -9.222518
2.691314 0.153789 -9.532519
2.691314 0.076894 -9.687519
2.691314 0.076894 -9.687519
2.691314 0.000000 -9.610020
2.691314 0.000000 -9.222518
2.691314 -0.310001 -6.897514
2.076157 -0.310001 -0.775002
2.076157 -0.310001 4.536787
2.076157 -0.232500 5.536417
2.076157 -0.155000 5.767101
2.076157 0.076894 5.843996
2.076157 0.307579 5.613312
2.076157 0.307579 5.228838
2.076157 0.384473 1.999262
2.076157 0.230684 -4.107508
2.076157 0.153789 -9.222518
2.076157 0.153789 -9.610020
2.076157 0.076894 -9.687519
2.076157 0.076894 -9.765019
2.076157 0.000000 -9.610020
2.076157 0.000000 -9.455019
2.076157 -0.310001 -6.897514
1.691683 -0.310001 -0.852502
1.691683 -0.310001 3.998524
1.691683 -0.232500 4.998155
1.691683 -0.155000 5.228838
1.691683 0.076894 5.382628
1.691683 0.307579 5.151944
1.691683 0.307579 4.767470
1.691683 0.384473 1.999262
1.691683 0.230684 -4.107508
1.691683 0.153789 -9.222518
1.691683 0.153789 -9.532519
1.691683 0.076894 -9.610020
1.691683 0.076894 -9.687519
1.691683 0.000000 -9.610020
1.691683 0.000000 -9.222518
1.691683 -0.310001 -6.897514
0.845842 -0.310001 -0.852502
0.845842 -0.310001 3.306472
0.845842 -0.232500 4.306102
0.845842 -0.155000 4.536787
0.845842 0.076894 4.613681
0.845842 0.307579 4.459892
0.845842 0.307579 3.998524
0.845842 0.384473 1.922367
0.845842 0.384473 -4.107508
0.845842 0.153789 -9.222518
0.845842 0.153789 -9.222518
0.845842 0.076894 -9.532519
0.845842 0.076894 -9.532519
0.845842 0.000000 -9.455019
0.845842 0.000000 -9.222518
0.845842 -0.310001 -6.897514
0.000000 -0.310001 -0.852502
0.000000 -0.310001 3.075788
0.000000 -0.232500 3.998524
0.000000 -0.155000 4.306102
0.000000 0.076894 4.382997
0.000000 0.307579 4.075418
0.000000 0.307579 3.767840
0.000000 0.384473 1.922367
0.000000 0.384473 -4.107508
0.000000 0.153789 -9.222518
0.000000 0.153789 -9.222518
0.000000 0.076894 -9.532519
0.000000 0.076894 -9.532519
0.000000 0.000000 -9.455019
0.000000 0.000000 -9.222518
0.000000 -0.310001 -6.897514
-0.852502 -0.310001 -0.852502
-0.852502 -0.310001 3.152682
-0.852502 -0.232500 4.075418
-0.852502 -0.155000 4.382997
-0.852502 0.076894 4.382997
-0.852502 0.307579 4.152313
-0.852502 0.307579 3.844734
-0.852502 0.384473 1.922367
-0.852502 0.384473 -4.107508
-0.852502 0.153789 -9.222518
-0.775002 0.153789 -9.532519
-0.775002 0.076894 -9.610020
-0.775002 0.076894 -9.610020
-0.775002 0.000000 -9.532519
-0.775002 0.000000 -9.222518
-0.775002 -0.310001 -6.897514
-1.782504 -0.155000 -0.852502
-1.782504 -0.310001 3.537156
-1.782504 -0.232500 4.536787
-1.782504 -0.155000 4.767470
-1.782504 0.076894 4.844365
-1.782504 0.307579 4.613681
-1.782504 0.307579 4.306102
-1.782504 0.384473 1.922367
-1.782504 0.384473 -4.107508
-1.782504 0.153789 -9.222518
-1.705003 0.153789 -9.610020
-1.705003 0.076894 -9.687519
-1.705003 0.076894 -9.765019
-1.705003 0.000000 -9.610020
-1.705003 0.000000 -9.455019
-1.705003 -0.310001 -6.897514
-2.712505 -0.155000 -0.852502
-2.712505 -0.310001 4.382997
-2.712505 -0.232500 5.382628
-2.712505 -0.155000 5.613312
-2.712505 0.076894 5.690207
-2.712505 0.307579 5.459523
-2.712505 0.307579 5.075049
-2.712505 0.384473 1.999262
-2.712505 0.384473 -4.107508
-2.635005 0.153789 -9.222518
-2.557505 0.153789 -9.610020
-2.557505 0.076894 -9.687519
-2.557505 0.076894 -9.765019
-2.557505 0.000000 -9.687519
-2.557505 0.000000 -9.455019
-2.480005 -0.310001 -6.897514
-3.642507 -0.310001 -0.852502
-3.642507 -0.310001 3.690945
-3.642507 -0.232500 4.690576
-3.642507 -0.155000 4.921260
-3.642507 0.076894 4.998155
-3.642507 0.307579 4.844365
-3.642507 0.307579 4.459892
-3.642507 0.384473 1.999262
-3.642507 0.384473 -4.107508
-3.565007 0.153789 -9.222518
-3.487507 0.153789 -9.687519
-3.487507 0.076894 -9.765019
-3.487507 0.076894 -9.842520
-3.487507 0.000000 -9.687519
-3.487507 0.000000 -9.532519
-3.410007 -0.310001 -6.975014
-4.417509 -0.310001 -0.852502
-4.417509 -0.310001 3.306472
-4.417509 -0.232500 4.306102
-4.417509 -0.155000 4.536787
-4.417509 0.076894 4.613681
-4.417509 0.307579 4.459892
-4.417509 0.307579 3.998524
-4.417509 0.384473 1.922367
-4.417509 0.384473 -4.107508
-4.340009 0.153789 -9.222518
-4.262508 0.153789 -9.687519
-4.262508 0.076894 -9.842520
-4.262508 0.076894 -9.842520
-4.262508 0.000000 -9.765019
-4.262508 0.000000 -9.610020
-4.185009 -0.310001 -6.975014
-5.115010 -0.310001 1.922367
-5.115010 -0.310001 3.614050
-5.115010 -0.232500 4.152313
-5.115010 -0.155000 4.306102
-5.115010 0.076894 4.382997
-5.115010 0.307579 4.306102
-5.115010 0.307579 3.998524
-5.115010 0.384473 2.691314
-5.115010 0.384473 -0.852502
-5.115010 0.384473 -3.100006
-5.115010 0.307579 -3.642507
-5.115010 0.230684 -3.720007
-5.115010 0.000000 -3.797508
-5.115010 -0.232500 -3.720007
-5.115010 -0.232500 -3.487507
-5.115010 -0.310001 -0.930002
-5.890012 -0.310001 2.153051
-5.890012 -0.310001 3.537156
-5.890012 -0.232500 3.844734
-5.890012 -0.155000 3.921629
-5.890012 0.076894 3.921629
-5.890012 0.307579 3.921629
-5.890012 0.307579 3.767840
-5.890012 0.384473 2.998893
-5.890012 0.230684 1.153420
-5.890012 0.384473 -0.232500
-5.890012 0.307579 -0.542501
-5.890012 0.230684 -0.620001
-5.890012 0.000000 -0.620001
-5.890012 -0.232500 -0.542501
-5.890012 -0.232500 -0.465001
-5.890012 -0.310001 0.307579
-6.742513 -0.155000 2.229946
-6.742513 -0.310001 3.229577
-6.742513 -0.232500 3.460261
-6.742513 -0.155000 3.537156
-6.742513 0.076894 3.537156
-6.742513 0.307579 3.460261
-6.742513 0.307579 3.383366
-6.742513 0.384473 2.845103
-6.742513 0.153789 1.460999
-6.742513 0.153789 0.461368
-6.742513 0.153789 0.230684
-6.742513 0.153789 0.153789
-6.742513 0.000000 0.153789
-6.742513 -0.077500 0.230684
-6.742513 -0.077500 0.307579
-6.742513 -0.077500 0.845842
-7.517515 -0.155000 1.999262
-7.517515 -0.155000 2.768209
-7.517515 -0.155000 2.845103
-7.517515 -0.077500 2.921998
-7.517515 0.076894 2.921998
-7.517515 0.230684 2.921998
-7.517515 0.230684 2.845103
-7.517515 0.230684 2.460630
-7.517515 0.153789 1.460999
-7.517515 0.153789 0.768947
-7.517515 0.153789 0.615157
-7.517515 0.153789 0.615157
-7.517515 0.000000 0.615157
-7.517515 -0.077500 0.615157
-7.517515 -0.077500 0.692052
-7.517515 -0.077500 1.076526
-7.982516 -0.077500 1.153420
-7.982516 -0.077500 1.307210
-7.982516 -0.077500 1.384104
-7.982516 -0.077500 1.384104
-7.982516 0.076894 1.384104
-7.982516 0.153789 1.384104
-7.982516 0.153789 1.307210
-7.982516 0.153789 1.230315
-7.982516 0.153789 0.999631
-7.982516 0.153789 0.845842
-7.982516 0.153789 0.768947
-7.982516 0.153789 0.768947
-7.982516 0.000000 0.768947
-7.982516 -0.077500 0.768947
-7.982516 -0.077500 0.768947
-7.982516 -0.077500 0.845842
-7.982516 0.076894 1.076526
-7.982516 0.076894 1.076526
-7.982516 0.076894 1.076526
-7.982516 0.076894 1.076526
-7.982516 0.076894 1.076526
-7.982516 0.076894 1.076526
-7.982516 0.076894 1.076526
-7.982516 0.076894 1.076526
-7.982516 0.076894 1.076526
-7.982516 0.076894 1.076526
-7.982516 0.076894 1.076526
-7.982516 0.076894 1.076526
-7.982516 0.076894 1.076526
-7.982516 0.076894 1.076526
-7.982516 0.076894 1.076526
-7.982516 0.076894 1.076526
-7.982516 0.076894 1.076526
-7.982516 0.076894 1.076526
-7.982516 0.076894 1.076526
-7.982516 0.076894 1.076526
-7.982516 0.076894 1.076526
-7.982516 0.076894 1.076526
-7.982516 0.076894 1.076526
-7.982516 0.076894 1.076526
-7.982516 0.076894 1.076526
-7.982516 0.076894 1.076526
-7.982516 0.076894 1.076526
-7.982516 0.076894 1.076526
-7.982516 0.076894 1.076526
-7.982516 0.076894 1.076526
-7.982516 0.076894 1.076526
-7.982516 0.076894 1.076526
</float_array>
          <technique_common>
            <accessor source="#MB_T_ShirtHanger_bmp001-lib-Position-array" count="1040" stride="3">
              <param name="X" type="float"/>
              <param name="Y" type="float"/>
              <param name="Z" type="float"/>
            </accessor>
          </technique_common>
        </source>
        <source id="MB_T_ShirtHanger_bmp001-lib-Normal0">
          <float_array id="MB_T_ShirtHanger_bmp001-lib-Normal0-array" count="12288">
0.923879 0.000000 -0.382685
0.707107 -0.500002 -0.499998
0.599228 -0.744296 -0.294871
0.909969 -0.399621 -0.110721
0.707107 -0.500002 -0.499998
0.707107 -0.500002 -0.499998
0.530845 -0.834609 -0.147076
0.599228 -0.744296 -0.294871
0.707107 -0.500002 -0.499998
0.850650 0.000000 -0.525732
0.897221 -0.440984 0.022991
0.530845 -0.834609 -0.147076
0.850650 0.000000 -0.525732
0.850650 0.000000 -0.525732
0.904236 0.419732 -0.078623
0.897221 -0.440984 0.022991
0.850650 0.000000 -0.525732
0.707107 0.707107 0.000000
0.532310 0.846549 0.000000
0.904236 0.419732 -0.078623
0.707107 0.707107 0.000000
0.707107 0.707107 0.000000
0.554699 0.832051 0.000000
0.532310 0.846549 0.000000
0.707107 0.707107 0.000000
1.000000 0.000000 0.000000
0.894429 0.447211 0.000000
0.554699 0.832051 0.000000
1.000000 0.000000 0.000000
1.000000 0.000000 0.000000
0.800000 0.600001 0.000000
0.894429 0.447211 0.000000
1.000000 0.000000 0.000000
1.000000 0.000000 0.000000
0.948683 0.316228 0.000000
0.800000 0.600001 0.000000
1.000000 0.000000 0.000000
1.000000 0.000000 0.000000
1.000000 0.000000 0.000000
0.948683 0.316228 0.000000
1.000000 0.000000 0.000000
1.000000 0.000000 0.000000
0.955591 0.000000 -0.294695
1.000000 0.000000 0.000000
1.000000 0.000000 0.000000
1.000000 0.000000 0.000000
0.877404 0.000000 -0.479752
0.955591 0.000000 -0.294695
1.000000 0.000000 0.000000
1.000000 0.000000 0.000000
1.000000 0.000000 0.000000
0.877404 0.000000 -0.479752
1.000000 0.000000 0.000000
1.000000 0.000000 0.000000
0.948683 -0.316228 0.000000
1.000000 0.000000 0.000000
1.000000 0.000000 0.000000
0.923879 0.000000 -0.382685
0.717282 -0.630263 -0.297110
0.948683 -0.316228 0.000000
0.923879 0.000000 -0.382685
0.923879 0.000000 -0.382685
0.909969 -0.399621 -0.110721
0.717282 -0.630263 -0.297110
0.909969 -0.399621 -0.110721
0.599228 -0.744296 -0.294871
0.707107 -0.707107 0.000000
0.707107 -0.707107 0.000000
0.599228 -0.744296 -0.294871
0.530845 -0.834609 -0.147076
0.360146 -0.932896 0.000000
0.707107 -0.707107 0.000000
0.530845 -0.834609 -0.147076
0.897221 -0.440984 0.022991
0.541149 -0.745002 0.390038
0.360146 -0.932896 0.000000
0.897221 -0.440984 0.022991
0.904236 0.419732 -0.078623
0.541149 0.745002 0.390038
0.541149 -0.745002 0.390038
0.904236 0.419732 -0.078623
0.532310 0.846549 0.000000
0.360146 0.932896 0.000000
0.541149 0.745002 0.390038
0.532310 0.846549 0.000000
0.554699 0.832051 0.000000
0.707107 0.707107 0.000000
0.360146 0.932896 0.000000
0.554699 0.832051 0.000000
0.894429 0.447211 0.000000
0.707107 0.707107 0.000000
0.707107 0.707107 0.000000
0.894429 0.447211 0.000000
0.800000 0.600001 0.000000
0.371551 0.928413 0.000000
0.707107 0.707107 0.000000
0.800000 0.600001 0.000000
0.948683 0.316228 0.000000
0.336638 0.941634 0.000000
0.371551 0.928413 0.000000
0.948683 0.316228 0.000000
1.000000 0.000000 0.000000
0.948683 0.316228 0.000000
0.336638 0.941634 0.000000
1.000000 0.000000 0.000000
0.955591 0.000000 -0.294695
0.383591 0.000000 -0.923503
0.948683 0.316228 0.000000
0.955591 0.000000 -0.294695
0.877404 0.000000 -0.479752
0.383591 0.000000 -0.923503
0.383591 0.000000 -0.923503
0.877404 0.000000 -0.479752
1.000000 0.000000 0.000000
0.948683 -0.316228 0.000000
0.383591 0.000000 -0.923503
1.000000 0.000000 0.000000
0.948683 -0.316228 0.000000
0.336638 -0.941634 0.000000
0.948683 -0.316228 0.000000
0.948683 -0.316228 0.000000
0.717282 -0.630263 -0.297110
0.371551 -0.928413 0.000000
0.336638 -0.941634 0.000000
0.717282 -0.630263 -0.297110
0.909969 -0.399621 -0.110721
0.707107 -0.707107 0.000000
0.371551 -0.928413 0.000000
0.707107 -0.707107 0.000000
0.707107 -0.707107 0.000000
0.744650 -0.667455 0.000000
0.297802 -0.954628 0.000000
0.707107 -0.707107 0.000000
0.360146 -0.932896 0.000000
0.671447 -0.741053 0.000000
0.744650 -0.667455 0.000000
0.360146 -0.932896 0.000000
0.541149 -0.745002 0.390038
0.566672 -0.653304 0.502071
0.671447 -0.741053 0.000000
0.541149 -0.745002 0.390038
0.541149 0.745002 0.390038
0.566672 0.653304 0.502071
0.566672 -0.653304 0.502071
0.541149 0.745002 0.390038
0.360146 0.932896 0.000000
0.671447 0.741053 0.000000
0.566672 0.653304 0.502071
0.360146 0.932896 0.000000
0.707107 0.707107 0.000000
0.744650 0.667455 0.000000
0.671447 0.741053 0.000000
0.707107 0.707107 0.000000
0.707107 0.707107 0.000000
0.297802 0.954628 0.000000
0.744650 0.667455 0.000000
0.707107 0.707107 0.000000
0.371551 0.928413 0.000000
0.346796 0.937940 0.000000
0.297802 0.954628 0.000000
0.371551 0.928413 0.000000
0.336638 0.941634 0.000000
0.000000 1.000000 0.000000
0.346796 0.937940 0.000000
0.336638 0.941634 0.000000
0.948683 0.316228 0.000000
0.671949 0.740598 0.000000
0.000000 1.000000 0.000000
0.948683 0.316228 0.000000
0.383591 0.000000 -0.923503
0.468397 0.000000 -0.883518
0.671949 0.740598 0.000000
0.383591 0.000000 -0.923503
0.383591 0.000000 -0.923503
0.468397 0.000000 -0.883518
0.468397 0.000000 -0.883518
0.383591 0.000000 -0.923503
0.948683 -0.316228 0.000000
0.671949 -0.740598 0.000000
0.468397 0.000000 -0.883518
0.948683 -0.316228 0.000000
0.336638 -0.941634 0.000000
0.000000 -1.000000 0.000000
0.671949 -0.740598 0.000000
0.336638 -0.941634 0.000000
0.371551 -0.928413 0.000000
0.346796 -0.937940 0.000000
0.000000 -1.000000 0.000000
0.371551 -0.928413 0.000000
0.707107 -0.707107 0.000000
0.297802 -0.954628 0.000000
0.346796 -0.937940 0.000000
0.297802 -0.954628 0.000000
0.744650 -0.667455 0.000000
0.412354 -0.911023 0.000000
0.000000 -1.000000 0.000000
0.744650 -0.667455 0.000000
0.671447 -0.741053 0.000000
0.707107 -0.707107 0.000000
0.412354 -0.911023 0.000000
0.671447 -0.741053 0.000000
0.566672 -0.653304 0.502071
0.706751 -0.354065 0.612488
0.707107 -0.707107 0.000000
0.566672 -0.653304 0.502071
0.566672 0.653304 0.502071
0.706751 0.354065 0.612488
0.706751 -0.354065 0.612488
0.566672 0.653304 0.502071
0.671447 0.741053 0.000000
0.707107 0.707107 0.000000
0.706751 0.354065 0.612488
0.671447 0.741053 0.000000
0.744650 0.667455 0.000000
0.412354 0.911023 0.000000
0.707107 0.707107 0.000000
0.744650 0.667455 0.000000
0.297802 0.954628 0.000000
0.000000 1.000000 0.000000
0.412354 0.911023 0.000000
0.297802 0.954628 0.000000
0.346796 0.937940 0.000000
0.000000 1.000000 0.000000
0.000000 1.000000 0.000000
0.346796 0.937940 0.000000
0.000000 1.000000 0.000000
0.000000 1.000000 0.000000
0.000000 1.000000 0.000000
0.000000 1.000000 0.000000
0.671949 0.740598 0.000000
0.707107 0.707107 0.000000
0.000000 1.000000 0.000000
0.671949 0.740598 0.000000
0.468397 0.000000 -0.883518
0.527061 0.000000 -0.849827
0.707107 0.707107 0.000000
0.468397 0.000000 -0.883518
0.468397 0.000000 -0.883518
0.527062 0.000000 -0.849827
0.527061 0.000000 -0.849827
0.468397 0.000000 -0.883518
0.671949 -0.740598 0.000000
0.707107 -0.707107 0.000000
0.527062 0.000000 -0.849827
0.671949 -0.740598 0.000000
0.000000 -1.000000 0.000000
0.000000 -1.000000 0.000000
0.707107 -0.707107 0.000000
0.000000 -1.000000 0.000000
0.346796 -0.937940 0.000000
0.000000 -1.000000 0.000000
0.000000 -1.000000 0.000000
0.346796 -0.937940 0.000000
0.297802 -0.954628 0.000000
0.000000 -1.000000 0.000000
0.000000 -1.000000 0.000000
0.000000 -1.000000 0.000000
0.412354 -0.911023 0.000000
0.346544 -0.938034 0.000000
0.346544 -0.938034 0.000000
0.412354 -0.911023 0.000000
0.707107 -0.707107 0.000000
0.760657 -0.649154 0.000000
0.346544 -0.938034 0.000000
0.707107 -0.707107 0.000000
0.706751 -0.354065 0.612488
0.790195 0.000000 0.612855
0.760657 -0.649154 0.000000
0.706751 -0.354065 0.612488
0.706751 0.354065 0.612488
0.790195 0.000000 0.612855
0.790195 0.000000 0.612855
0.706751 0.354065 0.612488
0.707107 0.707107 0.000000
0.760657 0.649154 0.000000
0.790195 0.000000 0.612855
0.707107 0.707107 0.000000
0.412354 0.911023 0.000000
0.346544 0.938034 0.000000
0.760657 0.649154 0.000000
0.412354 0.911023 0.000000
0.000000 1.000000 0.000000
0.346544 0.938034 0.000000
0.346544 0.938034 0.000000
0.000000 1.000000 0.000000
0.000000 1.000000 0.000000
0.000000 1.000000 0.000000
0.346544 0.938034 0.000000
0.000000 1.000000 0.000000
0.000000 1.000000 0.000000
0.000063 1.000000 0.000000
0.000000 1.000000 0.000000
0.000000 1.000000 0.000000
0.707107 0.707107 0.000000
0.997325 0.073098 0.000000
0.000063 1.000000 0.000000
0.707107 0.707107 0.000000
0.527061 0.000000 -0.849827
0.634327 0.000000 -0.773065
0.997325 0.073098 0.000000
0.527061 0.000000 -0.849827
0.527062 0.000000 -0.849827
0.634327 0.000000 -0.773065
0.634327 0.000000 -0.773065
0.527062 0.000000 -0.849827
0.707107 -0.707107 0.000000
0.997325 -0.073098 0.000000
0.634327 0.000000 -0.773065
0.707107 -0.707107 0.000000
0.000000 -1.000000 0.000000
0.000063 -1.000000 0.000000
0.997325 -0.073098 0.000000
0.000000 -1.000000 0.000000
0.000000 -1.000000 0.000000
0.000000 -1.000000 0.000000
0.000063 -1.000000 0.000000
0.000000 -1.000000 0.000000
0.000000 -1.000000 0.000000
0.346544 -0.938034 0.000000
0.000000 -1.000000 0.000000
0.346544 -0.938034 0.000000
0.346544 -0.938034 0.000000
0.707107 -0.707107 0.000000
0.707107 -0.707107 0.000000
0.346544 -0.938034 0.000000
0.760657 -0.649154 0.000000
0.355644 -0.934621 0.000000
0.707107 -0.707107 0.000000
0.760657 -0.649154 0.000000
0.790195 0.000000 0.612855
0.408248 -0.408248 0.816497
0.355644 -0.934621 0.000000
0.790195 0.000000 0.612855
0.790195 0.000000 0.612855
0.408248 0.408248 0.816497
0.408248 -0.408248 0.816497
0.790195 0.000000 0.612855
0.760657 0.649154 0.000000
0.355644 0.934621 0.000000
0.408248 0.408248 0.816497
0.760657 0.649154 0.000000
0.346544 0.938034 0.000000
0.707107 0.707107 0.000000
0.355644 0.934621 0.000000
0.346544 0.938034 0.000000
0.346544 0.938034 0.000000
0.707107 0.707107 0.000000
0.707107 0.707107 0.000000
0.346544 0.938034 0.000000
0.000000 1.000000 0.000000
0.000000 1.000000 0.000000
0.707107 0.707107 0.000000
0.000000 1.000000 0.000000
0.000063 1.000000 0.000000
0.316228 0.948683 0.000000
0.000000 1.000000 0.000000
0.000063 1.000000 0.000000
0.997325 0.073098 0.000000
0.948683 0.316228 0.000000
0.316228 0.948683 0.000000
0.997325 0.073098 0.000000
0.634327 0.000000 -0.773065
0.790195 0.000000 -0.612855
0.948683 0.316228 0.000000
0.634327 0.000000 -0.773065
0.634327 0.000000 -0.773065
0.790195 0.000000 -0.612855
0.790195 0.000000 -0.612855
0.634327 0.000000 -0.773065
0.997325 -0.073098 0.000000
0.948683 -0.316228 0.000000
0.790195 0.000000 -0.612855
0.997325 -0.073098 0.000000
0.000063 -1.000000 0.000000
0.316228 -0.948683 0.000000
0.948683 -0.316228 0.000000
0.000063 -1.000000 0.000000
0.000000 -1.000000 0.000000
0.000000 -1.000000 0.000000
0.316228 -0.948683 0.000000
0.000000 -1.000000 0.000000
0.346544 -0.938034 0.000000
0.707107 -0.707107 0.000000
0.000000 -1.000000 0.000000
0.707107 -0.707107 0.000000
0.707107 -0.707107 0.000000
0.816497 -0.408248 0.408248
0.752459 -0.653772 -0.079922
0.707107 -0.707107 0.000000
0.355644 -0.934621 0.000000
0.000000 -0.934621 0.355644
0.816497 -0.408248 0.408248
0.355644 -0.934621 0.000000
0.408248 -0.408248 0.816497
-0.219479 -0.647654 0.729640
0.000000 -0.934621 0.355644
0.408248 -0.408248 0.816497
0.408248 0.408248 0.816497
-0.219479 0.647654 0.729640
-0.219479 -0.647654 0.729640
0.408248 0.408248 0.816497
0.355644 0.934621 0.000000
0.355644 0.934621 0.000000
-0.219479 0.647654 0.729640
0.355644 0.934621 0.000000
0.707107 0.707107 0.000000
0.948683 0.316228 0.000000
0.355644 0.934621 0.000000
0.707107 0.707107 0.000000
0.707107 0.707107 0.000000
0.692869 0.709571 -0.128224
0.948683 0.316228 0.000000
0.707107 0.707107 0.000000
0.000000 1.000000 0.000000
-0.039726 0.902027 -0.429849
0.692869 0.709571 -0.128224
0.000000 1.000000 0.000000
0.316228 0.948683 0.000000
-0.063686 0.996740 -0.049539
-0.039726 0.902027 -0.429849
0.316228 0.948683 0.000000
0.948683 0.316228 0.000000
0.184318 0.943050 0.276919
-0.063686 0.996740 -0.049539
0.948683 0.316228 0.000000
0.790195 0.000000 -0.612855
0.750928 0.337779 -0.567461
0.184318 0.943050 0.276919
0.790195 0.000000 -0.612855
0.790195 0.000000 -0.612855
0.642213 -0.365223 -0.673925
0.750928 0.337779 -0.567461
0.790195 0.000000 -0.612855
0.948683 -0.316228 0.000000
0.346544 -0.938034 0.000000
0.642213 -0.365223 -0.673925
0.948683 -0.316228 0.000000
0.316228 -0.948683 0.000000
0.000000 -1.000000 0.000000
0.346544 -0.938034 0.000000
0.316228 -0.948683 0.000000
0.000000 -1.000000 0.000000
0.077146 -0.993983 -0.077753
0.000000 -1.000000 0.000000
0.000000 -1.000000 0.000000
0.707107 -0.707107 0.000000
0.752459 -0.653772 -0.079922
0.077146 -0.993983 -0.077753
0.752459 -0.653772 -0.079922
0.816497 -0.408248 0.408248
0.800517 -0.330371 0.500028
0.896420 -0.425988 -0.122330
0.816497 -0.408248 0.408248
0.000000 -0.934621 0.355644
0.188223 -0.815462 0.547351
0.800517 -0.330371 0.500028
0.000000 -0.934621 0.355644
-0.219479 -0.647654 0.729640
-0.137851 -0.538441 0.831312
0.188223 -0.815462 0.547351
-0.219479 -0.647654 0.729640
-0.219479 0.647654 0.729640
-0.137851 0.538441 0.831312
-0.137851 -0.538441 0.831312
-0.219479 0.647654 0.729640
0.355644 0.934621 0.000000
0.707107 0.707107 0.000000
-0.137851 0.538441 0.831312
0.355644 0.934621 0.000000
0.948683 0.316228 0.000000
0.948683 0.316228 0.000000
0.707107 0.707107 0.000000
0.948683 0.316228 0.000000
0.692869 0.709571 -0.128224
0.873614 0.475617 -0.102897
0.948683 0.316228 0.000000
0.692869 0.709571 -0.128224
-0.039726 0.902027 -0.429849
0.301114 0.907076 -0.294183
0.873614 0.475617 -0.102897
-0.039726 0.902027 -0.429849
-0.063686 0.996740 -0.049539
0.490547 0.834937 -0.249486
0.301114 0.907076 -0.294183
-0.063686 0.996740 -0.049539
0.184318 0.943050 0.276919
0.154970 0.900116 0.407156
0.490547 0.834937 -0.249486
0.184318 0.943050 0.276919
0.750928 0.337779 -0.567461
0.041674 0.976030 -0.213610
0.154970 0.900116 0.407156
0.750928 0.337779 -0.567461
0.642213 -0.365223 -0.673925
0.338440 -0.762461 -0.551464
0.041674 0.976030 -0.213610
0.642213 -0.365223 -0.673925
0.346544 -0.938034 0.000000
0.399139 -0.916890 0.000000
0.338440 -0.762461 -0.551464
0.346544 -0.938034 0.000000
0.000000 -1.000000 0.000000
0.316228 -0.948683 0.000000
0.399139 -0.916890 0.000000
0.000000 -1.000000 0.000000
0.077146 -0.993983 -0.077753
0.102171 -0.983680 -0.148105
0.316228 -0.948683 0.000000
0.077146 -0.993983 -0.077753
0.752459 -0.653772 -0.079922
0.896420 -0.425988 -0.122330
0.102171 -0.983680 -0.148105
0.896420 -0.425988 -0.122330
0.800517 -0.330371 0.500028
0.708344 -0.702930 0.064322
0.683612 -0.725301 -0.081317
0.800517 -0.330371 0.500028
0.188223 -0.815462 0.547351
0.685636 -0.721681 0.095285
0.708344 -0.702930 0.064322
0.188223 -0.815462 0.547351
-0.137851 -0.538441 0.831312
0.320335 0.000000 0.947304
0.685636 -0.721681 0.095285
-0.137851 -0.538441 0.831312
-0.137851 0.538441 0.831312
0.320335 0.000000 0.947305
0.320335 0.000000 0.947304
-0.137851 0.538441 0.831312
0.707107 0.707107 0.000000
0.761218 0.648496 0.000000
0.320335 0.000000 0.947305
0.707107 0.707107 0.000000
0.948683 0.316228 0.000000
0.761218 0.648496 0.000000
0.761218 0.648496 0.000000
0.948683 0.316228 0.000000
0.873614 0.475617 -0.102897
0.728329 0.685228 0.000000
0.761218 0.648496 0.000000
0.873614 0.475617 -0.102897
0.301114 0.907076 -0.294183
0.442996 0.896524 0.000000
0.728329 0.685228 0.000000
0.301114 0.907076 -0.294183
0.490547 0.834937 -0.249486
0.417803 0.908538 0.000000
0.442996 0.896524 0.000000
0.490547 0.834937 -0.249486
0.154970 0.900116 0.407156
0.646671 0.716155 0.262562
0.417803 0.908538 0.000000
0.154970 0.900116 0.407156
0.041674 0.976030 -0.213610
0.926733 0.265172 -0.266175
0.646671 0.716155 0.262562
0.041674 0.976030 -0.213610
0.338440 -0.762461 -0.551464
0.861411 -0.331651 -0.384681
0.926733 0.265172 -0.266175
0.338440 -0.762461 -0.551464
0.399139 -0.916890 0.000000
0.707107 -0.707107 0.000000
0.861411 -0.331651 -0.384681
0.399139 -0.916890 0.000000
0.316228 -0.948683 0.000000
0.336905 -0.941539 0.000000
0.707107 -0.707107 0.000000
0.316228 -0.948683 0.000000
0.102171 -0.983680 -0.148105
0.059513 -0.990993 -0.119963
0.336905 -0.941539 0.000000
0.102171 -0.983680 -0.148105
0.896420 -0.425988 -0.122330
0.683612 -0.725301 -0.081317
0.059513 -0.990993 -0.119963
0.683612 -0.725301 -0.081317
0.708344 -0.702930 0.064322
0.948683 -0.316228 0.000000
0.800480 -0.599360 0.000000
0.708344 -0.702930 0.064322
0.685636 -0.721681 0.095285
0.707107 -0.707107 0.000000
0.948683 -0.316228 0.000000
0.685636 -0.721681 0.095285
0.320335 0.000000 0.947304
-0.554775 -0.659699 0.506973
0.707107 -0.707107 0.000000
0.320335 0.000000 0.947304
0.320335 0.000000 0.947305
-0.554775 0.659700 0.506973
-0.554775 -0.659699 0.506973
0.320335 0.000000 0.947305
0.761218 0.648496 0.000000
0.707107 0.707107 0.000000
-0.554775 0.659700 0.506973
0.761218 0.648496 0.000000
0.761218 0.648496 0.000000
0.948683 0.316228 0.000000
0.707107 0.707107 0.000000
0.761218 0.648496 0.000000
0.728329 0.685228 0.000000
0.800480 0.599360 0.000000
0.948683 0.316228 0.000000
0.728329 0.685228 0.000000
0.442996 0.896524 0.000000
0.000000 1.000000 0.000000
0.800480 0.599360 0.000000
0.442996 0.896524 0.000000
0.417803 0.908538 0.000000
0.000000 1.000000 0.000000
0.000000 1.000000 0.000000
0.417803 0.908538 0.000000
0.646671 0.716155 0.262562
0.707106 0.707107 0.000000
0.000000 1.000000 0.000000
0.646671 0.716155 0.262562
0.926733 0.265172 -0.266175
0.972886 0.000000 -0.231283
0.707106 0.707107 0.000000
0.926733 0.265172 -0.266175
0.861411 -0.331651 -0.384681
0.972886 0.000000 -0.231283
0.972886 0.000000 -0.231283
0.861411 -0.331651 -0.384681
0.707107 -0.707107 0.000000
0.707107 -0.707107 0.000000
0.972886 0.000000 -0.231283
0.707107 -0.707107 0.000000
0.336905 -0.941539 0.000000
0.000000 -1.000000 0.000000
0.707107 -0.707107 0.000000
0.336905 -0.941539 0.000000
0.059513 -0.990993 -0.119963
0.000000 -1.000000 0.000000
0.000000 -1.000000 0.000000
0.059513 -0.990993 -0.119963
0.683612 -0.725301 -0.081317
0.800480 -0.599360 0.000000
0.000000 -1.000000 0.000000
0.800480 -0.599360 0.000000
0.948683 -0.316228 0.000000
1.000000 0.000000 0.000000
0.707107 -0.707107 0.000000
0.948683 -0.316228 0.000000
0.707107 -0.707107 0.000000
0.707107 -0.707107 0.000000
1.000000 0.000000 0.000000
0.707107 -0.707107 0.000000
-0.554775 -0.659699 0.506973
-0.732120 -0.658566 0.174046
0.707107 -0.707107 0.000000
-0.554775 -0.659699 0.506973
-0.554775 0.659700 0.506973
-0.732120 0.658566 0.174046
-0.732120 -0.658566 0.174046
-0.554775 0.659700 0.506973
0.707107 0.707107 0.000000
0.707107 0.707107 0.000000
-0.732120 0.658566 0.174046
0.707107 0.707107 0.000000
0.948683 0.316228 0.000000
1.000000 0.000000 0.000000
0.707107 0.707107 0.000000
0.948683 0.316228 0.000000
0.800480 0.599360 0.000000
0.707107 0.707107 0.000000
1.000000 0.000000 0.000000
0.800480 0.599360 0.000000
0.000000 1.000000 0.000000
0.707107 0.707107 0.000000
0.707107 0.707107 0.000000
0.000000 1.000000 0.000000
0.000000 1.000000 0.000000
0.316228 0.948683 0.000000
0.707107 0.707107 0.000000
0.000000 1.000000 0.000000
0.707106 0.707107 0.000000
0.948683 0.316228 0.000000
0.316228 0.948683 0.000000
0.707106 0.707107 0.000000
0.972886 0.000000 -0.231283
0.993385 0.000000 -0.114833
0.948683 0.316228 0.000000
0.972886 0.000000 -0.231283
0.972886 0.000000 -0.231283
0.993385 0.000000 -0.114833
0.993385 0.000000 -0.114833
0.972886 0.000000 -0.231283
0.707107 -0.707107 0.000000
0.948683 -0.316228 0.000000
0.993385 0.000000 -0.114833
0.707107 -0.707107 0.000000
0.000000 -1.000000 0.000000
0.316228 -0.948683 0.000000
0.948683 -0.316228 0.000000
0.000000 -1.000000 0.000000
0.000000 -1.000000 0.000000
0.707107 -0.707107 0.000000
0.316228 -0.948683 0.000000
0.000000 -1.000000 0.000000
0.800480 -0.599360 0.000000
0.707107 -0.707107 0.000000
0.707107 -0.707107 0.000000
0.707107 -0.707107 0.000000
1.000000 0.000000 0.000000
0.948683 -0.316228 0.000000
0.948683 -0.316228 0.000000
1.000000 0.000000 0.000000
0.707107 -0.707107 0.000000
0.707107 -0.707107 0.000000
0.948683 -0.316228 0.000000
0.707107 -0.707107 0.000000
-0.732120 -0.658566 0.174046
-0.727248 -0.680421 -0.090212
0.707107 -0.707107 0.000000
-0.732120 -0.658566 0.174046
-0.732120 0.658566 0.174046
-0.727248 0.680420 -0.090212
-0.727248 -0.680421 -0.090212
-0.732120 0.658566 0.174046
0.707107 0.707107 0.000000
0.707107 0.707107 0.000000
-0.727248 0.680420 -0.090212
0.707107 0.707107 0.000000
1.000000 0.000000 0.000000
0.948683 0.316228 0.000000
0.707107 0.707107 0.000000
1.000000 0.000000 0.000000
0.707107 0.707107 0.000000
0.948683 0.316228 0.000000
0.948683 0.316228 0.000000
0.707107 0.707107 0.000000
0.707107 0.707107 0.000000
0.744466 0.667661 0.000000
0.948683 0.316228 0.000000
0.707107 0.707107 0.000000
0.316228 0.948683 0.000000
0.297738 0.954648 0.000000
0.744466 0.667661 0.000000
0.316228 0.948683 0.000000
0.948683 0.316228 0.000000
0.948683 0.316228 0.000000
0.297738 0.954648 0.000000
0.948683 0.316228 0.000000
0.993385 0.000000 -0.114833
0.993385 0.000000 0.114833
0.948683 0.316228 0.000000
0.993385 0.000000 -0.114833
0.993385 0.000000 -0.114833
0.993385 0.000000 0.114833
0.993385 0.000000 0.114833
0.993385 0.000000 -0.114833
0.948683 -0.316228 0.000000
0.948683 -0.316228 0.000000
0.993385 0.000000 0.114833
0.948683 -0.316228 0.000000
0.316228 -0.948683 0.000000
0.297738 -0.954648 0.000000
0.948683 -0.316228 0.000000
0.316228 -0.948683 0.000000
0.707107 -0.707107 0.000000
0.744466 -0.667661 0.000000
0.297738 -0.954648 0.000000
0.707107 -0.707107 0.000000
0.707107 -0.707107 0.000000
0.948683 -0.316228 0.000000
0.744466 -0.667661 0.000000
0.948683 -0.316228 0.000000
0.948683 -0.316228 0.000000
0.707107 -0.707107 0.000000
0.300817 -0.953682 0.000000
0.948683 -0.316228 0.000000
0.707107 -0.707107 0.000000
0.000000 -1.000000 0.000000
0.707107 -0.707107 0.000000
0.707107 -0.707107 0.000000
-0.727248 -0.680421 -0.090212
-0.602772 -0.720149 -0.343585
0.000000 -1.000000 0.000000
-0.727248 -0.680421 -0.090212
-0.727248 0.680420 -0.090212
-0.602772 0.720149 -0.343585
-0.602772 -0.720149 -0.343585
-0.727248 0.680420 -0.090212
0.707107 0.707107 0.000000
0.000000 1.000000 0.000000
-0.602772 0.720149 -0.343585
0.707107 0.707107 0.000000
0.948683 0.316228 0.000000
0.707107 0.707107 0.000000
0.000000 1.000000 0.000000
0.948683 0.316228 0.000000
0.948683 0.316228 0.000000
0.300817 0.953682 0.000000
0.707107 0.707107 0.000000
0.948683 0.316228 0.000000
0.744466 0.667661 0.000000
0.361598 0.932334 0.000000
0.300817 0.953682 0.000000
0.744466 0.667661 0.000000
0.297738 0.954648 0.000000
0.000000 1.000000 0.000000
0.361598 0.932334 0.000000
0.297738 0.954648 0.000000
0.948683 0.316228 0.000000
0.693200 0.720745 0.000000
0.000000 1.000000 0.000000
0.948683 0.316228 0.000000
0.993385 0.000000 0.114833
0.965265 0.000000 0.261273
0.693200 0.720745 0.000000
0.993385 0.000000 0.114833
0.993385 0.000000 0.114833
0.965265 0.000000 0.261273
0.965265 0.000000 0.261273
0.993385 0.000000 0.114833
0.948683 -0.316228 0.000000
0.693200 -0.720745 0.000000
0.965265 0.000000 0.261273
0.948683 -0.316228 0.000000
0.297738 -0.954648 0.000000
0.000000 -1.000000 0.000000
0.693200 -0.720745 0.000000
0.297738 -0.954648 0.000000
0.744466 -0.667661 0.000000
0.361598 -0.932334 0.000000
0.000000 -1.000000 0.000000
0.744466 -0.667661 0.000000
0.948683 -0.316228 0.000000
0.300817 -0.953682 0.000000
0.361598 -0.932334 0.000000
0.300817 -0.953682 0.000000
0.707107 -0.707107 0.000000
0.000000 -1.000000 0.000000
0.000000 -1.000000 0.000000
0.707107 -0.707107 0.000000
0.000000 -1.000000 0.000000
0.000000 -1.000000 0.000000
0.000000 -1.000000 0.000000
0.000000 -1.000000 0.000000
-0.602772 -0.720149 -0.343585
-0.498035 -0.707106 -0.501958
0.000000 -1.000000 0.000000
-0.602772 -0.720149 -0.343585
-0.602772 0.720149 -0.343585
-0.498035 0.707106 -0.501958
-0.498035 -0.707106 -0.501958
-0.602772 0.720149 -0.343585
0.000000 1.000000 0.000000
0.000000 1.000000 0.000000
-0.498035 0.707106 -0.501958
0.000000 1.000000 0.000000
0.707107 0.707107 0.000000
0.000000 1.000000 0.000000
0.000000 1.000000 0.000000
0.707107 0.707107 0.000000
0.300817 0.953682 0.000000
0.000000 1.000000 0.000000
0.000000 1.000000 0.000000
0.300817 0.953682 0.000000
0.361598 0.932334 0.000000
0.000000 1.000000 0.000000
0.000000 1.000000 0.000000
0.361598 0.932334 0.000000
0.000000 1.000000 0.000000
0.316228 0.948683 0.000000
0.000000 1.000000 0.000000
0.000000 1.000000 0.000000
0.693200 0.720745 0.000000
0.948683 0.316228 0.000000
0.316228 0.948683 0.000000
0.693200 0.720745 0.000000
0.965265 0.000000 0.261273
0.941293 0.000000 0.337591
0.948683 0.316228 0.000000
0.965265 0.000000 0.261273
0.965265 0.000000 0.261273
0.941293 0.000000 0.337591
0.941293 0.000000 0.337591
0.965265 0.000000 0.261273
0.693200 -0.720745 0.000000
0.948683 -0.316228 0.000000
0.941293 0.000000 0.337591
0.693200 -0.720745 0.000000
0.000000 -1.000000 0.000000
0.316228 -0.948683 0.000000
0.948683 -0.316228 0.000000
0.000000 -1.000000 0.000000
0.361598 -0.932334 0.000000
0.000000 -1.000000 0.000000
0.316228 -0.948683 0.000000
0.361598 -0.932334 0.000000
0.300817 -0.953682 0.000000
0.000000 -1.000000 0.000000
0.000000 -1.000000 0.000000
0.000000 -1.000000 0.000000
0.000000 -1.000000 0.000000
0.000000 -1.000000 0.000000
0.316227 -0.948683 0.000000
0.000000 -1.000000 0.000000
0.000000 -1.000000 0.000000
0.371325 -0.928503 0.000000
0.000000 -1.000000 0.000000
0.000000 -1.000000 0.000000
-0.498035 -0.707106 -0.501958
-0.009460 -0.516150 -0.856446
0.371325 -0.928503 0.000000
-0.498035 -0.707106 -0.501958
-0.498035 0.707106 -0.501958
-0.009460 0.516150 -0.856446
-0.009460 -0.516150 -0.856446
-0.498035 0.707106 -0.501958
0.000000 1.000000 0.000000
0.371325 0.928503 0.000000
-0.009460 0.516150 -0.856446
0.000000 1.000000 0.000000
0.000000 1.000000 0.000000
0.000000 1.000000 0.000000
0.371325 0.928503 0.000000
0.000000 1.000000 0.000000
0.000000 1.000000 0.000000
0.316227 0.948683 0.000000
0.000000 1.000000 0.000000
0.000000 1.000000 0.000000
0.000000 1.000000 0.000000
0.360144 0.932897 0.000000
0.316227 0.948683 0.000000
0.000000 1.000000 0.000000
0.316228 0.948683 0.000000
0.671949 0.740598 0.000000
0.360144 0.932897 0.000000
0.316228 0.948683 0.000000
0.948683 0.316228 0.000000
0.948683 0.316228 0.000000
0.671949 0.740598 0.000000
0.948683 0.316228 0.000000
0.941293 0.000000 0.337591
0.721434 0.357441 0.593101
0.948683 0.316228 0.000000
0.941293 0.000000 0.337591
0.941293 0.000000 0.337591
0.721434 -0.357441 0.593101
0.721434 0.357441 0.593101
0.941293 0.000000 0.337591
0.948683 -0.316228 0.000000
0.948683 -0.316228 0.000000
0.721434 -0.357441 0.593101
0.948683 -0.316228 0.000000
0.316228 -0.948683 0.000000
0.671949 -0.740598 0.000000
0.948683 -0.316228 0.000000
0.316228 -0.948683 0.000000
0.000000 -1.000000 0.000000
0.360144 -0.932897 0.000000
0.671949 -0.740598 0.000000
0.000000 -1.000000 0.000000
0.000000 -1.000000 0.000000
0.316227 -0.948683 0.000000
0.360144 -0.932897 0.000000
0.316227 -0.948683 0.000000
0.000000 -1.000000 0.000000
0.346656 -0.937992 0.000000
0.707107 -0.707107 0.000000
0.000000 -1.000000 0.000000
0.371325 -0.928503 0.000000
0.743912 -0.668278 0.000000
0.346656 -0.937992 0.000000
0.371325 -0.928503 0.000000
-0.009460 -0.516150 -0.856446
0.654154 0.000000 -0.756361
0.743912 -0.668278 0.000000
-0.009460 -0.516150 -0.856446
-0.009460 0.516150 -0.856446
0.654154 0.000000 -0.756361
0.654154 0.000000 -0.756361
-0.009460 0.516150 -0.856446
0.371325 0.928503 0.000000
0.743912 0.668278 0.000000
0.654154 0.000000 -0.756361
0.371325 0.928503 0.000000
0.000000 1.000000 0.000000
0.346656 0.937992 0.000000
0.743912 0.668278 0.000000
0.000000 1.000000 0.000000
0.316227 0.948683 0.000000
0.707107 0.707107 0.000000
0.346656 0.937992 0.000000
0.316227 0.948683 0.000000
0.360144 0.932897 0.000000
0.346544 0.938034 0.000000
0.707107 0.707107 0.000000
0.360144 0.932897 0.000000
0.671949 0.740598 0.000000
0.336798 0.941577 0.000000
0.346544 0.938034 0.000000
0.671949 0.740598 0.000000
0.948683 0.316228 0.000000
0.346544 0.938034 0.000000
0.336798 0.941577 0.000000
0.948683 0.316228 0.000000
0.721434 0.357441 0.593101
0.763062 0.067053 0.642838
0.346544 0.938034 0.000000
0.721434 0.357441 0.593101
0.721434 -0.357441 0.593101
0.763062 -0.067053 0.642838
0.763062 0.067053 0.642838
0.721434 -0.357441 0.593101
0.948683 -0.316228 0.000000
0.346544 -0.938034 0.000000
0.763062 -0.067053 0.642838
0.948683 -0.316228 0.000000
0.671949 -0.740598 0.000000
0.336798 -0.941577 0.000000
0.346544 -0.938034 0.000000
0.671949 -0.740598 0.000000
0.360144 -0.932897 0.000000
0.346544 -0.938034 0.000000
0.336798 -0.941577 0.000000
0.360144 -0.932897 0.000000
0.316227 -0.948683 0.000000
0.707107 -0.707107 0.000000
0.346544 -0.938034 0.000000
0.707107 -0.707107 0.000000
0.346656 -0.937992 0.000000
0.948683 -0.316228 0.000000
0.799521 -0.600638 0.000000
0.346656 -0.937992 0.000000
0.743912 -0.668278 0.000000
0.948683 -0.316228 0.000000
0.948683 -0.316228 0.000000
0.743912 -0.668278 0.000000
0.654154 0.000000 -0.756361
0.707107 0.000000 -0.707107
0.948683 -0.316228 0.000000
0.654154 0.000000 -0.756361
0.654154 0.000000 -0.756361
0.707107 0.000000 -0.707107
0.707107 0.000000 -0.707107
0.654154 0.000000 -0.756361
0.743912 0.668278 0.000000
0.948683 0.316228 0.000000
0.707107 0.000000 -0.707107
0.743912 0.668278 0.000000
0.346656 0.937992 0.000000
0.948683 0.316228 0.000000
0.948683 0.316228 0.000000
0.346656 0.937992 0.000000
0.707107 0.707107 0.000000
0.799521 0.600638 0.000000
0.948683 0.316228 0.000000
0.707107 0.707107 0.000000
0.346544 0.938034 0.000000
0.316228 0.948683 0.000000
0.799521 0.600638 0.000000
0.346544 0.938034 0.000000
0.336798 0.941577 0.000000
0.371071 0.928605 0.000000
0.316228 0.948683 0.000000
0.336798 0.941577 0.000000
0.346544 0.938034 0.000000
0.707107 0.707107 0.000000
0.371071 0.928605 0.000000
0.346544 0.938034 0.000000
0.763062 0.067053 0.642838
0.707107 0.000000 0.707107
0.707107 0.707107 0.000000
0.763062 0.067053 0.642838
0.763062 -0.067053 0.642838
0.707107 0.000000 0.707107
0.707107 0.000000 0.707107
0.763062 -0.067053 0.642838
0.346544 -0.938034 0.000000
0.707107 -0.707107 0.000000
0.707107 0.000000 0.707107
0.346544 -0.938034 0.000000
0.336798 -0.941577 0.000000
0.371071 -0.928605 0.000000
0.707107 -0.707107 0.000000
0.336798 -0.941577 0.000000
0.346544 -0.938034 0.000000
0.316228 -0.948683 0.000000
0.371071 -0.928605 0.000000
0.346544 -0.938034 0.000000
0.707107 -0.707107 0.000000
0.799521 -0.600638 0.000000
0.316228 -0.948683 0.000000
0.799521 -0.600638 0.000000
0.948683 -0.316228 0.000000
0.800479 -0.599360 0.000000
0.447214 -0.894427 0.000000
0.948683 -0.316228 0.000000
0.948683 -0.316228 0.000000
0.894427 -0.447214 0.000000
0.800479 -0.599360 0.000000
0.948683 -0.316228 0.000000
0.707107 0.000000 -0.707107
1.000000 0.000000 0.000000
0.894427 -0.447214 0.000000
0.707107 0.000000 -0.707107
0.707107 0.000000 -0.707107
1.000000 0.000000 0.000000
1.000000 0.000000 0.000000
0.707107 0.000000 -0.707107
0.948683 0.316228 0.000000
0.894427 0.447214 0.000000
1.000000 0.000000 0.000000
0.948683 0.316228 0.000000
0.948683 0.316228 0.000000
0.800479 0.599360 0.000000
0.894427 0.447214 0.000000
0.948683 0.316228 0.000000
0.799521 0.600638 0.000000
0.447214 0.894427 0.000000
0.800479 0.599360 0.000000
0.799521 0.600638 0.000000
0.316228 0.948683 0.000000
0.894427 0.447214 0.000000
0.447214 0.894427 0.000000
0.316228 0.948683 0.000000
0.371071 0.928605 0.000000
0.554700 0.832050 0.000000
0.894427 0.447214 0.000000
0.371071 0.928605 0.000000
0.707107 0.707107 0.000000
0.506394 0.862302 0.000000
0.554700 0.832050 0.000000
0.707107 0.707107 0.000000
0.707107 0.000000 0.707107
0.816497 0.408248 0.408248
0.506394 0.862302 0.000000
0.707107 0.000000 0.707107
0.707107 0.000000 0.707107
0.816497 -0.408248 0.408248
0.816497 0.408248 0.408248
0.707107 0.000000 0.707107
0.707107 -0.707107 0.000000
0.506394 -0.862302 0.000000
0.816497 -0.408248 0.408248
0.707107 -0.707107 0.000000
0.371071 -0.928605 0.000000
0.554700 -0.832050 0.000000
0.506394 -0.862302 0.000000
0.371071 -0.928605 0.000000
0.316228 -0.948683 0.000000
0.894427 -0.447214 0.000000
0.554700 -0.832050 0.000000
0.316228 -0.948683 0.000000
0.799521 -0.600638 0.000000
0.447214 -0.894427 0.000000
0.894427 -0.447214 0.000000
0.447214 -0.894427 0.000000
0.800479 -0.599360 0.000000
0.894427 -0.447214 0.000000
0.894427 -0.447214 0.000000
0.800479 -0.599360 0.000000
0.894427 -0.447214 0.000000
0.948683 -0.316228 0.000000
0.894427 -0.447214 0.000000
0.894427 -0.447214 0.000000
1.000000 0.000000 0.000000
1.000000 0.000000 0.000000
0.948683 -0.316228 0.000000
1.000000 0.000000 0.000000
1.000000 0.000000 0.000000
1.000000 0.000000 0.000000
1.000000 0.000000 0.000000
1.000000 0.000000 0.000000
0.894427 0.447214 0.000000
0.948683 0.316228 0.000000
1.000000 0.000000 0.000000
0.894427 0.447214 0.000000
0.800479 0.599360 0.000000
0.894427 0.447214 0.000000
0.948683 0.316228 0.000000
0.800479 0.599360 0.000000
0.447214 0.894427 0.000000
0.894427 0.447214 0.000000
0.894427 0.447214 0.000000
0.447214 0.894427 0.000000
0.894427 0.447214 0.000000
0.948683 0.316228 0.000000
0.894427 0.447214 0.000000
0.894427 0.447214 0.000000
0.554700 0.832050 0.000000
0.707107 0.707107 0.000000
0.948683 0.316228 0.000000
0.554700 0.832050 0.000000
0.506394 0.862302 0.000000
0.413751 0.910390 0.000000
0.707107 0.707107 0.000000
0.506394 0.862302 0.000000
0.816497 0.408248 0.408248
0.707107 0.707107 0.000000
0.413751 0.910390 0.000000
0.816497 0.408248 0.408248
0.816497 -0.408248 0.408248
0.707107 -0.707107 0.000000
0.707107 0.707107 0.000000
0.816497 -0.408248 0.408248
0.506394 -0.862302 0.000000
0.413751 -0.910390 0.000000
0.707107 -0.707107 0.000000
0.506394 -0.862302 0.000000
0.554700 -0.832050 0.000000
0.707107 -0.707107 0.000000
0.413751 -0.910390 0.000000
0.554700 -0.832050 0.000000
0.894427 -0.447214 0.000000
0.948683 -0.316228 0.000000
0.707107 -0.707107 0.000000
0.894427 -0.447214 0.000000
0.447214 -0.894427 0.000000
0.894427 -0.447214 0.000000
0.948683 -0.316228 0.000000
0.894427 -0.447214 0.000000
0.894427 -0.447214 0.000000
0.948683 -0.316228 0.000000
1.000000 0.000000 0.000000
0.894427 -0.447214 0.000000
0.948683 -0.316228 0.000000
0.800479 -0.599360 0.000000
0.948683 -0.316228 0.000000
0.948683 -0.316228 0.000000
1.000000 0.000000 0.000000
0.707107 -0.707107 0.000000
0.800479 -0.599360 0.000000
1.000000 0.000000 0.000000
1.000000 0.000000 0.000000
0.707107 0.707107 0.000000
0.707107 -0.707107 0.000000
1.000000 0.000000 0.000000
0.948683 0.316228 0.000000
0.800479 0.599360 0.000000
0.707107 0.707107 0.000000
0.948683 0.316228 0.000000
0.894427 0.447214 0.000000
0.948683 0.316228 0.000000
0.800479 0.599360 0.000000
0.894427 0.447214 0.000000
0.894427 0.447214 0.000000
1.000000 0.000000 0.000000
0.948683 0.316228 0.000000
0.894427 0.447214 0.000000
0.948683 0.316228 0.000000
0.707107 0.707107 0.000000
1.000000 0.000000 0.000000
0.948683 0.316228 0.000000
0.707107 0.707107 0.000000
0.800479 0.599360 0.000000
0.707107 0.707107 0.000000
0.707107 0.707107 0.000000
0.413751 0.910390 0.000000
0.948683 0.316228 0.000000
0.800479 0.599360 0.000000
0.413751 0.910390 0.000000
0.707107 0.707107 0.000000
0.948683 0.316228 0.000000
0.948683 0.316228 0.000000
0.707107 0.707107 0.000000
0.707107 -0.707107 0.000000
0.948683 -0.316228 0.000000
0.948683 0.316228 0.000000
0.707107 -0.707107 0.000000
0.413751 -0.910390 0.000000
0.948683 -0.316228 0.000000
0.948683 -0.316228 0.000000
0.413751 -0.910390 0.000000
0.707107 -0.707107 0.000000
0.800479 -0.599360 0.000000
0.948683 -0.316228 0.000000
0.707107 -0.707107 0.000000
0.948683 -0.316228 0.000000
0.707107 -0.707107 0.000000
0.800479 -0.599360 0.000000
0.948683 -0.316228 0.000000
0.894427 -0.447214 0.000000
1.000000 0.000000 0.000000
0.707107 -0.707107 0.000000
1.000000 0.000000 0.000000
0.948683 -0.316228 0.000000
0.948683 -0.316228 0.000000
1.000000 0.000000 0.000000
0.948683 -0.316228 0.000000
0.800479 -0.599360 0.000000
0.371711 -0.928349 0.000000
0.948683 -0.316228 0.000000
0.800479 -0.599360 0.000000
0.707107 -0.707107 0.000000
-0.707107 -0.707107 0.000000
0.371711 -0.928349 0.000000
0.707107 -0.707107 0.000000
0.707107 0.707107 0.000000
-0.707107 0.707107 0.000000
-0.707107 -0.707107 0.000000
0.707107 0.707107 0.000000
0.800479 0.599360 0.000000
0.371711 0.928349 0.000000
-0.707107 0.707107 0.000000
0.800479 0.599360 0.000000
0.948683 0.316228 0.000000
0.948683 0.316228 0.000000
0.371711 0.928349 0.000000
0.948683 0.316228 0.000000
1.000000 0.000000 0.000000
1.000000 0.000000 0.000000
0.948683 0.316228 0.000000
1.000000 0.000000 0.000000
0.707107 0.707107 0.000000
0.707107 0.707107 0.000000
1.000000 0.000000 0.000000
0.707107 0.707107 0.000000
0.800479 0.599360 0.000000
0.707107 0.707107 0.000000
0.707107 0.707107 0.000000
0.800479 0.599360 0.000000
0.948683 0.316228 0.000000
1.000000 0.000000 0.000000
0.707107 0.707107 0.000000
0.948683 0.316228 0.000000
0.948683 0.316228 0.000000
1.000000 0.000000 0.000000
1.000000 0.000000 0.000000
0.948683 0.316228 0.000000
0.948683 -0.316228 0.000000
1.000000 0.000000 0.000000
1.000000 0.000000 0.000000
0.948683 -0.316228 0.000000
0.948683 -0.316228 0.000000
1.000000 0.000000 0.000000
1.000000 0.000000 0.000000
0.948683 -0.316228 0.000000
0.800479 -0.599360 0.000000
0.707107 -0.707107 0.000000
1.000000 0.000000 0.000000
0.800479 -0.599360 0.000000
0.707107 -0.707107 0.000000
0.707107 -0.707107 0.000000
0.707107 -0.707107 0.000000
0.707107 -0.707107 0.000000
1.000000 0.000000 0.000000
1.000000 0.000000 0.000000
0.707107 -0.707107 0.000000
1.000000 0.000000 0.000000
0.948683 -0.316228 0.000000
1.000000 0.000000 0.000000
1.000000 0.000000 0.000000
0.948683 -0.316228 0.000000
0.371711 -0.928349 0.000000
0.948683 -0.316228 0.000000
1.000000 0.000000 0.000000
0.371711 -0.928349 0.000000
-0.707107 -0.707107 0.000000
0.707107 -0.707107 0.000000
0.948683 -0.316228 0.000000
-0.707107 -0.707107 0.000000
-0.707107 0.707107 0.000000
0.707107 0.707107 0.000000
0.707107 -0.707107 0.000000
-0.707107 0.707107 0.000000
0.371711 0.928349 0.000000
0.948683 0.316228 0.000000
0.707107 0.707107 0.000000
0.371711 0.928349 0.000000
0.948683 0.316228 0.000000
1.000000 0.000000 0.000000
0.948683 0.316228 0.000000
0.948683 0.316228 0.000000
1.000000 0.000000 0.000000
1.000000 0.000000 0.000000
1.000000 0.000000 0.000000
1.000000 0.000000 0.000000
0.707107 0.707107 0.000000
0.948683 0.316228 0.000000
1.000000 0.000000 0.000000
0.707107 0.707107 0.000000
0.707107 0.707107 0.000000
0.948683 0.316228 0.000000
0.948683 0.316228 0.000000
0.707107 0.707107 0.000000
1.000000 0.000000 0.000000
1.000000 0.000000 0.000000
0.948683 0.316228 0.000000
1.000000 0.000000 0.000000
1.000000 0.000000 0.000000
1.000000 0.000000 0.000000
1.000000 0.000000 0.000000
1.000000 0.000000 0.000000
1.000000 0.000000 0.000000
1.000000 0.000000 0.000000
1.000000 0.000000 0.000000
1.000000 0.000000 0.000000
1.000000 0.000000 0.000000
1.000000 0.000000 0.000000
1.000000 0.000000 0.000000
1.000000 0.000000 0.000000
0.707107 -0.707107 0.000000
0.948683 -0.316228 0.000000
1.000000 0.000000 0.000000
0.707107 -0.707107 0.000000
0.707107 -0.707107 0.000000
0.948683 -0.316228 0.000000
0.948683 -0.316228 0.000000
0.707107 -0.707107 0.000000
1.000000 0.000000 0.000000
1.000000 0.000000 0.000000
0.948683 -0.316228 0.000000
1.000000 0.000000 0.000000
1.000000 0.000000 0.000000
1.000000 0.000000 0.000000
1.000000 0.000000 0.000000
1.000000 0.000000 0.000000
0.948683 -0.316228 0.000000
0.987168 -0.159556 -0.006382
1.000000 0.000000 0.000000
0.948683 -0.316228 0.000000
0.707107 -0.707107 0.000000
0.625796 -0.717990 0.304745
0.987168 -0.159556 -0.006382
0.707107 -0.707107 0.000000
0.707107 0.707107 0.000000
0.614886 0.713039 0.336884
0.625796 -0.717990 0.304745
0.707107 0.707107 0.000000
0.948683 0.316228 0.000000
0.987181 0.159602 0.000000
0.614886 0.713039 0.336884
0.948683 0.316228 0.000000
1.000000 0.000000 0.000000
1.000000 0.000000 0.000000
0.987181 0.159602 0.000000
1.000000 0.000000 0.000000
1.000000 0.000000 0.000000
1.000000 0.000000 0.000000
1.000000 0.000000 0.000000
1.000000 0.000000 0.000000
0.948683 0.316228 0.000000
0.892638 0.450775 0.000000
1.000000 0.000000 0.000000
0.948683 0.316228 0.000000
0.948683 0.316228 0.000000
0.987796 0.155755 0.000000
0.892638 0.450775 0.000000
0.948683 0.316228 0.000000
1.000000 0.000000 0.000000
1.000000 0.000000 0.000000
0.987796 0.155755 0.000000
1.000000 0.000000 0.000000
1.000000 0.000000 0.000000
0.980524 0.000000 -0.196399
1.000000 0.000000 0.000000
1.000000 0.000000 0.000000
1.000000 0.000000 0.000000
0.981054 0.000000 -0.193735
0.980524 0.000000 -0.196399
1.000000 0.000000 0.000000
1.000000 0.000000 0.000000
1.000000 0.000000 0.000000
0.981054 0.000000 -0.193735
1.000000 0.000000 0.000000
0.948683 -0.316228 0.000000
0.987783 -0.155712 -0.006228
1.000000 0.000000 0.000000
0.948683 -0.316228 0.000000
0.948683 -0.316228 0.000000
0.892668 -0.450354 -0.018014
0.987783 -0.155712 -0.006228
0.948683 -0.316228 0.000000
1.000000 0.000000 0.000000
1.000000 0.000000 0.000000
0.892668 -0.450354 -0.018014
1.000000 0.000000 0.000000
1.000000 0.000000 0.000000
-1.000000 0.000000 0.000000
-1.000000 0.000000 0.000000
1.000000 0.000000 0.000000
0.987168 -0.159556 -0.006382
-0.707107 -0.706542 -0.028261
-1.000000 0.000000 0.000000
0.987168 -0.159556 -0.006382
0.625796 -0.717990 0.304745
-0.913678 -0.337588 0.226333
-0.707107 -0.706542 -0.028261
0.625796 -0.717990 0.304745
0.614886 0.713039 0.336884
-0.910733 0.336769 0.239064
-0.913678 -0.337588 0.226333
0.614886 0.713039 0.336884
0.987181 0.159602 0.000000
-0.707107 0.707107 0.000000
-0.910733 0.336769 0.239064
0.987181 0.159602 0.000000
1.000000 0.000000 0.000000
1.000000 0.000000 0.000000
-0.707107 0.707107 0.000000
1.000000 0.000000 0.000000
1.000000 0.000000 0.000000
1.000000 0.000000 0.000000
1.000000 0.000000 0.000000
1.000000 0.000000 0.000000
0.892638 0.450775 0.000000
-0.707107 0.707107 0.000000
1.000000 0.000000 0.000000
0.892638 0.450775 0.000000
0.987796 0.155755 0.000000
-0.707107 0.707107 0.000000
-0.707107 0.707107 0.000000
0.987796 0.155755 0.000000
1.000000 0.000000 0.000000
1.000000 0.000000 0.000000
-0.707107 0.707107 0.000000
1.000000 0.000000 0.000000
0.980524 0.000000 -0.196399
-0.402160 0.000000 -0.915569
1.000000 0.000000 0.000000
0.980524 0.000000 -0.196399
0.981054 0.000000 -0.193735
-0.402160 0.000000 -0.915569
-0.402160 0.000000 -0.915569
0.981054 0.000000 -0.193735
1.000000 0.000000 0.000000
-1.000000 0.000000 0.000000
-0.402160 0.000000 -0.915569
1.000000 0.000000 0.000000
0.987783 -0.155712 -0.006228
-0.707107 -0.706542 -0.028261
-1.000000 0.000000 0.000000
0.987783 -0.155712 -0.006228
0.892668 -0.450354 -0.018014
-0.707107 -0.706542 -0.028261
-0.707107 -0.706542 -0.028261
0.892668 -0.450354 -0.018014
1.000000 0.000000 0.000000
-1.000000 0.000000 0.000000
-0.707107 -0.706542 -0.028261
-1.000000 0.000000 0.000000
-1.000000 0.000000 0.000000
-0.730320 -0.677549 -0.086949
-0.586545 -0.780859 -0.214997
-1.000000 0.000000 0.000000
-0.707107 -0.706542 -0.028261
-0.404508 -0.724897 -0.557581
-0.730320 -0.677549 -0.086949
-0.707107 -0.706542 -0.028261
-0.913678 -0.337588 0.226333
-0.563769 -0.186901 -0.804508
-0.404508 -0.724897 -0.557581
-0.913678 -0.337588 0.226333
-0.910733 0.336769 0.239064
-0.564027 0.188132 -0.804040
-0.563769 -0.186901 -0.804508
-0.910733 0.336769 0.239064
-0.707107 0.707107 0.000000
-0.404440 0.725943 -0.556268
-0.564027 0.188132 -0.804040
-0.707107 0.707107 0.000000
1.000000 0.000000 0.000000
-0.730153 0.677806 -0.086348
-0.404440 0.725943 -0.556268
1.000000 0.000000 0.000000
1.000000 0.000000 0.000000
-0.587349 0.780691 -0.213407
-0.730153 0.677806 -0.086348
1.000000 0.000000 0.000000
-0.707107 0.707107 0.000000
-0.690874 0.718535 0.080002
-0.587349 0.780691 -0.213407
-0.707107 0.707107 0.000000
-0.707107 0.707107 0.000000
-0.831208 0.534502 0.152970
-0.690874 0.718535 0.080002
-0.707107 0.707107 0.000000
1.000000 0.000000 0.000000
-0.661252 0.707573 0.249169
-0.831208 0.534502 0.152970
1.000000 0.000000 0.000000
-0.402160 0.000000 -0.915569
-0.934241 0.086301 0.346045
-0.661252 0.707573 0.249169
-0.402160 0.000000 -0.915569
-0.402160 0.000000 -0.915569
-0.934264 -0.085684 0.346135
-0.934241 0.086301 0.346045
-0.402160 0.000000 -0.915569
-1.000000 0.000000 0.000000
-0.661751 -0.707000 0.249474
-0.934264 -0.085684 0.346135
-1.000000 0.000000 0.000000
-0.707107 -0.706542 -0.028261
-0.831915 -0.533193 0.153695
-0.661751 -0.707000 0.249474
-0.707107 -0.706542 -0.028261
-0.707107 -0.706542 -0.028261
-0.690798 -0.718542 0.080592
-0.831915 -0.533193 0.153695
-0.707107 -0.706542 -0.028261
-1.000000 0.000000 0.000000
-0.586545 -0.780859 -0.214997
-0.690798 -0.718542 0.080592
-0.586545 -0.780859 -0.214997
-0.730320 -0.677549 -0.086949
0.121805 -0.978783 -0.164767
0.125851 -0.979702 -0.156030
-0.730320 -0.677549 -0.086949
-0.404508 -0.724897 -0.557581
0.260689 -0.873872 -0.410353
0.121805 -0.978783 -0.164767
-0.404508 -0.724897 -0.557581
-0.563769 -0.186901 -0.804508
0.477131 -0.248172 -0.843064
0.260689 -0.873872 -0.410353
-0.563769 -0.186901 -0.804508
-0.564027 0.188132 -0.804040
0.476883 0.249604 -0.842782
0.477131 -0.248172 -0.843064
-0.564027 0.188132 -0.804040
-0.404440 0.725943 -0.556268
0.259832 0.874767 -0.408986
0.476883 0.249604 -0.842782
-0.404440 0.725943 -0.556268
-0.730153 0.677806 -0.086348
0.120978 0.979071 -0.163657
0.259832 0.874767 -0.408986
-0.730153 0.677806 -0.086348
-0.587349 0.780691 -0.213407
0.124977 0.979986 -0.154943
0.120978 0.979071 -0.163657
-0.587349 0.780691 -0.213407
-0.690874 0.718535 0.080002
-0.157504 0.974052 0.162530
0.124977 0.979986 -0.154943
-0.690874 0.718535 0.080002
-0.831208 0.534502 0.152970
-0.187540 0.968329 0.164825
-0.157504 0.974052 0.162530
-0.831208 0.534502 0.152970
-0.661252 0.707573 0.249169
-0.406871 0.847412 0.341101
-0.187540 0.968329 0.164825
-0.661252 0.707573 0.249169
-0.934241 0.086301 0.346045
-0.779492 0.225872 0.584273
-0.406871 0.847412 0.341101
-0.934241 0.086301 0.346045
-0.934264 -0.085684 0.346135
-0.779757 -0.224303 0.584523
-0.779492 0.225872 0.584273
-0.934264 -0.085684 0.346135
-0.661751 -0.707000 0.249474
-0.407727 -0.846755 0.341707
-0.779757 -0.224303 0.584523
-0.661751 -0.707000 0.249474
-0.831915 -0.533193 0.153695
-0.188755 -0.967909 0.165905
-0.407727 -0.846755 0.341707
-0.831915 -0.533193 0.153695
-0.690798 -0.718542 0.080592
-0.158546 -0.973705 0.163590
-0.188755 -0.967909 0.165905
-0.690798 -0.718542 0.080592
-0.586545 -0.780859 -0.214997
0.125851 -0.979702 -0.156030
-0.158546 -0.973705 0.163590
0.125851 -0.979702 -0.156030
0.121805 -0.978783 -0.164767
0.108406 -0.984243 -0.139691
0.082150 -0.988851 -0.124197
0.121805 -0.978783 -0.164767
0.260689 -0.873872 -0.410353
0.161916 -0.941704 -0.294917
0.108406 -0.984243 -0.139691
0.260689 -0.873872 -0.410353
0.477131 -0.248172 -0.843064
0.450771 -0.394801 -0.800586
0.161916 -0.941704 -0.294917
0.477131 -0.248172 -0.843064
0.476883 0.249604 -0.842782
0.450406 0.396616 -0.799894
0.450771 -0.394801 -0.800586
0.476883 0.249604 -0.842782
0.259832 0.874767 -0.408986
0.161069 0.942328 -0.293384
0.450406 0.396616 -0.799894
0.259832 0.874767 -0.408986
0.120978 0.979071 -0.163657
0.107640 0.984468 -0.138697
0.161069 0.942328 -0.293384
0.120978 0.979071 -0.163657
0.124977 0.979986 -0.154943
0.081554 0.989013 -0.123300
0.107640 0.984468 -0.138697
0.124977 0.979986 -0.154943
-0.157504 0.974052 0.162530
-0.177439 0.970858 0.161091
0.081554 0.989013 -0.123300
-0.157504 0.974052 0.162530
-0.187540 0.968329 0.164825
-0.115596 0.984506 0.131857
-0.177439 0.970858 0.161091
-0.187540 0.968329 0.164825
-0.406871 0.847412 0.341101
-0.400666 0.856648 0.324993
-0.115596 0.984506 0.131857
-0.406871 0.847412 0.341101
-0.779492 0.225872 0.584273
-0.695046 0.294762 0.655764
-0.400666 0.856648 0.324993
-0.779492 0.225872 0.584273
-0.779757 -0.224303 0.584523
-0.695462 -0.293046 0.656092
-0.695046 0.294762 0.655764
-0.779757 -0.224303 0.584523
-0.407727 -0.846755 0.341707
-0.401755 -0.855737 0.326048
-0.695462 -0.293046 0.656092
-0.407727 -0.846755 0.341707
-0.188755 -0.967909 0.165905
-0.116425 -0.984282 0.132793
-0.401755 -0.855737 0.326048
-0.188755 -0.967909 0.165905
-0.158546 -0.973705 0.163590
-0.178592 -0.970468 0.162163
-0.116425 -0.984282 0.132793
-0.158546 -0.973705 0.163590
0.125851 -0.979702 -0.156030
0.082150 -0.988851 -0.124197
-0.178592 -0.970468 0.162163
0.082150 -0.988851 -0.124197
0.108406 -0.984243 -0.139691
0.080841 -0.985775 -0.147352
0.074530 -0.987073 -0.141891
0.108406 -0.984243 -0.139691
0.161916 -0.941704 -0.294917
0.128785 -0.952136 -0.277221
0.080841 -0.985775 -0.147352
0.161916 -0.941704 -0.294917
0.450771 -0.394801 -0.800586
0.370088 -0.438645 -0.818917
0.128785 -0.952136 -0.277221
0.450771 -0.394801 -0.800586
0.450406 0.396616 -0.799894
0.369773 0.440238 -0.818204
0.370088 -0.438645 -0.818917
0.450406 0.396616 -0.799894
0.161069 0.942328 -0.293384
0.128057 0.952692 -0.275643
0.369773 0.440238 -0.818204
0.161069 0.942328 -0.293384
0.107640 0.984468 -0.138697
0.080259 0.985981 -0.146289
0.128057 0.952692 -0.275643
0.107640 0.984468 -0.138697
0.081554 0.989013 -0.123300
0.073989 0.987260 -0.140863
0.080259 0.985981 -0.146289
0.081554 0.989013 -0.123300
-0.177439 0.970858 0.161091
-0.093250 0.986658 0.133457
0.073989 0.987260 -0.140863
-0.177439 0.970858 0.161091
-0.115596 0.984506 0.131857
-0.077167 0.989790 0.119838
-0.093250 0.986658 0.133457
-0.115596 0.984506 0.131857
-0.400666 0.856648 0.324993
-0.266356 0.893641 0.361193
-0.077167 0.989790 0.119838
-0.400666 0.856648 0.324993
-0.695046 0.294762 0.655764
-0.536515 0.333938 0.775008
-0.266356 0.893641 0.361193
-0.695046 0.294762 0.655764
-0.695462 -0.293046 0.656092
-0.536885 -0.332167 0.775513
-0.536515 0.333938 0.775008
-0.695462 -0.293046 0.656092
-0.401755 -0.855737 0.326048
-0.267356 -0.892764 0.362620
-0.536885 -0.332167 0.775513
-0.401755 -0.855737 0.326048
-0.116425 -0.984282 0.132793
-0.077737 -0.989638 0.120721
-0.267356 -0.892764 0.362620
-0.116425 -0.984282 0.132793
-0.178592 -0.970468 0.162163
-0.093923 -0.986463 0.134424
-0.077737 -0.989638 0.120721
-0.178592 -0.970468 0.162163
0.082150 -0.988851 -0.124197
0.074530 -0.987073 -0.141891
-0.093923 -0.986463 0.134424
0.074530 -0.987073 -0.141891
0.080841 -0.985775 -0.147352
0.061093 -0.989288 -0.132579
0.052993 -0.991121 -0.121948
0.080841 -0.985775 -0.147352
0.128785 -0.952136 -0.277221
0.145011 -0.930901 -0.335255
0.061093 -0.989288 -0.132579
0.128785 -0.952136 -0.277221
0.370088 -0.438645 -0.818917
0.389265 -0.420924 -0.819326
0.145011 -0.930901 -0.335255
0.370088 -0.438645 -0.818917
0.369773 0.440238 -0.818204
0.388931 0.422752 -0.818544
0.389265 -0.420924 -0.819326
0.369773 0.440238 -0.818204
0.128057 0.952692 -0.275643
0.144296 0.931587 -0.333652
0.388931 0.422752 -0.818544
0.128057 0.952692 -0.275643
0.080259 0.985981 -0.146289
0.060648 0.989445 -0.131609
0.144296 0.931587 -0.333652
0.080259 0.985981 -0.146289
0.073989 0.987260 -0.140863
0.052601 0.991252 -0.121048
0.060648 0.989445 -0.131609
0.073989 0.987260 -0.140863
-0.093250 0.986658 0.133457
-0.063881 0.988940 0.133857
0.052601 0.991252 -0.121048
-0.093250 0.986658 0.133457
-0.077167 0.989790 0.119838
-0.047153 0.991906 0.117898
-0.063881 0.988940 0.133857
-0.077167 0.989790 0.119838
-0.266356 0.893641 0.361193
-0.168991 0.899649 0.402583
-0.047153 0.991906 0.117898
-0.266356 0.893641 0.361193
-0.536515 0.333938 0.775008
-0.325988 0.355948 0.875804
-0.168991 0.899649 0.402583
-0.536515 0.333938 0.775008
-0.536885 -0.332167 0.775513
-0.326226 -0.354239 0.876408
-0.325988 0.355948 0.875804
-0.536885 -0.332167 0.775513
-0.267356 -0.892764 0.362620
-0.169654 -0.898745 0.404321
-0.326226 -0.354239 0.876408
-0.267356 -0.892764 0.362620
-0.077737 -0.989638 0.120721
-0.047505 -0.991784 0.118773
-0.169654 -0.898745 0.404321
-0.077737 -0.989638 0.120721
-0.093923 -0.986463 0.134424
-0.064351 -0.988775 0.134847
-0.047505 -0.991784 0.118773
-0.093923 -0.986463 0.134424
0.074530 -0.987073 -0.141891
0.052993 -0.991121 -0.121948
-0.064351 -0.988775 0.134847
0.052993 -0.991121 -0.121948
0.061093 -0.989288 -0.132579
0.042999 -0.990847 -0.127959
0.036179 -0.992395 -0.117656
0.061093 -0.989288 -0.132579
0.145011 -0.930901 -0.335255
0.126114 -0.935949 -0.328777
0.042999 -0.990847 -0.127959
0.145011 -0.930901 -0.335255
0.389265 -0.420924 -0.819326
0.299547 -0.410082 -0.861455
0.126114 -0.935949 -0.328777
0.389265 -0.420924 -0.819326
0.388931 0.422752 -0.818544
0.299240 0.411852 -0.860717
0.299547 -0.410082 -0.861455
0.388931 0.422752 -0.818544
0.144296 0.931587 -0.333652
0.125457 0.936637 -0.327065
0.299240 0.411852 -0.860717
0.144296 0.931587 -0.333652
0.060648 0.989445 -0.131609
0.042681 0.990983 -0.127010
0.125457 0.936637 -0.327065
0.060648 0.989445 -0.131609
0.052601 0.991252 -0.121048
0.035909 0.992509 -0.116780
0.042681 0.990983 -0.127010
0.052601 0.991252 -0.121048
-0.063881 0.988940 0.133857
-0.033978 0.987372 0.154733
0.035909 0.992509 -0.116780
-0.063881 0.988940 0.133857
-0.047153 0.991906 0.117898
-0.028024 0.989676 0.140553
-0.033978 0.987372 0.154733
-0.047153 0.991906 0.117898
-0.168991 0.899649 0.402583
-0.041352 0.914788 0.401813
-0.028024 0.989676 0.140553
-0.168991 0.899649 0.402583
-0.325988 0.355948 0.875804
-0.089200 0.373526 0.923321
-0.041352 0.914788 0.401813
-0.325988 0.355948 0.875804
-0.326226 -0.354239 0.876408
-0.089269 -0.371785 0.924017
-0.089200 0.373526 0.923321
-0.326226 -0.354239 0.876408
-0.169654 -0.898745 0.404321
-0.041535 -0.913961 0.403670
-0.089269 -0.371785 0.924017
-0.169654 -0.898745 0.404321
-0.047505 -0.991784 0.118773
-0.028232 -0.989522 0.141593
-0.041535 -0.913961 0.403670
-0.047505 -0.991784 0.118773
-0.064351 -0.988775 0.134847
-0.034227 -0.987184 0.155871
-0.028232 -0.989522 0.141593
-0.064351 -0.988775 0.134847
0.052993 -0.991121 -0.121948
0.036179 -0.992395 -0.117656
-0.034227 -0.987184 0.155871
0.036179 -0.992395 -0.117656
0.042999 -0.990847 -0.127959
-0.006789 -0.989456 -0.144672
-0.003334 -0.994852 -0.101287
0.042999 -0.990847 -0.127959
0.126114 -0.935949 -0.328777
0.007648 -0.980331 -0.197214
-0.006789 -0.989456 -0.144672
0.126114 -0.935949 -0.328777
0.299547 -0.410082 -0.861455
-0.004361 -0.540024 -0.841639
0.007648 -0.980331 -0.197214
0.299547 -0.410082 -0.861455
0.299240 0.411852 -0.860717
-0.004401 0.541703 -0.840558
-0.004361 -0.540024 -0.841639
0.299240 0.411852 -0.860717
0.125457 0.936637 -0.327065
0.007624 0.980584 -0.195950
-0.004401 0.541703 -0.840558
0.125457 0.936637 -0.327065
0.042681 0.990983 -0.127010
-0.006739 0.989613 -0.143599
0.007624 0.980584 -0.195950
0.042681 0.990983 -0.127010
0.035909 0.992509 -0.116780
-0.003309 0.994929 -0.100528
-0.006739 0.989613 -0.143599
0.035909 0.992509 -0.116780
-0.033978 0.987372 0.154733
0.002861 0.990338 0.138645
-0.003309 0.994929 -0.100528
-0.033978 0.987372 0.154733
-0.028024 0.989676 0.140553
0.001888 0.993453 0.114224
0.002861 0.990338 0.138645
-0.028024 0.989676 0.140553
-0.041352 0.914788 0.401813
0.000000 0.923879 0.382685
0.001888 0.993453 0.114224
-0.041352 0.914788 0.401813
-0.089200 0.373526 0.923321
0.000000 0.382682 0.923880
0.000000 0.923879 0.382685
-0.089200 0.373526 0.923321
-0.089269 -0.371785 0.924017
0.000000 -0.380871 0.924628
0.000000 0.382682 0.923880
-0.089269 -0.371785 0.924017
-0.041535 -0.913961 0.403670
0.000000 -0.923128 0.384494
0.000000 -0.380871 0.924628
-0.041535 -0.913961 0.403670
-0.028232 -0.989522 0.141593
0.001902 -0.993355 0.115077
0.000000 -0.923128 0.384494
-0.028232 -0.989522 0.141593
-0.034227 -0.987184 0.155871
0.002882 -0.990194 0.139673
0.001902 -0.993355 0.115077
-0.034227 -0.987184 0.155871
0.036179 -0.992395 -0.117656
-0.003334 -0.994852 -0.101287
0.002882 -0.990194 0.139673
-0.003334 -0.994852 -0.101287
-0.006789 -0.989456 -0.144672
-0.035439 -0.991393 -0.126030
-0.038258 -0.990851 -0.129426
-0.006789 -0.989456 -0.144672
0.007648 -0.980331 -0.197214
-0.074353 -0.964428 -0.253675
-0.035439 -0.991393 -0.126030
0.007648 -0.980331 -0.197214
-0.004361 -0.540024 -0.841639
-0.219682 -0.475765 -0.851696
-0.074353 -0.964428 -0.253675
-0.004361 -0.540024 -0.841639
-0.004401 0.541703 -0.840558
-0.219444 0.477230 -0.850938
-0.219682 -0.475765 -0.851696
-0.004401 0.541703 -0.840558
0.007624 0.980584 -0.195950
-0.073889 0.964878 -0.252093
-0.219444 0.477230 -0.850938
0.007624 0.980584 -0.195950
-0.006739 0.989613 -0.143599
-0.035177 0.991520 -0.125100
-0.073889 0.964878 -0.252093
-0.006739 0.989613 -0.143599
-0.003309 0.994929 -0.100528
-0.037975 0.990986 -0.128469
-0.035177 0.991520 -0.125100
-0.003309 0.994929 -0.100528
0.002861 0.990338 0.138645
0.043191 0.985360 0.164924
-0.037975 0.990986 -0.128469
0.002861 0.990338 0.138645
0.001888 0.993453 0.114224
0.035025 0.988521 0.146966
0.043191 0.985360 0.164924
0.001888 0.993453 0.114224
0.000000 0.923879 0.382685
0.072221 0.908122 0.412430
0.035025 0.988521 0.146966
0.000000 0.923879 0.382685
0.000000 0.382682 0.923880
0.144813 0.367119 0.918832
0.072221 0.908122 0.412430
0.000000 0.382682 0.923880
0.000000 -0.380871 0.924628
0.144921 -0.365416 0.919494
0.144813 0.367119 0.918832
0.000000 -0.380871 0.924628
0.000000 -0.923128 0.384494
0.072524 -0.907247 0.414299
0.144921 -0.365416 0.919494
0.000000 -0.923128 0.384494
0.001902 -0.993355 0.115077
0.035282 -0.988351 0.148044
0.072524 -0.907247 0.414299
0.001902 -0.993355 0.115077
0.002882 -0.990194 0.139673
0.043502 -0.985145 0.166120
0.035282 -0.988351 0.148044
0.002882 -0.990194 0.139673
-0.003334 -0.994852 -0.101287
-0.038258 -0.990851 -0.129426
0.043502 -0.985145 0.166120
-0.038258 -0.990851 -0.129426
-0.035439 -0.991393 -0.126030
-0.055158 -0.985303 -0.161664
-0.045428 -0.988394 -0.144961
-0.035439 -0.991393 -0.126030
-0.074353 -0.964428 -0.253675
-0.102321 -0.942193 -0.319064
-0.055158 -0.985303 -0.161664
-0.074353 -0.964428 -0.253675
-0.219682 -0.475765 -0.851696
-0.264621 -0.418498 -0.868813
-0.102321 -0.942193 -0.319064
-0.219682 -0.475765 -0.851696
-0.219444 0.477230 -0.850938
-0.264362 0.420288 -0.868027
-0.264621 -0.418498 -0.868813
-0.219444 0.477230 -0.850938
-0.073889 0.964878 -0.252093
-0.101784 0.942822 -0.317375
-0.264362 0.420288 -0.868027
-0.073889 0.964878 -0.252093
-0.035177 0.991520 -0.125100
-0.054765 0.985515 -0.160503
-0.101784 0.942822 -0.317375
-0.035177 0.991520 -0.125100
-0.037975 0.990986 -0.128469
-0.045097 0.988563 -0.143906
-0.054765 0.985515 -0.160503
-0.037975 0.990986 -0.128469
0.043191 0.985360 0.164924
0.084356 0.981931 0.169395
-0.045097 0.988563 -0.143906
0.043191 0.985360 0.164924
0.035025 0.988521 0.146966
0.063515 0.986906 0.148262
0.084356 0.981931 0.169395
0.035025 0.988521 0.146966
0.072221 0.908122 0.412430
0.181571 0.921198 0.344131
0.063515 0.986906 0.148262
0.072221 0.908122 0.412430
0.144813 0.367119 0.918832
0.383820 0.386887 0.838452
0.181571 0.921198 0.344131
0.144813 0.367119 0.918832
0.144921 -0.365416 0.919494
0.384172 -0.385208 0.839063
0.383820 0.386887 0.838452
0.144921 -0.365416 0.919494
0.072524 -0.907247 0.414299
0.182456 -0.920381 0.345846
0.384172 -0.385208 0.839063
0.072524 -0.907247 0.414299
0.035282 -0.988351 0.148044
0.063976 -0.986716 0.149330
0.182456 -0.920381 0.345846
0.035282 -0.988351 0.148044
0.043502 -0.985145 0.166120
0.084950 -0.981672 0.170599
0.063976 -0.986716 0.149330
0.043502 -0.985145 0.166120
-0.038258 -0.990851 -0.129426
-0.045428 -0.988394 -0.144961
0.084950 -0.981672 0.170599
-0.045428 -0.988394 -0.144961
-0.055158 -0.985303 -0.161664
-0.094520 -0.978821 -0.181594
-0.074524 -0.984500 -0.158762
-0.055158 -0.985303 -0.161664
-0.102321 -0.942193 -0.319064
-0.141282 -0.914052 -0.380195
-0.094520 -0.978821 -0.181594
-0.102321 -0.942193 -0.319064
-0.264621 -0.418498 -0.868813
-0.318667 -0.364347 -0.875044
-0.141282 -0.914052 -0.380195
-0.264621 -0.418498 -0.868813
-0.264362 0.420288 -0.868027
-0.318423 0.366145 -0.874382
-0.318667 -0.364347 -0.875044
-0.264362 0.420288 -0.868027
-0.101784 0.942822 -0.317375
-0.140660 0.914852 -0.378497
-0.318423 0.366145 -0.874382
-0.101784 0.942822 -0.317375
-0.054765 0.985515 -0.160503
-0.093879 0.979113 -0.180348
-0.140660 0.914852 -0.378497
-0.054765 0.985515 -0.160503
-0.045097 0.988563 -0.143906
-0.073998 0.984720 -0.157643
-0.093879 0.979113 -0.180348
-0.045097 0.988563 -0.143906
0.084356 0.981931 0.169395
0.125274 0.976063 0.177785
-0.073998 0.984720 -0.157643
0.084356 0.981931 0.169395
0.063515 0.986906 0.148262
0.102839 0.982056 0.158083
0.125274 0.976063 0.177785
0.063515 0.986906 0.148262
0.181571 0.921198 0.344131
0.228422 0.935510 0.269528
0.102839 0.982056 0.158083
0.181571 0.921198 0.344131
0.383820 0.386887 0.838452
0.558441 0.409679 0.721323
0.228422 0.935510 0.269528
0.383820 0.386887 0.838452
0.384172 -0.385208 0.839063
0.558902 -0.408009 0.721912
0.558441 0.409679 0.721323
0.384172 -0.385208 0.839063
0.182456 -0.920381 0.345846
0.229579 -0.934823 0.270923
0.558902 -0.408009 0.721912
0.182456 -0.920381 0.345846
0.063976 -0.986716 0.149330
0.103560 -0.981802 0.159189
0.229579 -0.934823 0.270923
0.063976 -0.986716 0.149330
0.084950 -0.981672 0.170599
0.126113 -0.975735 0.178986
0.103560 -0.981802 0.159189
0.084950 -0.981672 0.170599
-0.045428 -0.988394 -0.144961
-0.074524 -0.984500 -0.158762
0.126113 -0.975735 0.178986
-0.074524 -0.984500 -0.158762
-0.094520 -0.978821 -0.181594
-0.111888 -0.970801 -0.212193
-0.114794 -0.971214 -0.208723
-0.094520 -0.978821 -0.181594
-0.141282 -0.914052 -0.380195
-0.125419 -0.917987 -0.376257
-0.111888 -0.970801 -0.212193
-0.141282 -0.914052 -0.380195
-0.318667 -0.364347 -0.875044
-0.293953 -0.368670 -0.881858
-0.125419 -0.917987 -0.376257
-0.318667 -0.364347 -0.875044
-0.318423 0.366145 -0.874382
-0.293724 0.370487 -0.881173
-0.293953 -0.368670 -0.881858
-0.318423 0.366145 -0.874382
-0.140660 0.914852 -0.378497
-0.124851 0.918761 -0.374553
-0.293724 0.370487 -0.881173
-0.140660 0.914852 -0.378497
-0.093879 0.979113 -0.180348
-0.111160 0.971184 -0.210822
-0.124851 0.918761 -0.374553
-0.093879 0.979113 -0.180348
-0.073998 0.984720 -0.157643
-0.114036 0.971599 -0.207341
-0.111160 0.971184 -0.210822
-0.073998 0.984720 -0.157643
0.125274 0.976063 0.177785
0.144773 0.967050 0.209417
-0.114036 0.971599 -0.207341
0.125274 0.976063 0.177785
0.102839 0.982056 0.158083
0.145682 0.968390 0.202480
0.144773 0.967050 0.209417
0.102839 0.982056 0.158083
0.228422 0.935510 0.269528
0.268819 0.910899 0.313049
0.145682 0.968390 0.202480
0.228422 0.935510 0.269528
0.558441 0.409679 0.721323
0.619110 0.379899 0.687299
0.268819 0.910899 0.313049
0.558441 0.409679 0.721323
0.558902 -0.408009 0.721912
0.619608 -0.378028 0.687882
0.619110 0.379899 0.687299
0.558902 -0.408009 0.721912
0.229579 -0.934823 0.270923
0.269930 -0.910134 0.314315
0.619608 -0.378028 0.687882
0.229579 -0.934823 0.270923
0.103560 -0.981802 0.159189
0.146630 -0.967969 0.203804
0.269930 -0.910134 0.314315
0.103560 -0.981802 0.159189
0.126113 -0.975735 0.178986
0.145695 -0.966624 0.210740
0.146630 -0.967969 0.203804
0.126113 -0.975735 0.178986
-0.074524 -0.984500 -0.158762
-0.114794 -0.971214 -0.208723
0.145695 -0.966624 0.210740
-0.114794 -0.971214 -0.208723
-0.111888 -0.970801 -0.212193
-0.113475 -0.967273 -0.226951
-0.113475 -0.967273 -0.226951
-0.111888 -0.970801 -0.212193
-0.125419 -0.917987 -0.376257
-0.143554 -0.922438 -0.358469
-0.113475 -0.967273 -0.226951
-0.125419 -0.917987 -0.376257
-0.293953 -0.368670 -0.881858
-0.360784 -0.366883 -0.857457
-0.143554 -0.922438 -0.358469
-0.293953 -0.368670 -0.881858
-0.293724 0.370487 -0.881173
-0.360508 0.368749 -0.856772
-0.360784 -0.366883 -0.857457
-0.293724 0.370487 -0.881173
-0.124851 0.918761 -0.374553
-0.142887 0.923168 -0.356852
-0.360508 0.368749 -0.856772
-0.124851 0.918761 -0.374553
-0.111160 0.971184 -0.210822
-0.112751 0.967696 -0.225502
-0.142887 0.923168 -0.356852
-0.111160 0.971184 -0.210822
-0.114036 0.971599 -0.207341
-0.112751 0.967696 -0.225502
-0.112751 0.967696 -0.225502
-0.114036 0.971599 -0.207341
0.144773 0.967050 0.209417
0.120429 0.968899 0.216176
-0.112751 0.967696 -0.225502
0.144773 0.967050 0.209417
0.145682 0.968390 0.202480
0.140583 0.962553 0.231793
0.120429 0.968899 0.216176
0.145682 0.968390 0.202480
0.268819 0.910899 0.313049
0.206202 0.919412 0.334907
0.140583 0.962553 0.231793
0.268819 0.910899 0.313049
0.619110 0.379899 0.687299
0.524767 0.344680 0.778342
0.206202 0.919412 0.334907
0.619110 0.379899 0.687299
0.619608 -0.378028 0.687882
0.525117 -0.342813 0.778930
0.524767 0.344680 0.778342
0.619608 -0.378028 0.687882
0.269930 -0.910134 0.314315
0.207129 -0.918683 0.336333
0.525117 -0.342813 0.778930
0.269930 -0.910134 0.314315
0.146630 -0.967969 0.203804
0.141456 -0.962073 0.233250
0.207129 -0.918683 0.336333
0.146630 -0.967969 0.203804
0.145695 -0.966624 0.210740
0.121207 -0.968492 0.217559
0.141456 -0.962073 0.233250
0.145695 -0.966624 0.210740
-0.114794 -0.971214 -0.208723
-0.113475 -0.967273 -0.226951
0.121207 -0.968492 0.217559
-0.113475 -0.967273 -0.226951
-0.113475 -0.967273 -0.226951
0.735724 -0.668003 -0.111723
0.602867 -0.762701 -0.234178
-0.113475 -0.967273 -0.226951
-0.143554 -0.922438 -0.358469
0.540059 -0.741930 -0.397336
0.735724 -0.668003 -0.111723
-0.143554 -0.922438 -0.358469
-0.360784 -0.366883 -0.857457
0.460336 -0.308253 -0.832509
0.540059 -0.741930 -0.397336
-0.360784 -0.366883 -0.857457
-0.360508 0.368749 -0.856772
0.460131 0.309648 -0.832104
0.460336 -0.308253 -0.832509
-0.360508 0.368749 -0.856772
-0.142887 0.923168 -0.356852
0.540753 0.742438 -0.395440
0.460131 0.309648 -0.832104
-0.142887 0.923168 -0.356852
-0.112751 0.967696 -0.225502
0.735494 0.668375 -0.111007
0.540753 0.742438 -0.395440
-0.112751 0.967696 -0.225502
-0.112751 0.967696 -0.225502
0.603530 0.762676 -0.232543
0.735494 0.668375 -0.111007
-0.112751 0.967696 -0.225502
0.120429 0.968899 0.216176
0.688410 0.715521 0.118837
0.603530 0.762676 -0.232543
0.120429 0.968899 0.216176
0.140583 0.962553 0.231793
0.805895 0.566318 0.172673
0.688410 0.715521 0.118837
0.140583 0.962553 0.231793
0.206202 0.919412 0.334907
0.680476 0.703693 0.204373
0.805895 0.566318 0.172673
0.206202 0.919412 0.334907
0.524767 0.344680 0.778342
0.781028 0.267085 0.564500
0.680476 0.703693 0.204373
0.524767 0.344680 0.778342
0.525117 -0.342813 0.778930
0.781449 -0.265472 0.564679
0.781028 0.267085 0.564500
0.525117 -0.342813 0.778930
0.207129 -0.918683 0.336333
0.680403 -0.703457 0.205426
0.781449 -0.265472 0.564679
0.207129 -0.918683 0.336333
0.141456 -0.962073 0.233250
0.806500 -0.565193 0.173536
0.680403 -0.703457 0.205426
0.141456 -0.962073 0.233250
0.121207 -0.968492 0.217559
0.688313 -0.715476 0.119663
0.806500 -0.565193 0.173536
0.121207 -0.968492 0.217559
-0.113475 -0.967273 -0.226951
0.602867 -0.762701 -0.234178
0.688313 -0.715476 0.119663
0.602867 -0.762701 -0.234178
0.735724 -0.668003 -0.111723
1.000000 0.000000 0.000000
1.000000 0.000000 0.000000
0.735724 -0.668003 -0.111723
0.540059 -0.741930 -0.397336
1.000000 0.000000 0.000000
1.000000 0.000000 0.000000
0.540059 -0.741930 -0.397336
0.460336 -0.308253 -0.832509
1.000000 0.000000 0.000000
1.000000 0.000000 0.000000
0.460336 -0.308253 -0.832509
0.460131 0.309648 -0.832104
1.000000 0.000000 0.000000
1.000000 0.000000 0.000000
0.460131 0.309648 -0.832104
0.540753 0.742438 -0.395440
1.000000 0.000000 0.000000
1.000000 0.000000 0.000000
0.540753 0.742438 -0.395440
0.735494 0.668375 -0.111007
1.000000 0.000000 0.000000
1.000000 0.000000 0.000000
0.735494 0.668375 -0.111007
0.603530 0.762676 -0.232543
1.000000 0.000000 0.000000
1.000000 0.000000 0.000000
0.603530 0.762676 -0.232543
0.688410 0.715521 0.118837
1.000000 0.000000 0.000000
1.000000 0.000000 0.000000
0.688410 0.715521 0.118837
0.805895 0.566318 0.172673
1.000000 0.000000 0.000000
1.000000 0.000000 0.000000
0.805895 0.566318 0.172673
0.680476 0.703693 0.204373
1.000000 0.000000 0.000000
1.000000 0.000000 0.000000
0.680476 0.703693 0.204373
0.781028 0.267085 0.564500
1.000000 0.000000 0.000000
1.000000 0.000000 0.000000
0.781028 0.267085 0.564500
0.781449 -0.265472 0.564679
1.000000 0.000000 0.000000
1.000000 0.000000 0.000000
0.781449 -0.265472 0.564679
0.680403 -0.703457 0.205426
1.000000 0.000000 0.000000
1.000000 0.000000 0.000000
0.680403 -0.703457 0.205426
0.806500 -0.565193 0.173536
1.000000 0.000000 0.000000
1.000000 0.000000 0.000000
0.806500 -0.565193 0.173536
0.688313 -0.715476 0.119663
1.000000 0.000000 0.000000
1.000000 0.000000 0.000000
0.688313 -0.715476 0.119663
0.602867 -0.762701 -0.234178
1.000000 0.000000 0.000000
1.000000 0.000000 0.000000
1.000000 0.000000 0.000000
1.000000 0.000000 0.000000
1.000000 0.000000 0.000000
1.000000 0.000000 0.000000
1.000000 0.000000 0.000000
1.000000 0.000000 0.000000
1.000000 0.000000 0.000000
1.000000 0.000000 0.000000
1.000000 0.000000 0.000000
1.000000 0.000000 0.000000
1.000000 0.000000 0.000000
1.000000 0.000000 0.000000
1.000000 0.000000 0.000000
1.000000 0.000000 0.000000
1.000000 0.000000 0.000000
1.000000 0.000000 0.000000
1.000000 0.000000 0.000000
1.000000 0.000000 0.000000
1.000000 0.000000 0.000000
1.000000 0.000000 0.000000
1.000000 0.000000 0.000000
1.000000 0.000000 0.000000
1.000000 0.000000 0.000000
1.000000 0.000000 0.000000
1.000000 0.000000 0.000000
1.000000 0.000000 0.000000
1.000000 0.000000 0.000000
1.000000 0.000000 0.000000
1.000000 0.000000 0.000000
1.000000 0.000000 0.000000
1.000000 0.000000 0.000000
1.000000 0.000000 0.000000
1.000000 0.000000 0.000000
1.000000 0.000000 0.000000
1.000000 0.000000 0.000000
1.000000 0.000000 0.000000
1.000000 0.000000 0.000000
1.000000 0.000000 0.000000
1.000000 0.000000 0.000000
1.000000 0.000000 0.000000
1.000000 0.000000 0.000000
1.000000 0.000000 0.000000
1.000000 0.000000 0.000000
1.000000 0.000000 0.000000
1.000000 0.000000 0.000000
1.000000 0.000000 0.000000
1.000000 0.000000 0.000000
1.000000 0.000000 0.000000
1.000000 0.000000 0.000000
1.000000 0.000000 0.000000
1.000000 0.000000 0.000000
1.000000 0.000000 0.000000
1.000000 0.000000 0.000000
1.000000 0.000000 0.000000
1.000000 0.000000 0.000000
1.000000 0.000000 0.000000
1.000000 0.000000 0.000000
1.000000 0.000000 0.000000
1.000000 0.000000 0.000000
1.000000 0.000000 0.000000
1.000000 0.000000 0.000000
1.000000 0.000000 0.000000
1.000000 0.000000 0.000000
1.000000 0.000000 0.000000
1.000000 0.000000 0.000000
1.000000 0.000000 0.000000
0.690557 -0.719868 0.070159
0.580572 -0.786111 -0.212052
1.000000 0.000000 0.000000
1.000000 0.000000 0.000000
0.948627 -0.202315 0.243262
0.690557 -0.719868 0.070159
1.000000 0.000000 0.000000
1.000000 0.000000 0.000000
0.979272 -0.016501 0.201878
0.948627 -0.202315 0.243262
1.000000 0.000000 0.000000
1.000000 0.000000 0.000000
0.979987 0.000086 0.199062
0.979272 -0.016501 0.201878
1.000000 0.000000 0.000000
1.000000 0.000000 0.000000
0.993947 0.018061 0.108366
0.979987 0.000086 0.199062
1.000000 0.000000 0.000000
1.000000 0.000000 0.000000
0.926036 0.362913 0.103689
0.993947 0.018061 0.108366
1.000000 0.000000 0.000000
1.000000 0.000000 0.000000
0.683975 0.728613 0.036071
0.926036 0.362913 0.103689
1.000000 0.000000 0.000000
1.000000 0.000000 0.000000
0.609561 0.757099 -0.235023
0.683975 0.728613 0.036071
1.000000 0.000000 0.000000
1.000000 0.000000 0.000000
0.788480 0.593081 -0.162953
0.609561 0.757099 -0.235023
1.000000 0.000000 0.000000
1.000000 0.000000 0.000000
0.604593 0.715254 -0.350541
0.788480 0.593081 -0.162953
1.000000 0.000000 0.000000
1.000000 0.000000 0.000000
0.858682 0.120698 -0.498094
0.604593 0.715254 -0.350541
1.000000 0.000000 0.000000
1.000000 0.000000 0.000000
0.858670 -0.119888 -0.498309
0.858682 0.120698 -0.498094
1.000000 0.000000 0.000000
1.000000 0.000000 0.000000
0.605134 -0.714483 -0.351178
0.858670 -0.119888 -0.498309
1.000000 0.000000 0.000000
1.000000 0.000000 0.000000
0.707107 -0.707107 0.000000
0.605134 -0.714483 -0.351178
1.000000 0.000000 0.000000
1.000000 0.000000 0.000000
0.748771 -0.653394 -0.111436
0.707107 -0.707107 0.000000
1.000000 0.000000 0.000000
1.000000 0.000000 0.000000
0.580572 -0.786111 -0.212052
0.748771 -0.653394 -0.111436
0.580572 -0.786111 -0.212052
0.690557 -0.719868 0.070159
0.418427 -0.884253 0.207400
-0.032221 -0.994654 -0.098112
0.690557 -0.719868 0.070159
0.948627 -0.202315 0.243262
0.756699 -0.482485 0.441151
0.418427 -0.884253 0.207400
0.948627 -0.202315 0.243262
0.979272 -0.016501 0.201878
0.878322 -0.105020 0.466392
0.756699 -0.482485 0.441151
0.979272 -0.016501 0.201878
0.979987 0.000086 0.199062
0.868625 0.028776 0.494635
0.878322 -0.105020 0.466392
0.979987 0.000086 0.199062
0.993947 0.018061 0.108366
0.872523 0.389826 0.294516
0.868625 0.028776 0.494635
0.993947 0.018061 0.108366
0.926036 0.362913 0.103689
0.458373 0.882772 0.102996
0.872523 0.389826 0.294516
0.926036 0.362913 0.103689
0.683975 0.728613 0.036071
0.238673 0.963038 0.124875
0.458373 0.882772 0.102996
0.683975 0.728613 0.036071
0.609561 0.757099 -0.235023
0.003743 0.989106 -0.147155
0.238673 0.963038 0.124875
0.609561 0.757099 -0.235023
0.788480 0.593081 -0.162953
0.004542 0.983824 -0.179078
0.003743 0.989106 -0.147155
0.788480 0.593081 -0.162953
0.604593 0.715254 -0.350541
0.232438 0.882785 -0.408245
0.004542 0.983824 -0.179078
0.604593 0.715254 -0.350541
0.858682 0.120698 -0.498094
0.510723 0.290194 -0.809289
0.232438 0.882785 -0.408245
0.858682 0.120698 -0.498094
0.858670 -0.119888 -0.498309
0.510995 -0.288443 -0.809744
0.510723 0.290194 -0.809289
0.858670 -0.119888 -0.498309
0.605134 -0.714483 -0.351178
0.241490 -0.872870 -0.424006
0.510995 -0.288443 -0.809744
0.605134 -0.714483 -0.351178
0.707107 -0.707107 0.000000
0.000000 -1.000000 0.000000
0.241490 -0.872870 -0.424006
0.707107 -0.707107 0.000000
0.748771 -0.653394 -0.111436
-0.061333 -0.988481 -0.138360
0.000000 -1.000000 0.000000
0.748771 -0.653394 -0.111436
0.580572 -0.786111 -0.212052
-0.032221 -0.994654 -0.098112
-0.061333 -0.988481 -0.138360
-0.032221 -0.994654 -0.098112
0.418427 -0.884253 0.207400
0.212062 -0.960654 0.179368
0.061118 -0.996906 -0.049430
0.418427 -0.884253 0.207400
0.756699 -0.482485 0.441151
0.551156 -0.668043 0.499945
0.212062 -0.960654 0.179368
0.756699 -0.482485 0.441151
0.878322 -0.105020 0.466392
0.689647 -0.223817 0.688689
0.551156 -0.668043 0.499945
0.878322 -0.105020 0.466392
0.868625 0.028776 0.494635
0.723785 0.055332 0.687804
0.689647 -0.223817 0.688689
0.868625 0.028776 0.494635
0.872523 0.389826 0.294516
0.492213 0.754348 0.434379
0.723785 0.055332 0.687804
0.872523 0.389826 0.294516
0.458373 0.882772 0.102996
0.044370 0.997248 0.059390
0.492213 0.754348 0.434379
0.458373 0.882772 0.102996
0.238673 0.963038 0.124875
0.083114 0.992978 0.084184
0.044370 0.997248 0.059390
0.238673 0.963038 0.124875
0.003743 0.989106 -0.147155
0.070205 0.994535 -0.077281
0.083114 0.992978 0.084184
0.003743 0.989106 -0.147155
0.004542 0.983824 -0.179078
0.182331 0.978433 -0.097076
0.070205 0.994535 -0.077281
0.004542 0.983824 -0.179078
0.232438 0.882785 -0.408245
0.456310 0.808238 -0.372201
0.182331 0.978433 -0.097076
0.232438 0.882785 -0.408245
0.510723 0.290194 -0.809289
0.622822 0.285517 -0.728404
0.456310 0.808238 -0.372201
0.510723 0.290194 -0.809289
0.510995 -0.288443 -0.809744
0.610825 -0.232737 -0.756787
0.622822 0.285517 -0.728404
0.510995 -0.288443 -0.809744
0.241490 -0.872870 -0.424006
0.422574 -0.825266 -0.374657
0.610825 -0.232737 -0.756787
0.241490 -0.872870 -0.424006
0.000000 -1.000000 0.000000
0.199138 -0.979751 -0.020785
0.422574 -0.825266 -0.374657
0.000000 -1.000000 0.000000
-0.061333 -0.988481 -0.138360
0.155126 -0.985230 -0.072512
0.199138 -0.979751 -0.020785
-0.061333 -0.988481 -0.138360
-0.032221 -0.994654 -0.098112
0.061118 -0.996906 -0.049430
0.155126 -0.985230 -0.072512
0.061118 -0.996906 -0.049430
0.212062 -0.960654 0.179368
0.029261 -0.992259 0.120691
0.067324 -0.997559 -0.018541
0.212062 -0.960654 0.179368
0.551156 -0.668043 0.499945
0.198164 -0.848517 0.490663
0.029261 -0.992259 0.120691
0.551156 -0.668043 0.499945
0.689647 -0.223817 0.688689
0.383898 -0.434816 0.814590
0.198164 -0.848517 0.490663
0.689647 -0.223817 0.688689
0.723785 0.055332 0.687804
0.394178 0.102638 0.913285
0.383898 -0.434816 0.814590
0.723785 0.055332 0.687804
0.492213 0.754348 0.434379
0.262370 0.791141 0.552502
0.394178 0.102638 0.913285
0.492213 0.754348 0.434379
0.044370 0.997248 0.059390
-0.004216 0.999647 0.026241
0.262370 0.791141 0.552502
0.044370 0.997248 0.059390
0.083114 0.992978 0.084184
-0.012019 0.998203 0.058714
-0.004216 0.999647 0.026241
0.083114 0.992978 0.084184
0.070205 0.994535 -0.077281
0.091866 0.995327 -0.029730
-0.012019 0.998203 0.058714
0.070205 0.994535 -0.077281
0.182331 0.978433 -0.097076
0.365855 0.927278 -0.079407
0.091866 0.995327 -0.029730
0.182331 0.978433 -0.097076
0.456310 0.808238 -0.372201
0.937288 0.238851 -0.253853
0.365855 0.927278 -0.079407
0.456310 0.808238 -0.372201
0.622822 0.285517 -0.728404
0.925942 0.159492 -0.342336
0.937288 0.238851 -0.253853
0.622822 0.285517 -0.728404
0.610825 -0.232737 -0.756787
0.905070 -0.086073 -0.416462
0.925942 0.159492 -0.342336
0.610825 -0.232737 -0.756787
0.422574 -0.825266 -0.374657
0.346263 -0.906712 -0.240781
0.905070 -0.086073 -0.416462
0.422574 -0.825266 -0.374657
0.199138 -0.979751 -0.020785
0.353632 -0.934684 -0.036213
0.346263 -0.906712 -0.240781
0.199138 -0.979751 -0.020785
0.155126 -0.985230 -0.072512
0.217130 -0.975192 -0.043065
0.353632 -0.934684 -0.036213
0.155126 -0.985230 -0.072512
0.061118 -0.996906 -0.049430
0.067324 -0.997559 -0.018541
0.217130 -0.975192 -0.043065
0.067324 -0.997559 -0.018541
0.029261 -0.992259 0.120691
-0.003294 -0.999545 0.029982
0.056125 -0.998323 -0.014197
0.029261 -0.992259 0.120691
0.198164 -0.848517 0.490663
0.018574 -0.967842 0.250874
-0.003294 -0.999545 0.029982
0.198164 -0.848517 0.490663
0.383898 -0.434816 0.814590
0.176523 -0.664010 0.726588
0.018574 -0.967842 0.250874
0.383898 -0.434816 0.814590
0.394178 0.102638 0.913285
0.242755 0.188773 0.951543
0.176523 -0.664010 0.726588
0.394178 0.102638 0.913285
0.262370 0.791141 0.552502
0.079137 0.917874 0.388902
0.242755 0.188773 0.951543
0.262370 0.791141 0.552502
-0.004216 0.999647 0.026241
-0.021259 0.999383 0.027972
0.079137 0.917874 0.388902
-0.004216 0.999647 0.026241
-0.012019 0.998203 0.058714
-0.002922 0.999923 0.012099
-0.021259 0.999383 0.027972
-0.012019 0.998203 0.058714
0.091866 0.995327 -0.029730
0.124982 0.991709 -0.029887
-0.002922 0.999923 0.012099
0.091866 0.995327 -0.029730
0.365855 0.927278 -0.079407
0.776750 0.624798 -0.079292
0.124982 0.991709 -0.029887
0.365855 0.927278 -0.079407
0.937288 0.238851 -0.253853
0.574848 0.743530 -0.341632
0.776750 0.624798 -0.079292
0.937288 0.238851 -0.253853
0.925942 0.159492 -0.342336
0.755397 0.591966 -0.280982
0.574848 0.743530 -0.341632
0.925942 0.159492 -0.342336
0.905070 -0.086073 -0.416462
0.531483 0.267592 -0.803691
0.755397 0.591966 -0.280982
0.905070 -0.086073 -0.416462
0.346263 -0.906712 -0.240781
0.578575 -0.734218 -0.355210
0.531483 0.267592 -0.803691
0.346263 -0.906712 -0.240781
0.353632 -0.934684 -0.036213
-0.097580 -0.994988 -0.021848
0.578575 -0.734218 -0.355210
0.353632 -0.934684 -0.036213
0.217130 -0.975192 -0.043065
0.240143 -0.969164 -0.055253
-0.097580 -0.994988 -0.021848
0.217130 -0.975192 -0.043065
0.067324 -0.997559 -0.018541
0.056125 -0.998323 -0.014197
0.240143 -0.969164 -0.055253
0.056125 -0.998323 -0.014197
-0.003294 -0.999545 0.029982
0.010384 -0.999313 0.035586
0.029944 -0.999543 -0.004137
-0.003294 -0.999545 0.029982
0.018574 -0.967842 0.250874
0.059792 -0.977910 0.200290
0.010384 -0.999313 0.035586
0.018574 -0.967842 0.250874
0.176523 -0.664010 0.726588
0.201931 -0.691729 0.693351
0.059792 -0.977910 0.200290
0.176523 -0.664010 0.726588
0.242755 0.188773 0.951543
0.284351 0.196713 0.938322
0.201931 -0.691729 0.693351
0.242755 0.188773 0.951543
0.079137 0.917874 0.388902
0.125604 0.913247 0.387560
0.284351 0.196713 0.938322
0.079137 0.917874 0.388902
-0.021259 0.999383 0.027972
0.003125 0.999875 0.015494
0.125604 0.913247 0.387560
-0.021259 0.999383 0.027972
-0.002922 0.999923 0.012099
0.003285 0.999868 0.015922
0.003125 0.999875 0.015494
-0.002922 0.999923 0.012099
0.124982 0.991709 -0.029887
0.000000 0.999746 -0.022533
0.003285 0.999868 0.015922
0.124982 0.991709 -0.029887
0.776750 0.624798 -0.079292
0.000000 0.999746 -0.022533
0.000000 0.999746 -0.022533
0.776750 0.624798 -0.079292
0.574848 0.743530 -0.341632
-0.045502 0.923358 -0.381235
0.000000 0.999746 -0.022533
0.574848 0.743530 -0.341632
0.755397 0.591966 -0.280982
-0.044881 0.924554 -0.378399
-0.045502 0.923358 -0.381235
0.755397 0.591966 -0.280982
0.531483 0.267592 -0.803691
-0.108895 0.381056 -0.918117
-0.044881 0.924554 -0.378399
0.531483 0.267592 -0.803691
0.578575 -0.734218 -0.355210
-0.045502 -0.923359 -0.381231
-0.108895 0.381056 -0.918117
0.578575 -0.734218 -0.355210
-0.097580 -0.994988 -0.021848
0.023826 -0.998524 -0.048799
-0.045502 -0.923359 -0.381231
-0.097580 -0.994988 -0.021848
0.240143 -0.969164 -0.055253
0.048159 -0.996975 -0.061007
0.023826 -0.998524 -0.048799
0.240143 -0.969164 -0.055253
0.056125 -0.998323 -0.014197
0.029944 -0.999543 -0.004137
0.048159 -0.996975 -0.061007
0.029944 -0.999543 -0.004137
0.010384 -0.999313 0.035586
0.011527 -0.999175 0.038932
0.000000 -1.000000 0.000000
0.010384 -0.999313 0.035586
0.059792 -0.977910 0.200290
0.052418 -0.978892 0.197542
0.011527 -0.999175 0.038932
0.059792 -0.977910 0.200290
0.201931 -0.691729 0.693351
0.180550 -0.700135 0.690805
0.052418 -0.978892 0.197542
0.201931 -0.691729 0.693351
0.284351 0.196713 0.938322
0.261888 0.152950 0.952901
0.180550 -0.700135 0.690805
0.284351 0.196713 0.938322
0.125604 0.913247 0.387560
0.130988 0.885577 0.445640
0.261888 0.152950 0.952901
0.125604 0.913247 0.387560
0.003125 0.999875 0.015494
0.002445 0.999878 0.015421
0.130988 0.885577 0.445640
0.003125 0.999875 0.015494
0.003285 0.999868 0.015922
0.002623 0.999868 0.016021
0.002445 0.999878 0.015421
0.003285 0.999868 0.015922
0.000000 0.999746 -0.022533
0.000000 0.999746 -0.022533
0.002623 0.999868 0.016021
0.000000 0.999746 -0.022533
0.000000 0.999746 -0.022533
0.000000 0.999746 -0.022533
0.000000 0.999746 -0.022533
0.000000 0.999746 -0.022533
-0.045502 0.923358 -0.381235
-0.022429 0.929764 -0.367473
0.000000 0.999746 -0.022533
-0.045502 0.923358 -0.381235
-0.044881 0.924554 -0.378399
-0.025413 0.919023 -0.393385
-0.022429 0.929764 -0.367473
-0.044881 0.924554 -0.378399
-0.108895 0.381056 -0.918117
-0.059225 0.394986 -0.916776
-0.025413 0.919023 -0.393385
-0.108895 0.381056 -0.918117
-0.045502 -0.923359 -0.381231
-0.022429 -0.929764 -0.367471
-0.059225 0.394986 -0.916776
-0.045502 -0.923359 -0.381231
0.023826 -0.998524 -0.048799
-0.009921 -0.997319 -0.072504
-0.022429 -0.929764 -0.367471
0.023826 -0.998524 -0.048799
0.048159 -0.996975 -0.061007
-0.007435 -0.998010 -0.062616
-0.009921 -0.997319 -0.072504
0.048159 -0.996975 -0.061007
0.029944 -0.999543 -0.004137
0.000000 -1.000000 0.000000
-0.007435 -0.998010 -0.062616
0.000000 -1.000000 0.000000
0.011527 -0.999175 0.038932
0.011088 -0.999213 0.038078
0.000000 -1.000000 0.000000
0.011527 -0.999175 0.038932
0.052418 -0.978892 0.197542
0.059896 -0.979010 0.194812
0.011088 -0.999213 0.038078
0.052418 -0.978892 0.197542
0.180550 -0.700135 0.690805
0.216023 -0.701120 0.679533
0.059896 -0.979010 0.194812
0.180550 -0.700135 0.690805
0.261888 0.152950 0.952901
0.291828 0.161117 0.942803
0.216023 -0.701120 0.679533
0.261888 0.152950 0.952901
0.130988 0.885577 0.445640
0.128760 0.888541 0.440360
0.291828 0.161117 0.942803
0.130988 0.885577 0.445640
0.002445 0.999878 0.015421
0.001937 0.999897 0.014204
0.128760 0.888541 0.440360
0.002445 0.999878 0.015421
0.002623 0.999868 0.016021
-0.020702 0.999723 0.011182
0.001937 0.999897 0.014204
0.002623 0.999868 0.016021
0.000000 0.999746 -0.022533
-0.045251 0.998736 -0.021896
-0.020702 0.999723 0.011182
0.000000 0.999746 -0.022533
0.000000 0.999746 -0.022533
-0.022646 0.999568 -0.018764
-0.045251 0.998736 -0.021896
0.000000 0.999746 -0.022533
-0.022429 0.929764 -0.367473
0.006720 0.942539 -0.334029
-0.022646 0.999568 -0.018764
-0.022429 0.929764 -0.367473
-0.025413 0.919023 -0.393385
0.007025 0.939886 -0.341415
0.006720 0.942539 -0.334029
-0.025413 0.919023 -0.393385
-0.059225 0.394986 -0.916776
0.000000 0.380872 -0.924628
0.007025 0.939886 -0.341415
-0.059225 0.394986 -0.916776
-0.022429 -0.929764 -0.367471
0.000000 -0.924628 -0.380872
0.000000 0.380872 -0.924628
-0.022429 -0.929764 -0.367471
-0.009921 -0.997319 -0.072504
0.000000 -0.997805 -0.066227
0.000000 -0.924628 -0.380872
-0.009921 -0.997319 -0.072504
-0.007435 -0.998010 -0.062616
0.000000 -0.997805 -0.066227
0.000000 -0.997805 -0.066227
-0.007435 -0.998010 -0.062616
0.000000 -1.000000 0.000000
0.000000 -1.000000 0.000000
0.000000 -0.997805 -0.066227
0.000000 -1.000000 0.000000
0.011088 -0.999213 0.038078
0.013237 -0.999321 0.034389
0.000000 -1.000000 0.000000
0.011088 -0.999213 0.038078
0.059896 -0.979010 0.194812
0.078041 -0.977829 0.194318
0.013237 -0.999321 0.034389
0.059896 -0.979010 0.194812
0.216023 -0.701120 0.679533
0.269554 -0.694158 0.667447
0.078041 -0.977829 0.194318
0.216023 -0.701120 0.679533
0.291828 0.161117 0.942803
0.362222 0.207716 0.908652
0.269554 -0.694158 0.667447
0.291828 0.161117 0.942803
0.128760 0.888541 0.440360
0.139581 0.914810 0.378998
0.362222 0.207716 0.908652
0.128760 0.888541 0.440360
0.001937 0.999897 0.014204
0.002534 0.999904 0.013599
0.139581 0.914810 0.378998
0.001937 0.999897 0.014204
-0.020702 0.999723 0.011182
-0.020332 0.999786 0.003670
0.002534 0.999904 0.013599
-0.020702 0.999723 0.011182
-0.045251 0.998736 -0.021896
-0.045291 0.998759 -0.020700
-0.020332 0.999786 0.003670
-0.045251 0.998736 -0.021896
-0.022646 0.999568 -0.018764
-0.022643 0.999680 -0.011250
-0.045291 0.998759 -0.020700
-0.022646 0.999568 -0.018764
0.006720 0.942539 -0.334029
0.014985 0.960732 -0.277075
-0.022643 0.999680 -0.011250
0.006720 0.942539 -0.334029
0.007025 0.939886 -0.341415
0.015523 0.958654 -0.284152
0.014985 0.960732 -0.277075
0.007025 0.939886 -0.341415
0.000000 0.380872 -0.924628
0.027163 0.303073 -0.952580
0.015523 0.958654 -0.284152
0.000000 0.380872 -0.924628
0.000000 -0.924628 -0.380872
0.009238 -0.942526 -0.334004
0.027163 0.303073 -0.952580
0.000000 -0.924628 -0.380872
0.000000 -0.997805 -0.066227
0.007325 -0.997386 -0.071892
0.009238 -0.942526 -0.334004
0.000000 -0.997805 -0.066227
0.000000 -0.997805 -0.066227
0.005963 -0.997889 -0.064664
0.007325 -0.997386 -0.071892
0.000000 -0.997805 -0.066227
0.000000 -1.000000 0.000000
0.000000 -1.000000 0.000000
0.005963 -0.997889 -0.064664
0.000000 -1.000000 0.000000
0.013237 -0.999321 0.034389
-0.030920 -0.997976 0.055570
0.000000 -1.000000 0.000000
0.013237 -0.999321 0.034389
0.078041 -0.977829 0.194318
-0.125183 -0.961208 0.245781
-0.030920 -0.997976 0.055570
0.078041 -0.977829 0.194318
0.269554 -0.694158 0.667447
-0.199427 -0.643956 0.738613
-0.125183 -0.961208 0.245781
0.269554 -0.694158 0.667447
0.362222 0.207716 0.908652
-0.198583 0.167793 0.965614
-0.199427 -0.643956 0.738613
0.362222 0.207716 0.908652
0.139581 0.914810 0.378998
-0.167066 0.857909 0.485883
-0.198583 0.167793 0.965614
0.139581 0.914810 0.378998
0.002534 0.999904 0.013599
-0.000682 0.999972 0.007420
-0.167066 0.857909 0.485883
0.002534 0.999904 0.013599
-0.020332 0.999786 0.003670
-0.002457 0.999997 0.000068
-0.000682 0.999972 0.007420
-0.020332 0.999786 0.003670
-0.045291 0.998759 -0.020700
0.000000 0.999798 -0.020104
-0.002457 0.999997 0.000068
-0.045291 0.998759 -0.020700
-0.022643 0.999680 -0.011250
0.000000 0.999972 -0.007516
0.000000 0.999798 -0.020104
-0.022643 0.999680 -0.011250
0.014985 0.960732 -0.277075
-0.031523 0.931124 -0.363338
0.000000 0.999972 -0.007516
0.014985 0.960732 -0.277075
0.015523 0.958654 -0.284152
-0.024591 0.949481 -0.312858
-0.031523 0.931124 -0.363338
0.015523 0.958654 -0.284152
0.027163 0.303073 -0.952580
-0.016336 0.270530 -0.962573
-0.024591 0.949481 -0.312858
0.027163 0.303073 -0.952580
0.009238 -0.942526 -0.334004
-0.005429 -0.957647 -0.287895
-0.016336 0.270530 -0.962573
0.009238 -0.942526 -0.334004
0.007325 -0.997386 -0.071892
-0.001657 -0.998986 -0.044997
-0.005429 -0.957647 -0.287895
0.007325 -0.997386 -0.071892
0.005963 -0.997889 -0.064664
-0.003574 -0.998001 -0.063096
-0.001657 -0.998986 -0.044997
0.005963 -0.997889 -0.064664
0.000000 -1.000000 0.000000
0.000000 -1.000000 0.000000
-0.003574 -0.998001 -0.063096
0.000000 -1.000000 0.000000
-0.030920 -0.997976 0.055570
-0.033375 -0.998817 0.035355
0.000000 -1.000000 0.000000
-0.030920 -0.997976 0.055570
-0.125183 -0.961208 0.245781
-0.187324 -0.964923 0.183936
-0.033375 -0.998817 0.035355
-0.125183 -0.961208 0.245781
-0.199427 -0.643956 0.738613
-0.546161 -0.667769 0.505760
-0.187324 -0.964923 0.183936
-0.199427 -0.643956 0.738613
-0.198583 0.167793 0.965614
-0.733122 0.126002 0.668323
-0.546161 -0.667769 0.505760
-0.198583 0.167793 0.965614
-0.167066 0.857909 0.485883
-0.317524 0.888933 0.330115
-0.733122 0.126002 0.668323
-0.167066 0.857909 0.485883
-0.000682 0.999972 0.007420
-0.008092 0.999867 0.014189
-0.317524 0.888933 0.330115
-0.000682 0.999972 0.007420
-0.002457 0.999997 0.000068
0.013438 0.999894 0.005537
-0.008092 0.999867 0.014189
-0.002457 0.999997 0.000068
0.000000 0.999798 -0.020104
0.045433 0.998752 -0.020720
0.013438 0.999894 0.005537
0.000000 0.999798 -0.020104
0.000000 0.999972 -0.007516
0.022643 0.999680 -0.011250
0.045433 0.998752 -0.020720
0.000000 0.999972 -0.007516
-0.031523 0.931124 -0.363338
-0.059731 0.957861 -0.280953
0.022643 0.999680 -0.011250
-0.031523 0.931124 -0.363338
-0.024591 0.949481 -0.312858
-0.062184 0.953250 -0.295717
-0.059731 0.957861 -0.280953
-0.024591 0.949481 -0.312858
-0.016336 0.270530 -0.962573
-0.133351 0.342545 -0.929990
-0.062184 0.953250 -0.295717
-0.016336 0.270530 -0.962573
-0.005429 -0.957647 -0.287895
-0.052128 -0.934894 -0.351077
-0.133351 0.342545 -0.929990
-0.005429 -0.957647 -0.287895
-0.001657 -0.998986 -0.044997
-0.012817 -0.997061 -0.075530
-0.052128 -0.934894 -0.351077
-0.001657 -0.998986 -0.044997
-0.003574 -0.998001 -0.063096
-0.009537 -0.997862 -0.064656
-0.012817 -0.997061 -0.075530
-0.003574 -0.998001 -0.063096
0.000000 -1.000000 0.000000
0.000000 -1.000000 0.000000
-0.009537 -0.997862 -0.064656
0.000000 -1.000000 0.000000
-0.033375 -0.998817 0.035355
-0.016399 -0.999274 0.034402
0.000000 -1.000000 0.000000
-0.033375 -0.998817 0.035355
-0.187324 -0.964923 0.183936
-0.091799 -0.980632 0.173013
-0.016399 -0.999274 0.034402
-0.187324 -0.964923 0.183936
-0.546161 -0.667769 0.505760
-0.327834 -0.728351 0.601690
-0.091799 -0.980632 0.173013
-0.546161 -0.667769 0.505760
-0.733122 0.126002 0.668323
-0.505647 0.163173 0.847169
-0.327834 -0.728351 0.601690
-0.733122 0.126002 0.668323
-0.317524 0.888933 0.330115
-0.194217 0.916803 0.348931
-0.505647 0.163173 0.847169
-0.317524 0.888933 0.330115
-0.008092 0.999867 0.014189
-0.006938 0.999780 0.019796
-0.194217 0.916803 0.348931
-0.008092 0.999867 0.014189
0.013438 0.999894 0.005537
0.019038 0.999721 0.013950
-0.006938 0.999780 0.019796
0.013438 0.999894 0.005537
0.045433 0.998752 -0.020720
0.045394 0.998729 -0.021916
0.019038 0.999721 0.013950
0.045433 0.998752 -0.020720
0.022643 0.999680 -0.011250
0.342095 0.939371 -0.023523
0.045394 0.998729 -0.021916
0.022643 0.999680 -0.011250
-0.059731 0.957861 -0.280953
0.321893 0.929083 -0.182180
0.342095 0.939371 -0.023523
-0.059731 0.957861 -0.280953
-0.062184 0.953250 -0.295717
0.289220 0.936199 -0.199707
0.321893 0.929083 -0.182180
-0.062184 0.953250 -0.295717
-0.133351 0.342545 -0.929990
0.489650 -0.267929 -0.829733
0.289220 0.936199 -0.199707
-0.133351 0.342545 -0.929990
-0.052128 -0.934894 -0.351077
-0.031554 -0.931933 -0.361254
0.489650 -0.267929 -0.829733
-0.052128 -0.934894 -0.351077
-0.012817 -0.997061 -0.075530
0.000000 -0.997805 -0.066227
-0.031554 -0.931933 -0.361254
-0.012817 -0.997061 -0.075530
-0.009537 -0.997862 -0.064656
0.000000 -0.997805 -0.066227
0.000000 -0.997805 -0.066227
-0.009537 -0.997862 -0.064656
0.000000 -1.000000 0.000000
0.000000 -1.000000 0.000000
0.000000 -0.997805 -0.066227
0.000000 -1.000000 0.000000
-0.016399 -0.999274 0.034402
-0.003534 -0.999329 0.036448
0.000000 -1.000000 0.000000
-0.016399 -0.999274 0.034402
-0.091799 -0.980632 0.173013
-0.017871 -0.987137 0.158873
-0.003534 -0.999329 0.036448
-0.091799 -0.980632 0.173013
-0.327834 -0.728351 0.601690
-0.076769 -0.728534 0.680694
-0.017871 -0.987137 0.158873
-0.327834 -0.728351 0.601690
-0.505647 0.163173 0.847169
-0.132332 0.294517 0.946440
-0.076769 -0.728534 0.680694
-0.505647 0.163173 0.847169
-0.194217 0.916803 0.348931
-0.044362 0.950761 0.306734
-0.132332 0.294517 0.946440
-0.194217 0.916803 0.348931
-0.006938 0.999780 0.019796
-0.001076 0.999752 0.022240
-0.044362 0.950761 0.306734
-0.006938 0.999780 0.019796
0.019038 0.999721 0.013950
-0.000876 0.999800 0.019996
-0.001076 0.999752 0.022240
0.019038 0.999721 0.013950
0.045394 0.998729 -0.021916
0.000000 0.999746 -0.022533
-0.000876 0.999800 0.019996
0.045394 0.998729 -0.021916
0.342095 0.939371 -0.023523
0.316292 0.948234 -0.028500
0.000000 0.999746 -0.022533
0.342095 0.939371 -0.023523
0.321893 0.929083 -0.182180
0.365087 0.913797 -0.178009
0.316292 0.948234 -0.028500
0.321893 0.929083 -0.182180
0.289220 0.936199 -0.199707
0.714741 0.665549 -0.214918
0.365087 0.913797 -0.178009
0.289220 0.936199 -0.199707
0.489650 -0.267929 -0.829733
0.712412 -0.498165 -0.494268
0.714741 0.665549 -0.214918
0.489650 -0.267929 -0.829733
-0.031554 -0.931933 -0.361254
0.018065 -0.928746 -0.370275
0.712412 -0.498165 -0.494268
-0.031554 -0.931933 -0.361254
0.000000 -0.997805 -0.066227
0.000000 -0.997805 -0.066227
0.018065 -0.928746 -0.370275
0.000000 -0.997805 -0.066227
0.000000 -0.997805 -0.066227
0.000000 -0.997805 -0.066227
0.000000 -0.997805 -0.066227
0.000000 -0.997805 -0.066227
0.000000 -1.000000 0.000000
0.000000 -1.000000 0.000000
0.000000 -0.997805 -0.066227
0.000000 -1.000000 0.000000
-0.003534 -0.999329 0.036448
-0.018300 -0.999336 0.031523
-0.042671 -0.999088 -0.001648
-0.003534 -0.999329 0.036448
-0.017871 -0.987137 0.158873
0.041880 -0.986262 0.159793
-0.018300 -0.999336 0.031523
-0.017871 -0.987137 0.158873
-0.076769 -0.728534 0.680694
0.179868 -0.689087 0.702002
0.041880 -0.986262 0.159793
-0.076769 -0.728534 0.680694
-0.132332 0.294517 0.946440
0.240017 0.340172 0.909217
0.179868 -0.689087 0.702002
-0.132332 0.294517 0.946440
-0.044362 0.950761 0.306734
0.078070 0.943971 0.320662
0.240017 0.340172 0.909217
-0.044362 0.950761 0.306734
-0.001076 0.999752 0.022240
0.003296 0.999771 0.021153
0.078070 0.943971 0.320662
-0.001076 0.999752 0.022240
-0.000876 0.999800 0.019996
0.002674 0.999814 0.019122
0.003296 0.999771 0.021153
-0.000876 0.999800 0.019996
0.000000 0.999746 -0.022533
0.000000 0.999746 -0.022533
0.002674 0.999814 0.019122
0.000000 0.999746 -0.022533
0.316292 0.948234 -0.028500
0.000000 0.999746 -0.022533
0.000000 0.999746 -0.022533
0.316292 0.948234 -0.028500
0.365087 0.913797 -0.178009
0.043729 0.954392 -0.295338
0.000000 0.999746 -0.022533
0.365087 0.913797 -0.178009
0.714741 0.665549 -0.214918
0.375676 0.856734 -0.353377
0.043729 0.954392 -0.295338
0.714741 0.665549 -0.214918
0.712412 -0.498165 -0.494268
0.635803 -0.317779 -0.703400
0.375676 0.856734 -0.353377
0.712412 -0.498165 -0.494268
0.018065 -0.928746 -0.370275
0.037213 -0.940828 -0.336835
0.635803 -0.317779 -0.703400
0.018065 -0.928746 -0.370275
0.000000 -0.997805 -0.066227
0.004556 -0.997567 -0.069568
0.037213 -0.940828 -0.336835
0.000000 -0.997805 -0.066227
0.000000 -0.997805 -0.066227
-0.016705 -0.997948 -0.061814
0.004556 -0.997567 -0.069568
0.000000 -0.997805 -0.066227
0.000000 -1.000000 0.000000
-0.042671 -0.999088 -0.001648
-0.016705 -0.997948 -0.061814
-0.042671 -0.999088 -0.001648
-0.018300 -0.999336 0.031523
-0.000941 -0.999797 0.020102
-0.045937 -0.998939 -0.003279
-0.018300 -0.999336 0.031523
0.041880 -0.986262 0.159793
0.111599 -0.978417 0.173911
-0.000941 -0.999797 0.020102
0.041880 -0.986262 0.159793
0.179868 -0.689087 0.702002
0.415411 -0.665770 0.619826
0.111599 -0.978417 0.173911
0.179868 -0.689087 0.702002
0.240017 0.340172 0.909217
0.560794 0.243443 0.791357
0.415411 -0.665770 0.619826
0.240017 0.340172 0.909217
0.078070 0.943971 0.320662
0.208982 0.920905 0.329029
0.560794 0.243443 0.791357
0.078070 0.943971 0.320662
0.003296 0.999771 0.021153
0.006174 0.999846 0.016444
0.208982 0.920905 0.329029
0.003296 0.999771 0.021153
0.002674 0.999814 0.019122
0.005247 0.999865 0.015594
0.006174 0.999846 0.016444
0.002674 0.999814 0.019122
0.000000 0.999746 -0.022533
0.000000 0.999746 -0.022533
0.005247 0.999865 0.015594
0.000000 0.999746 -0.022533
0.000000 0.999746 -0.022533
0.000000 0.999746 -0.022533
0.000000 0.999746 -0.022533
0.000000 0.999746 -0.022533
0.043729 0.954392 -0.295338
0.016505 0.920969 -0.389287
0.000000 0.999746 -0.022533
0.043729 0.954392 -0.295338
0.375676 0.856734 -0.353377
0.015193 0.928079 -0.372072
0.016505 0.920969 -0.389287
0.375676 0.856734 -0.353377
0.635803 -0.317779 -0.703400
0.079619 0.279964 -0.956703
0.015193 0.928079 -0.372072
0.635803 -0.317779 -0.703400
0.037213 -0.940828 -0.336835
0.025025 -0.957571 -0.287109
0.079619 0.279964 -0.956703
0.037213 -0.940828 -0.336835
0.004556 -0.997567 -0.069568
0.003332 -0.998381 -0.056789
0.025025 -0.957571 -0.287109
0.004556 -0.997567 -0.069568
-0.016705 -0.997948 -0.061814
-0.017049 -0.998479 -0.052437
0.003332 -0.998381 -0.056789
-0.016705 -0.997948 -0.061814
-0.042671 -0.999088 -0.001648
-0.045937 -0.998939 -0.003279
-0.017049 -0.998479 -0.052437
-0.045937 -0.998939 -0.003279
-0.000941 -0.999797 0.020102
0.016850 -0.998657 0.048993
0.039640 -0.999213 -0.001689
-0.000941 -0.999797 0.020102
0.111599 -0.978417 0.173911
0.022193 -0.968087 0.249632
0.016850 -0.998657 0.048993
0.111599 -0.978417 0.173911
0.415411 -0.665770 0.619826
0.041663 -0.624086 0.780244
0.022193 -0.968087 0.249632
0.415411 -0.665770 0.619826
0.560794 0.243443 0.791357
0.037658 0.171086 0.984536
0.041663 -0.624086 0.780244
0.560794 0.243443 0.791357
0.208982 0.920905 0.329029
0.037075 0.850841 0.524113
0.037658 0.171086 0.984536
0.208982 0.920905 0.329029
0.006174 0.999846 0.016444
0.000352 0.999965 0.008304
0.037075 0.850841 0.524113
0.006174 0.999846 0.016444
0.005247 0.999865 0.015594
0.001073 0.999896 0.014352
0.000352 0.999965 0.008304
0.005247 0.999865 0.015594
0.000000 0.999746 -0.022533
0.000000 0.999746 -0.022533
0.001073 0.999896 0.014352
0.000000 0.999746 -0.022533
0.000000 0.999746 -0.022533
0.000000 0.999746 -0.022533
0.000000 0.999746 -0.022533
0.000000 0.999746 -0.022533
0.016505 0.920969 -0.389287
0.015193 0.928079 -0.372072
0.000000 0.999746 -0.022533
0.016505 0.920969 -0.389287
0.015193 0.928079 -0.372072
0.016505 0.920969 -0.389287
0.015193 0.928079 -0.372072
0.015193 0.928079 -0.372072
0.079619 0.279964 -0.956703
0.041479 0.300196 -0.952975
0.016505 0.920969 -0.389287
0.079619 0.279964 -0.956703
0.025025 -0.957571 -0.287109
0.012866 -0.955376 -0.295113
0.041479 0.300196 -0.952975
0.025025 -0.957571 -0.287109
0.003332 -0.998381 -0.056789
0.002698 -0.998076 -0.061945
0.012866 -0.955376 -0.295113
0.003332 -0.998381 -0.056789
-0.017049 -0.998479 -0.052437
0.023585 -0.998561 -0.048161
0.002698 -0.998076 -0.061945
-0.017049 -0.998479 -0.052437
-0.045937 -0.998939 -0.003279
0.039640 -0.999213 -0.001689
0.023585 -0.998561 -0.048161
0.039640 -0.999213 -0.001689
0.016850 -0.998657 0.048993
0.010384 -0.999467 0.030945
0.042359 -0.999102 -0.000080
0.016850 -0.998657 0.048993
0.022193 -0.968087 0.249632
-0.113259 -0.975125 0.190535
0.010384 -0.999467 0.030945
0.022193 -0.968087 0.249632
0.041663 -0.624086 0.780244
-0.384315 -0.681654 0.622615
-0.113259 -0.975125 0.190535
0.041663 -0.624086 0.780244
0.037658 0.171086 0.984536
-0.520482 0.153105 0.840034
-0.384315 -0.681654 0.622615
0.037658 0.171086 0.984536
0.037075 0.850841 0.524113
-0.232844 0.883964 0.405451
-0.520482 0.153105 0.840034
0.037075 0.850841 0.524113
0.000352 0.999965 0.008304
-0.005086 0.999873 0.015100
-0.232844 0.883964 0.405451
0.000352 0.999965 0.008304
0.001073 0.999896 0.014352
-0.005423 0.999858 0.015946
-0.005086 0.999873 0.015100
0.001073 0.999896 0.014352
0.000000 0.999746 -0.022533
0.000000 0.999746 -0.022533
-0.005423 0.999858 0.015946
0.000000 0.999746 -0.022533
0.000000 0.999746 -0.022533
0.000000 0.999746 -0.022533
0.000000 0.999746 -0.022533
0.000000 0.999746 -0.022533
0.015193 0.928079 -0.372072
0.023608 0.939322 -0.342223
0.000000 0.999746 -0.022533
0.015193 0.928079 -0.372072
0.016505 0.920969 -0.389287
0.022669 0.942528 -0.333357
0.023608 0.939322 -0.342223
0.016505 0.920969 -0.389287
0.041479 0.300196 -0.952975
0.044000 0.283779 -0.957880
0.022669 0.942528 -0.333357
0.041479 0.300196 -0.952975
0.012866 -0.955376 -0.295113
0.012768 -0.960112 -0.279324
0.044000 0.283779 -0.957880
0.012866 -0.955376 -0.295113
0.002698 -0.998076 -0.061945
0.003946 -0.998177 -0.060226
0.012768 -0.960112 -0.279324
0.002698 -0.998076 -0.061945
0.023585 -0.998561 -0.048161
0.024217 -0.998038 -0.057743
0.003946 -0.998177 -0.060226
0.023585 -0.998561 -0.048161
0.039640 -0.999213 -0.001689
0.042359 -0.999102 -0.000080
0.024217 -0.998038 -0.057743
0.042359 -0.999102 -0.000080
0.010384 -0.999467 0.030945
-0.004748 -0.999472 0.032148
0.000000 -1.000000 0.000000
0.010384 -0.999467 0.030945
-0.113259 -0.975125 0.190535
-0.067803 -0.975241 0.210494
-0.004748 -0.999472 0.032148
-0.113259 -0.975125 0.190535
-0.384315 -0.681654 0.622615
-0.270923 -0.690514 0.670665
-0.067803 -0.975241 0.210494
-0.384315 -0.681654 0.622615
-0.520482 0.153105 0.840034
-0.374162 0.103819 0.921534
-0.270923 -0.690514 0.670665
-0.520482 0.153105 0.840034
-0.232844 0.883964 0.405451
-0.165919 0.875645 0.453561
-0.374162 0.103819 0.921534
-0.232844 0.883964 0.405451
-0.005086 0.999873 0.015100
0.002311 0.999739 0.022718
-0.165919 0.875645 0.453561
-0.005086 0.999873 0.015100
-0.005423 0.999858 0.015946
0.000181 0.999912 0.013265
0.002311 0.999739 0.022718
-0.005423 0.999858 0.015946
0.000000 0.999746 -0.022533
-0.021501 0.999429 -0.026053
0.000181 0.999912 0.013265
0.000000 0.999746 -0.022533
0.000000 0.999746 -0.022533
-0.325565 0.942977 -0.069293
-0.021501 0.999429 -0.026053
0.000000 0.999746 -0.022533
0.023608 0.939322 -0.342223
-0.555688 0.786544 -0.269368
-0.325565 0.942977 -0.069293
0.023608 0.939322 -0.342223
0.022669 0.942528 -0.333357
-0.524263 0.798802 -0.295065
-0.555688 0.786544 -0.269368
0.022669 0.942528 -0.333357
0.044000 0.283779 -0.957880
-0.880616 0.107946 -0.461370
-0.524263 0.798802 -0.295065
0.044000 0.283779 -0.957880
0.012768 -0.960112 -0.279324
-0.557782 -0.772077 -0.304591
-0.880616 0.107946 -0.461370
0.012768 -0.960112 -0.279324
0.003946 -0.998177 -0.060226
0.118611 -0.992502 -0.029505
-0.557782 -0.772077 -0.304591
0.003946 -0.998177 -0.060226
0.024217 -0.998038 -0.057743
-0.152667 -0.986330 -0.062015
0.118611 -0.992502 -0.029505
0.024217 -0.998038 -0.057743
0.042359 -0.999102 -0.000080
0.000000 -1.000000 0.000000
-0.152667 -0.986330 -0.062015
0.000000 -1.000000 0.000000
-0.004748 -0.999472 0.032148
-0.008408 -0.996779 0.079757
0.000000 -1.000000 0.000000
-0.004748 -0.999472 0.032148
-0.067803 -0.975241 0.210494
-0.104029 -0.942600 0.317307
-0.008408 -0.996779 0.079757
-0.067803 -0.975241 0.210494
-0.270923 -0.690514 0.670665
-0.308344 -0.597039 0.740586
-0.104029 -0.942600 0.317307
-0.270923 -0.690514 0.670665
-0.374162 0.103819 0.921534
-0.381599 0.038368 0.923531
-0.308344 -0.597039 0.740586
-0.374162 0.103819 0.921534
-0.165919 0.875645 0.453561
-0.241085 0.782002 0.574762
-0.381599 0.038368 0.923531
-0.165919 0.875645 0.453561
0.002311 0.999739 0.022718
0.007006 0.999626 0.026432
-0.241085 0.782002 0.574762
0.002311 0.999739 0.022718
0.000181 0.999912 0.013265
-0.033382 0.999184 0.022718
0.007006 0.999626 0.026432
0.000181 0.999912 0.013265
-0.021501 0.999429 -0.026053
0.004969 0.999862 0.015873
-0.033382 0.999184 0.022718
-0.021501 0.999429 -0.026053
-0.325565 0.942977 -0.069293
-0.304776 0.948515 -0.086200
0.004969 0.999862 0.015873
-0.325565 0.942977 -0.069293
-0.555688 0.786544 -0.269368
-0.821458 0.544475 -0.169570
-0.304776 0.948515 -0.086200
-0.555688 0.786544 -0.269368
-0.524263 0.798802 -0.295065
-0.974077 0.132743 -0.183176
-0.821458 0.544475 -0.169570
-0.524263 0.798802 -0.295065
-0.880616 0.107946 -0.461370
-0.983619 -0.015177 -0.179619
-0.974077 0.132743 -0.183176
-0.880616 0.107946 -0.461370
-0.557782 -0.772077 -0.304591
-0.546937 -0.823478 -0.150812
-0.983619 -0.015177 -0.179619
-0.557782 -0.772077 -0.304591
0.118611 -0.992502 -0.029505
-0.156461 -0.987110 -0.033681
-0.546937 -0.823478 -0.150812
0.118611 -0.992502 -0.029505
-0.152667 -0.986330 -0.062015
-0.060282 -0.997968 -0.020629
-0.156461 -0.987110 -0.033681
-0.152667 -0.986330 -0.062015
0.000000 -1.000000 0.000000
0.000000 -1.000000 0.000000
-0.060282 -0.997968 -0.020629
0.000000 -1.000000 0.000000
-0.008408 -0.996779 0.079757
-0.060977 -0.991558 0.114431
-0.080289 -0.996539 -0.021530
-0.008408 -0.996779 0.079757
-0.104029 -0.942600 0.317307
-0.182381 -0.880845 0.436864
-0.060977 -0.991558 0.114431
-0.104029 -0.942600 0.317307
-0.308344 -0.597039 0.740586
-0.385178 -0.448600 0.806471
-0.182381 -0.880845 0.436864
-0.308344 -0.597039 0.740586
-0.381599 0.038368 0.923531
-0.453191 0.037393 0.890629
-0.385178 -0.448600 0.806471
-0.381599 0.038368 0.923531
-0.241085 0.782002 0.574762
-0.303411 0.753883 0.582753
-0.453191 0.037393 0.890629
-0.241085 0.782002 0.574762
0.007006 0.999626 0.026432
-0.005665 0.999048 0.043259
-0.303411 0.753883 0.582753
0.007006 0.999626 0.026432
-0.033382 0.999184 0.022718
-0.048339 0.998543 0.023973
-0.005665 0.999048 0.043259
-0.033382 0.999184 0.022718
0.004969 0.999862 0.015873
-0.113888 0.993400 -0.013611
-0.048339 0.998543 0.023973
0.004969 0.999862 0.015873
-0.304776 0.948515 -0.086200
-0.152445 0.987954 -0.026585
-0.113888 0.993400 -0.013611
-0.304776 0.948515 -0.086200
-0.821458 0.544475 -0.169570
-0.571852 0.784206 -0.240847
-0.152445 0.987954 -0.026585
-0.821458 0.544475 -0.169570
-0.974077 0.132743 -0.183176
-0.875068 0.251394 -0.413590
-0.571852 0.784206 -0.240847
-0.974077 0.132743 -0.183176
-0.983619 -0.015177 -0.179619
-0.872496 -0.090047 -0.480252
-0.875068 0.251394 -0.413590
-0.983619 -0.015177 -0.179619
-0.546937 -0.823478 -0.150812
-0.467755 -0.840737 -0.272703
-0.872496 -0.090047 -0.480252
-0.546937 -0.823478 -0.150812
-0.156461 -0.987110 -0.033681
-0.159760 -0.986731 -0.028956
-0.467755 -0.840737 -0.272703
-0.156461 -0.987110 -0.033681
-0.060282 -0.997968 -0.020629
-0.137699 -0.990100 -0.027201
-0.159760 -0.986731 -0.028956
-0.060282 -0.997968 -0.020629
0.000000 -1.000000 0.000000
-0.080289 -0.996539 -0.021530
-0.137699 -0.990100 -0.027201
-0.080289 -0.996539 -0.021530
-0.060977 -0.991558 0.114431
-0.158299 -0.982468 0.098474
-0.094268 -0.993602 -0.062196
-0.060977 -0.991558 0.114431
-0.182381 -0.880845 0.436864
-0.330952 -0.814741 0.476096
-0.158299 -0.982468 0.098474
-0.182381 -0.880845 0.436864
-0.385178 -0.448600 0.806471
-0.487460 -0.343124 0.802900
-0.330952 -0.814741 0.476096
-0.385178 -0.448600 0.806471
-0.453191 0.037393 0.890629
-0.517202 0.075916 0.852490
-0.487460 -0.343124 0.802900
-0.453191 0.037393 0.890629
-0.303411 0.753883 0.582753
-0.366823 0.749214 0.551469
-0.517202 0.075916 0.852490
-0.303411 0.753883 0.582753
-0.005665 0.999048 0.043259
-0.076393 0.995832 0.049817
-0.366823 0.749214 0.551469
-0.005665 0.999048 0.043259
-0.048339 0.998543 0.023973
-0.098340 0.995147 -0.003343
-0.076393 0.995832 0.049817
-0.048339 0.998543 0.023973
-0.113888 0.993400 -0.013611
-0.061252 0.996577 -0.055518
-0.098340 0.995147 -0.003343
-0.113888 0.993400 -0.013611
-0.152445 0.987954 -0.026585
-0.097878 0.995192 0.003533
-0.061252 0.996577 -0.055518
-0.152445 0.987954 -0.026585
-0.571852 0.784206 -0.240847
-0.186889 0.976795 -0.104611
-0.097878 0.995192 0.003533
-0.571852 0.784206 -0.240847
-0.875068 0.251394 -0.413590
-0.551817 0.530315 -0.643633
-0.186889 0.976795 -0.104611
-0.875068 0.251394 -0.413590
-0.872496 -0.090047 -0.480252
-0.595527 -0.188604 -0.780881
-0.551817 0.530315 -0.643633
-0.872496 -0.090047 -0.480252
-0.467755 -0.840737 -0.272703
-0.367300 -0.827159 -0.425322
-0.595527 -0.188604 -0.780881
-0.467755 -0.840737 -0.272703
-0.159760 -0.986731 -0.028956
-0.121088 -0.992419 -0.021007
-0.367300 -0.827159 -0.425322
-0.159760 -0.986731 -0.028956
-0.137699 -0.990100 -0.027201
-0.120837 -0.992186 -0.031085
-0.121088 -0.992419 -0.021007
-0.137699 -0.990100 -0.027201
-0.080289 -0.996539 -0.021530
-0.094268 -0.993602 -0.062196
-0.120837 -0.992186 -0.031085
-0.094268 -0.993602 -0.062196
-0.158299 -0.982468 0.098474
-0.153723 -0.988067 0.009636
-0.082460 -0.995674 -0.042825
-0.158299 -0.982468 0.098474
-0.330952 -0.814741 0.476096
-0.638052 -0.688304 0.345149
-0.153723 -0.988067 0.009636
-0.330952 -0.814741 0.476096
-0.487460 -0.343124 0.802900
-0.783147 -0.251769 0.568588
-0.638052 -0.688304 0.345149
-0.487460 -0.343124 0.802900
-0.517202 0.075916 0.852490
-0.823551 0.041482 0.565724
-0.783147 -0.251769 0.568588
-0.517202 0.075916 0.852490
-0.366823 0.749214 0.551469
-0.641847 0.645522 0.413925
-0.823551 0.041482 0.565724
-0.366823 0.749214 0.551469
-0.076393 0.995832 0.049817
-0.164131 0.986034 0.028244
-0.641847 0.645522 0.413925
-0.076393 0.995832 0.049817
-0.098340 0.995147 -0.003343
-0.126826 0.991453 -0.030595
-0.164131 0.986034 0.028244
-0.098340 0.995147 -0.003343
-0.061252 0.996577 -0.055518
-0.005075 0.998453 -0.055369
-0.126826 0.991453 -0.030595
-0.061252 0.996577 -0.055518
-0.097878 0.995192 0.003533
0.000000 1.000000 0.000000
-0.005075 0.998453 -0.055369
-0.097878 0.995192 0.003533
-0.186889 0.976795 -0.104611
0.307917 0.951413 0.000000
0.000000 1.000000 0.000000
-0.186889 0.976795 -0.104611
-0.551817 0.530315 -0.643633
0.084118 0.482143 -0.872045
0.307917 0.951413 0.000000
-0.551817 0.530315 -0.643633
-0.595527 -0.188604 -0.780881
-0.403000 -0.101919 -0.909507
0.084118 0.482143 -0.872045
-0.595527 -0.188604 -0.780881
-0.367300 -0.827159 -0.425322
-0.240105 -0.793486 -0.559222
-0.403000 -0.101919 -0.909507
-0.367300 -0.827159 -0.425322
-0.121088 -0.992419 -0.021007
0.000000 -1.000000 0.000000
-0.240105 -0.793486 -0.559222
-0.121088 -0.992419 -0.021007
-0.120837 -0.992186 -0.031085
-0.003361 -0.999187 -0.040180
0.000000 -1.000000 0.000000
-0.120837 -0.992186 -0.031085
-0.094268 -0.993602 -0.062196
-0.082460 -0.995674 -0.042825
-0.003361 -0.999187 -0.040180
-0.082460 -0.995674 -0.042825
-0.153723 -0.988067 0.009636
-0.763020 -0.646375 0.000000
-0.720142 -0.692858 -0.036650
-0.153723 -0.988067 0.009636
-0.638052 -0.688304 0.345149
-0.240078 -0.961961 0.130358
-0.763020 -0.646375 0.000000
-0.638052 -0.688304 0.345149
-0.783147 -0.251769 0.568588
-0.928734 -0.162130 0.333417
-0.240078 -0.961961 0.130358
-0.783147 -0.251769 0.568588
-0.823551 0.041482 0.565724
-0.989243 0.000000 0.146284
-0.928734 -0.162130 0.333417
-0.823551 0.041482 0.565724
-0.641847 0.645522 0.413925
-0.783251 0.613219 0.102374
-0.989243 0.000000 0.146284
-0.641847 0.645522 0.413925
-0.164131 0.986034 0.028244
-0.762610 0.646858 0.000000
-0.783251 0.613219 0.102374
-0.164131 0.986034 0.028244
-0.126826 0.991453 -0.030595
-0.704918 0.708207 -0.039159
-0.762610 0.646858 0.000000
-0.126826 0.991453 -0.030595
-0.005075 0.998453 -0.055369
-0.704516 0.709601 -0.011123
-0.704918 0.708207 -0.039159
-0.005075 0.998453 -0.055369
0.000000 1.000000 0.000000
-0.707107 0.707107 0.000000
-0.704516 0.709601 -0.011123
0.000000 1.000000 0.000000
0.307917 0.951413 0.000000
0.837464 0.546492 0.000000
-0.707107 0.707107 0.000000
0.307917 0.951413 0.000000
0.084118 0.482143 -0.872045
0.663495 0.000000 -0.748181
0.837464 0.546492 0.000000
0.084118 0.482143 -0.872045
-0.403000 -0.101919 -0.909507
-0.810556 0.000000 -0.585661
0.663495 0.000000 -0.748181
-0.403000 -0.101919 -0.909507
-0.240105 -0.793486 -0.559222
-0.012932 -0.725148 -0.688472
-0.810556 0.000000 -0.585661
-0.240105 -0.793486 -0.559222
0.000000 -1.000000 0.000000
0.317196 -0.948360 0.000000
-0.012932 -0.725148 -0.688472
0.000000 -1.000000 0.000000
-0.003361 -0.999187 -0.040180
-0.708568 -0.705468 -0.015685
0.317196 -0.948360 0.000000
-0.003361 -0.999187 -0.040180
-0.082460 -0.995674 -0.042825
-0.720142 -0.692858 -0.036650
-0.708568 -0.705468 -0.015685
-0.720142 -0.692858 -0.036650
-0.763020 -0.646375 0.000000
1.000000 0.000000 0.000000
1.000000 0.000000 0.000000
-0.763020 -0.646375 0.000000
-0.240078 -0.961961 0.130358
1.000000 0.000000 0.000000
1.000000 0.000000 0.000000
-0.240078 -0.961961 0.130358
-0.928734 -0.162130 0.333417
1.000000 0.000000 0.000000
1.000000 0.000000 0.000000
-0.928734 -0.162130 0.333417
-0.989243 0.000000 0.146284
1.000000 0.000000 0.000000
1.000000 0.000000 0.000000
-0.989243 0.000000 0.146284
-0.783251 0.613219 0.102374
1.000000 0.000000 0.000000
1.000000 0.000000 0.000000
-0.783251 0.613219 0.102374
-0.762610 0.646858 0.000000
1.000000 0.000000 0.000000
1.000000 0.000000 0.000000
-0.762610 0.646858 0.000000
-0.704918 0.708207 -0.039159
1.000000 0.000000 0.000000
1.000000 0.000000 0.000000
-0.704918 0.708207 -0.039159
-0.704516 0.709601 -0.011123
1.000000 0.000000 0.000000
1.000000 0.000000 0.000000
-0.704516 0.709601 -0.011123
-0.707107 0.707107 0.000000
1.000000 0.000000 0.000000
1.000000 0.000000 0.000000
-0.707107 0.707107 0.000000
0.837464 0.546492 0.000000
1.000000 0.000000 0.000000
1.000000 0.000000 0.000000
0.837464 0.546492 0.000000
0.663495 0.000000 -0.748181
1.000000 0.000000 0.000000
1.000000 0.000000 0.000000
0.663495 0.000000 -0.748181
-0.810556 0.000000 -0.585661
1.000000 0.000000 0.000000
1.000000 0.000000 0.000000
-0.810556 0.000000 -0.585661
-0.012932 -0.725148 -0.688472
1.000000 0.000000 0.000000
1.000000 0.000000 0.000000
-0.012932 -0.725148 -0.688472
0.317196 -0.948360 0.000000
1.000000 0.000000 0.000000
1.000000 0.000000 0.000000
0.317196 -0.948360 0.000000
-0.708568 -0.705468 -0.015685
1.000000 0.000000 0.000000
1.000000 0.000000 0.000000
-0.708568 -0.705468 -0.015685
-0.720142 -0.692858 -0.036650
1.000000 0.000000 0.000000
1.000000 0.000000 0.000000
1.000000 0.000000 0.000000
1.000000 0.000000 0.000000
1.000000 0.000000 0.000000
1.000000 0.000000 0.000000
1.000000 0.000000 0.000000
1.000000 0.000000 0.000000
1.000000 0.000000 0.000000
1.000000 0.000000 0.000000
1.000000 0.000000 0.000000
1.000000 0.000000 0.000000
1.000000 0.000000 0.000000
1.000000 0.000000 0.000000
1.000000 0.000000 0.000000
1.000000 0.000000 0.000000
1.000000 0.000000 0.000000
1.000000 0.000000 0.000000
1.000000 0.000000 0.000000
1.000000 0.000000 0.000000
1.000000 0.000000 0.000000
1.000000 0.000000 0.000000
1.000000 0.000000 0.000000
1.000000 0.000000 0.000000
1.000000 0.000000 0.000000
1.000000 0.000000 0.000000
1.000000 0.000000 0.000000
1.000000 0.000000 0.000000
1.000000 0.000000 0.000000
1.000000 0.000000 0.000000
1.000000 0.000000 0.000000
1.000000 0.000000 0.000000
1.000000 0.000000 0.000000
1.000000 0.000000 0.000000
1.000000 0.000000 0.000000
1.000000 0.000000 0.000000
1.000000 0.000000 0.000000
1.000000 0.000000 0.000000
1.000000 0.000000 0.000000
1.000000 0.000000 0.000000
1.000000 0.000000 0.000000
1.000000 0.000000 0.000000
1.000000 0.000000 0.000000
1.000000 0.000000 0.000000
1.000000 0.000000 0.000000
1.000000 0.000000 0.000000
1.000000 0.000000 0.000000
1.000000 0.000000 0.000000
1.000000 0.000000 0.000000
1.000000 0.000000 0.000000
1.000000 0.000000 0.000000
1.000000 0.000000 0.000000
1.000000 0.000000 0.000000
1.000000 0.000000 0.000000
1.000000 0.000000 0.000000
1.000000 0.000000 0.000000
1.000000 0.000000 0.000000
1.000000 0.000000 0.000000
1.000000 0.000000 0.000000
1.000000 0.000000 0.000000
1.000000 0.000000 0.000000
1.000000 0.000000 0.000000
1.000000 0.000000 0.000000
1.000000 0.000000 0.000000
1.000000 0.000000 0.000000
1.000000 0.000000 0.000000
</float_array>
          <technique_common>
            <accessor source="#MB_T_ShirtHanger_bmp001-lib-Normal0-array" count="4096" stride="3">
              <param name="X" type="float"/>
              <param name="Y" type="float"/>
              <param name="Z" type="float"/>
            </accessor>
          </technique_common>
        </source>
        <source id="MB_T_ShirtHanger_bmp001-lib-UV0">
          <float_array id="MB_T_ShirtHanger_bmp001-lib-UV0-array" count="2210">
0.000000 0.000000
0.062500 0.000000
0.125000 0.000000
0.187500 0.000000
0.250000 0.000000
0.312500 0.000000
0.375000 0.000000
0.437500 0.000000
0.500000 0.000000
0.562500 0.000000
0.625000 0.000000
0.687500 0.000000
0.750000 0.000000
0.812500 0.000000
0.875000 0.000000
0.937500 0.000000
0.000000 0.015625
0.062500 0.015625
0.125000 0.015625
0.187500 0.015625
0.250000 0.015625
0.312500 0.015625
0.375000 0.015625
0.437500 0.015625
0.500000 0.015625
0.562500 0.015625
0.625000 0.015625
0.687500 0.015625
0.750000 0.015625
0.812500 0.015625
0.875000 0.015625
0.937500 0.015625
0.000000 0.031250
0.062500 0.031250
0.125000 0.031250
0.187500 0.031250
0.250000 0.031250
0.312500 0.031250
0.375000 0.031250
0.437500 0.031250
0.500000 0.031250
0.562500 0.031250
0.625000 0.031250
0.687500 0.031250
0.750000 0.031250
0.812500 0.031250
0.875000 0.031250
0.937500 0.031250
0.000000 0.046875
0.062500 0.046875
0.125000 0.046875
0.187500 0.046875
0.250000 0.046875
0.312500 0.046875
0.375000 0.046875
0.437500 0.046875
0.500000 0.046875
0.562500 0.046875
0.625000 0.046875
0.687500 0.046875
0.750000 0.046875
0.812500 0.046875
0.875000 0.046875
0.937500 0.046875
0.000000 0.062500
0.062500 0.062500
0.125000 0.062500
0.187500 0.062500
0.250000 0.062500
0.312500 0.062500
0.375000 0.062500
0.437500 0.062500
0.500000 0.062500
0.562500 0.062500
0.625000 0.062500
0.687500 0.062500
0.750000 0.062500
0.812500 0.062500
0.875000 0.062500
0.937500 0.062500
0.000000 0.078125
0.062500 0.078125
0.125000 0.078125
0.187500 0.078125
0.250000 0.078125
0.312500 0.078125
0.375000 0.078125
0.437500 0.078125
0.500000 0.078125
0.562500 0.078125
0.625000 0.078125
0.687500 0.078125
0.750000 0.078125
0.812500 0.078125
0.875000 0.078125
0.937500 0.078125
0.000000 0.093750
0.062500 0.093750
0.125000 0.093750
0.187500 0.093750
0.250000 0.093750
0.312500 0.093750
0.375000 0.093750
0.437500 0.093750
0.500000 0.093750
0.562500 0.093750
0.625000 0.093750
0.687500 0.093750
0.750000 0.093750
0.812500 0.093750
0.875000 0.093750
0.937500 0.093750
0.000000 0.109375
0.062500 0.109375
0.125000 0.109375
0.187500 0.109375
0.250000 0.109375
0.312500 0.109375
0.375000 0.109375
0.437500 0.109375
0.500000 0.109375
0.562500 0.109375
0.625000 0.109375
0.687500 0.109375
0.750000 0.109375
0.812500 0.109375
0.875000 0.109375
0.937500 0.109375
0.000000 0.125000
0.062500 0.125000
0.125000 0.125000
0.187500 0.125000
0.250000 0.125000
0.312500 0.125000
0.375000 0.125000
0.437500 0.125000
0.500000 0.125000
0.562500 0.125000
0.625000 0.125000
0.687500 0.125000
0.750000 0.125000
0.812500 0.125000
0.875000 0.125000
0.937500 0.125000
0.000000 0.140625
0.062500 0.140625
0.125000 0.140625
0.187500 0.140625
0.250000 0.140625
0.312500 0.140625
0.375000 0.140625
0.437500 0.140625
0.500000 0.140625
0.562500 0.140625
0.625000 0.140625
0.687500 0.140625
0.750000 0.140625
0.812500 0.140625
0.875000 0.140625
0.937500 0.140625
0.000000 0.156250
0.062500 0.156250
0.125000 0.156250
0.187500 0.156250
0.250000 0.156250
0.312500 0.156250
0.375000 0.156250
0.437500 0.156250
0.500000 0.156250
0.562500 0.156250
0.625000 0.156250
0.687500 0.156250
0.750000 0.156250
0.812500 0.156250
0.875000 0.156250
0.937500 0.156250
0.000000 0.171875
0.062500 0.171875
0.125000 0.171875
0.187500 0.171875
0.250000 0.171875
0.312500 0.171875
0.375000 0.171875
0.437500 0.171875
0.500000 0.171875
0.562500 0.171875
0.625000 0.171875
0.687500 0.171875
0.750000 0.171875
0.812500 0.171875
0.875000 0.171875
0.937500 0.171875
0.000000 0.187500
0.062500 0.187500
0.125000 0.187500
0.187500 0.187500
0.250000 0.187500
0.312500 0.187500
0.375000 0.187500
0.437500 0.187500
0.500000 0.187500
0.562500 0.187500
0.625000 0.187500
0.687500 0.187500
0.750000 0.187500
0.812500 0.187500
0.875000 0.187500
0.937500 0.187500
0.000000 0.203125
0.062500 0.203125
0.125000 0.203125
0.187500 0.203125
0.250000 0.203125
0.312500 0.203125
0.375000 0.203125
0.437500 0.203125
0.500000 0.203125
0.562500 0.203125
0.625000 0.203125
0.687500 0.203125
0.750000 0.203125
0.812500 0.203125
0.875000 0.203125
0.937500 0.203125
0.000000 0.218750
0.062500 0.218750
0.125000 0.218750
0.187500 0.218750
0.250000 0.218750
0.312500 0.218750
0.375000 0.218750
0.437500 0.218750
0.500000 0.218750
0.562500 0.218750
0.625000 0.218750
0.687500 0.218750
0.750000 0.218750
0.812500 0.218750
0.875000 0.218750
0.937500 0.218750
0.000000 0.234375
0.062500 0.234375
0.125000 0.234375
0.187500 0.234375
0.250000 0.234375
0.312500 0.234375
0.375000 0.234375
0.437500 0.234375
0.500000 0.234375
0.562500 0.234375
0.625000 0.234375
0.687500 0.234375
0.750000 0.234375
0.812500 0.234375
0.875000 0.234375
0.937500 0.234375
0.000000 0.250000
0.062500 0.250000
0.125000 0.250000
0.187500 0.250000
0.250000 0.250000
0.312500 0.250000
0.375000 0.250000
0.437500 0.250000
0.500000 0.250000
0.562500 0.250000
0.625000 0.250000
0.687500 0.250000
0.750000 0.250000
0.812500 0.250000
0.875000 0.250000
0.937500 0.250000
0.000000 0.265625
0.062500 0.265625
0.125000 0.265625
0.187500 0.265625
0.250000 0.265625
0.312500 0.265625
0.375000 0.265625
0.437500 0.265625
0.500000 0.265625
0.562500 0.265625
0.625000 0.265625
0.687500 0.265625
0.750000 0.265625
0.812500 0.265625
0.875000 0.265625
0.937500 0.265625
0.000000 0.281250
0.062500 0.281250
0.125000 0.281250
0.187500 0.281250
0.250000 0.281250
0.312500 0.281250
0.375000 0.281250
0.437500 0.281250
0.500000 0.281250
0.562500 0.281250
0.625000 0.281250
0.687500 0.281250
0.750000 0.281250
0.812500 0.281250
0.875000 0.281250
0.937500 0.281250
0.000000 0.296875
0.062500 0.296875
0.125000 0.296875
0.187500 0.296875
0.250000 0.296875
0.312500 0.296875
0.375000 0.296875
0.437500 0.296875
0.500000 0.296875
0.562500 0.296875
0.625000 0.296875
0.687500 0.296875
0.750000 0.296875
0.812500 0.296875
0.875000 0.296875
0.937500 0.296875
0.000000 0.312500
0.062500 0.312500
0.125000 0.312500
0.187500 0.312500
0.250000 0.312500
0.312500 0.312500
0.375000 0.312500
0.437500 0.312500
0.500000 0.312500
0.562500 0.312500
0.625000 0.312500
0.687500 0.312500
0.750000 0.312500
0.812500 0.312500
0.875000 0.312500
0.937500 0.312500
0.000000 0.328125
0.062500 0.328125
0.125000 0.328125
0.187500 0.328125
0.250000 0.328125
0.312500 0.328125
0.375000 0.328125
0.437500 0.328125
0.500000 0.328125
0.562500 0.328125
0.625000 0.328125
0.687500 0.328125
0.750000 0.328125
0.812500 0.328125
0.875000 0.328125
0.937500 0.328125
0.000000 0.343750
0.062500 0.343750
0.125000 0.343750
0.187500 0.343750
0.250000 0.343750
0.312500 0.343750
0.375000 0.343750
0.437500 0.343750
0.500000 0.343750
0.562500 0.343750
0.625000 0.343750
0.687500 0.343750
0.750000 0.343750
0.812500 0.343750
0.875000 0.343750
0.937500 0.343750
0.000000 0.359375
0.062500 0.359375
0.125000 0.359375
0.187500 0.359375
0.250000 0.359375
0.312500 0.359375
0.375000 0.359375
0.437500 0.359375
0.500000 0.359375
0.562500 0.359375
0.625000 0.359375
0.687500 0.359375
0.750000 0.359375
0.812500 0.359375
0.875000 0.359375
0.937500 0.359375
0.000000 0.375000
0.062500 0.375000
0.125000 0.375000
0.187500 0.375000
0.250000 0.375000
0.312500 0.375000
0.375000 0.375000
0.437500 0.375000
0.500000 0.375000
0.562500 0.375000
0.625000 0.375000
0.687500 0.375000
0.750000 0.375000
0.812500 0.375000
0.875000 0.375000
0.937500 0.375000
0.000000 0.390625
0.062500 0.390625
0.125000 0.390625
0.187500 0.390625
0.250000 0.390625
0.312500 0.390625
0.375000 0.390625
0.437500 0.390625
0.500000 0.390625
0.562500 0.390625
0.625000 0.390625
0.687500 0.390625
0.750000 0.390625
0.812500 0.390625
0.875000 0.390625
0.937500 0.390625
0.000000 0.406250
0.062500 0.406250
0.125000 0.406250
0.187500 0.406250
0.250000 0.406250
0.312500 0.406250
0.375000 0.406250
0.437500 0.406250
0.500000 0.406250
0.562500 0.406250
0.625000 0.406250
0.687500 0.406250
0.750000 0.406250
0.812500 0.406250
0.875000 0.406250
0.937500 0.406250
0.000000 0.421875
0.062500 0.421875
0.125000 0.421875
0.187500 0.421875
0.250000 0.421875
0.312500 0.421875
0.375000 0.421875
0.437500 0.421875
0.500000 0.421875
0.562500 0.421875
0.625000 0.421875
0.687500 0.421875
0.750000 0.421875
0.812500 0.421875
0.875000 0.421875
0.937500 0.421875
0.000000 0.437500
0.062500 0.437500
0.125000 0.437500
0.187500 0.437500
0.250000 0.437500
0.312500 0.437500
0.375000 0.437500
0.437500 0.437500
0.500000 0.437500
0.562500 0.437500
0.625000 0.437500
0.687500 0.437500
0.750000 0.437500
0.812500 0.437500
0.875000 0.437500
0.937500 0.437500
0.000000 0.453125
0.062500 0.453125
0.125000 0.453125
0.187500 0.453125
0.250000 0.453125
0.312500 0.453125
0.375000 0.453125
0.437500 0.453125
0.500000 0.453125
0.562500 0.453125
0.625000 0.453125
0.687500 0.453125
0.750000 0.453125
0.812500 0.453125
0.875000 0.453125
0.937500 0.453125
0.000000 0.468750
0.062500 0.468750
0.125000 0.468750
0.187500 0.468750
0.250000 0.468750
0.312500 0.468750
0.375000 0.468750
0.437500 0.468750
0.500000 0.468750
0.562500 0.468750
0.625000 0.468750
0.687500 0.468750
0.750000 0.468750
0.812500 0.468750
0.875000 0.468750
0.937500 0.468750
0.000000 0.484375
0.062500 0.484375
0.125000 0.484375
0.187500 0.484375
0.250000 0.484375
0.312500 0.484375
0.375000 0.484375
0.437500 0.484375
0.500000 0.484375
0.562500 0.484375
0.625000 0.484375
0.687500 0.484375
0.750000 0.484375
0.812500 0.484375
0.875000 0.484375
0.937500 0.484375
0.000000 0.500000
0.062500 0.500000
0.125000 0.500000
0.187500 0.500000
0.250000 0.500000
0.312500 0.500000
0.375000 0.500000
0.437500 0.500000
0.500000 0.500000
0.562500 0.500000
0.625000 0.500000
0.687500 0.500000
0.750000 0.500000
0.812500 0.500000
0.875000 0.500000
0.937500 0.500000
0.000000 0.515625
0.062500 0.515625
0.125000 0.515625
0.187500 0.515625
0.250000 0.515625
0.312500 0.515625
0.375000 0.515625
0.437500 0.515625
0.500000 0.515625
0.562500 0.515625
0.625000 0.515625
0.687500 0.515625
0.750000 0.515625
0.812500 0.515625
0.875000 0.515625
0.937500 0.515625
0.000000 0.531250
0.062500 0.531250
0.125000 0.531250
0.187500 0.531250
0.250000 0.531250
0.312500 0.531250
0.375000 0.531250
0.437500 0.531250
0.500000 0.531250
0.562500 0.531250
0.625000 0.531250
0.687500 0.531250
0.750000 0.531250
0.812500 0.531250
0.875000 0.531250
0.937500 0.531250
0.000000 0.546875
0.062500 0.546875
0.125000 0.546875
0.187500 0.546875
0.250000 0.546875
0.312500 0.546875
0.375000 0.546875
0.437500 0.546875
0.500000 0.546875
0.562500 0.546875
0.625000 0.546875
0.687500 0.546875
0.750000 0.546875
0.812500 0.546875
0.875000 0.546875
0.937500 0.546875
0.000000 0.562500
0.062500 0.562500
0.125000 0.562500
0.187500 0.562500
0.250000 0.562500
0.312500 0.562500
0.375000 0.562500
0.437500 0.562500
0.500000 0.562500
0.562500 0.562500
0.625000 0.562500
0.687500 0.562500
0.750000 0.562500
0.812500 0.562500
0.875000 0.562500
0.937500 0.562500
0.000000 0.578125
0.062500 0.578125
0.125000 0.578125
0.187500 0.578125
0.250000 0.578125
0.312500 0.578125
0.375000 0.578125
0.437500 0.578125
0.500000 0.578125
0.562500 0.578125
0.625000 0.578125
0.687500 0.578125
0.750000 0.578125
0.812500 0.578125
0.875000 0.578125
0.937500 0.578125
0.000000 0.593750
0.062500 0.593750
0.125000 0.593750
0.187500 0.593750
0.250000 0.593750
0.312500 0.593750
0.375000 0.593750
0.437500 0.593750
0.500000 0.593750
0.562500 0.593750
0.625000 0.593750
0.687500 0.593750
0.750000 0.593750
0.812500 0.593750
0.875000 0.593750
0.937500 0.593750
0.000000 0.609375
0.062500 0.609375
0.125000 0.609375
0.187500 0.609375
0.250000 0.609375
0.312500 0.609375
0.375000 0.609375
0.437500 0.609375
0.500000 0.609375
0.562500 0.609375
0.625000 0.609375
0.687500 0.609375
0.750000 0.609375
0.812500 0.609375
0.875000 0.609375
0.937500 0.609375
0.000000 0.625000
0.062500 0.625000
0.125000 0.625000
0.187500 0.625000
0.250000 0.625000
0.312500 0.625000
0.375000 0.625000
0.437500 0.625000
0.500000 0.625000
0.562500 0.625000
0.625000 0.625000
0.687500 0.625000
0.750000 0.625000
0.812500 0.625000
0.875000 0.625000
0.937500 0.625000
0.000000 0.640625
0.062500 0.640625
0.125000 0.640625
0.187500 0.640625
0.250000 0.640625
0.312500 0.640625
0.375000 0.640625
0.437500 0.640625
0.500000 0.640625
0.562500 0.640625
0.625000 0.640625
0.687500 0.640625
0.750000 0.640625
0.812500 0.640625
0.875000 0.640625
0.937500 0.640625
0.000000 0.656250
0.062500 0.656250
0.125000 0.656250
0.187500 0.656250
0.250000 0.656250
0.312500 0.656250
0.375000 0.656250
0.437500 0.656250
0.500000 0.656250
0.562500 0.656250
0.625000 0.656250
0.687500 0.656250
0.750000 0.656250
0.812500 0.656250
0.875000 0.656250
0.937500 0.656250
0.000000 0.671875
0.062500 0.671875
0.125000 0.671875
0.187500 0.671875
0.250000 0.671875
0.312500 0.671875
0.375000 0.671875
0.437500 0.671875
0.500000 0.671875
0.562500 0.671875
0.625000 0.671875
0.687500 0.671875
0.750000 0.671875
0.812500 0.671875
0.875000 0.671875
0.937500 0.671875
0.000000 0.687500
0.062500 0.687500
0.125000 0.687500
0.187500 0.687500
0.250000 0.687500
0.312500 0.687500
0.375000 0.687500
0.437500 0.687500
0.500000 0.687500
0.562500 0.687500
0.625000 0.687500
0.687500 0.687500
0.750000 0.687500
0.812500 0.687500
0.875000 0.687500
0.937500 0.687500
0.000000 0.703125
0.062500 0.703125
0.125000 0.703125
0.187500 0.703125
0.250000 0.703125
0.312500 0.703125
0.375000 0.703125
0.437500 0.703125
0.500000 0.703125
0.562500 0.703125
0.625000 0.703125
0.687500 0.703125
0.750000 0.703125
0.812500 0.703125
0.875000 0.703125
0.937500 0.703125
0.000000 0.718750
0.062500 0.718750
0.125000 0.718750
0.187500 0.718750
0.250000 0.718750
0.312500 0.718750
0.375000 0.718750
0.437500 0.718750
0.500000 0.718750
0.562500 0.718750
0.625000 0.718750
0.687500 0.718750
0.750000 0.718750
0.812500 0.718750
0.875000 0.718750
0.937500 0.718750
0.000000 0.734375
0.062500 0.734375
0.125000 0.734375
0.187500 0.734375
0.250000 0.734375
0.312500 0.734375
0.375000 0.734375
0.437500 0.734375
0.500000 0.734375
0.562500 0.734375
0.625000 0.734375
0.687500 0.734375
0.750000 0.734375
0.812500 0.734375
0.875000 0.734375
0.937500 0.734375
0.000000 0.750000
0.062500 0.750000
0.125000 0.750000
0.187500 0.750000
0.250000 0.750000
0.312500 0.750000
0.375000 0.750000
0.437500 0.750000
0.500000 0.750000
0.562500 0.750000
0.625000 0.750000
0.687500 0.750000
0.750000 0.750000
0.812500 0.750000
0.875000 0.750000
0.937500 0.750000
0.000000 0.765625
0.062500 0.765625
0.125000 0.765625
0.187500 0.765625
0.250000 0.765625
0.312500 0.765625
0.375000 0.765625
0.437500 0.765625
0.500000 0.765625
0.562500 0.765625
0.625000 0.765625
0.687500 0.765625
0.750000 0.765625
0.812500 0.765625
0.875000 0.765625
0.937500 0.765625
0.000000 0.781250
0.062500 0.781250
0.125000 0.781250
0.187500 0.781250
0.250000 0.781250
0.312500 0.781250
0.375000 0.781250
0.437500 0.781250
0.500000 0.781250
0.562500 0.781250
0.625000 0.781250
0.687500 0.781250
0.750000 0.781250
0.812500 0.781250
0.875000 0.781250
0.937500 0.781250
0.000000 0.796875
0.062500 0.796875
0.125000 0.796875
0.187500 0.796875
0.250000 0.796875
0.312500 0.796875
0.375000 0.796875
0.437500 0.796875
0.500000 0.796875
0.562500 0.796875
0.625000 0.796875
0.687500 0.796875
0.750000 0.796875
0.812500 0.796875
0.875000 0.796875
0.937500 0.796875
0.000000 0.812500
0.062500 0.812500
0.125000 0.812500
0.187500 0.812500
0.250000 0.812500
0.312500 0.812500
0.375000 0.812500
0.437500 0.812500
0.500000 0.812500
0.562500 0.812500
0.625000 0.812500
0.687500 0.812500
0.750000 0.812500
0.812500 0.812500
0.875000 0.812500
0.937500 0.812500
0.000000 0.828125
0.062500 0.828125
0.125000 0.828125
0.187500 0.828125
0.250000 0.828125
0.312500 0.828125
0.375000 0.828125
0.437500 0.828125
0.500000 0.828125
0.562500 0.828125
0.625000 0.828125
0.687500 0.828125
0.750000 0.828125
0.812500 0.828125
0.875000 0.828125
0.937500 0.828125
0.000000 0.843750
0.062500 0.843750
0.125000 0.843750
0.187500 0.843750
0.250000 0.843750
0.312500 0.843750
0.375000 0.843750
0.437500 0.843750
0.500000 0.843750
0.562500 0.843750
0.625000 0.843750
0.687500 0.843750
0.750000 0.843750
0.812500 0.843750
0.875000 0.843750
0.937500 0.843750
0.000000 0.859375
0.062500 0.859375
0.125000 0.859375
0.187500 0.859375
0.250000 0.859375
0.312500 0.859375
0.375000 0.859375
0.437500 0.859375
0.500000 0.859375
0.562500 0.859375
0.625000 0.859375
0.687500 0.859375
0.750000 0.859375
0.812500 0.859375
0.875000 0.859375
0.937500 0.859375
0.000000 0.875000
0.062500 0.875000
0.125000 0.875000
0.187500 0.875000
0.250000 0.875000
0.312500 0.875000
0.375000 0.875000
0.437500 0.875000
0.500000 0.875000
0.562500 0.875000
0.625000 0.875000
0.687500 0.875000
0.750000 0.875000
0.812500 0.875000
0.875000 0.875000
0.937500 0.875000
0.000000 0.890625
0.062500 0.890625
0.125000 0.890625
0.187500 0.890625
0.250000 0.890625
0.312500 0.890625
0.375000 0.890625
0.437500 0.890625
0.500000 0.890625
0.562500 0.890625
0.625000 0.890625
0.687500 0.890625
0.750000 0.890625
0.812500 0.890625
0.875000 0.890625
0.937500 0.890625
0.000000 0.906250
0.062500 0.906250
0.125000 0.906250
0.187500 0.906250
0.250000 0.906250
0.312500 0.906250
0.375000 0.906250
0.437500 0.906250
0.500000 0.906250
0.562500 0.906250
0.625000 0.906250
0.687500 0.906250
0.750000 0.906250
0.812500 0.906250
0.875000 0.906250
0.937500 0.906250
0.000000 0.921875
0.062500 0.921875
0.125000 0.921875
0.187500 0.921875
0.250000 0.921875
0.312500 0.921875
0.375000 0.921875
0.437500 0.921875
0.500000 0.921875
0.562500 0.921875
0.625000 0.921875
0.687500 0.921875
0.750000 0.921875
0.812500 0.921875
0.875000 0.921875
0.937500 0.921875
0.000000 0.937500
0.062500 0.937500
0.125000 0.937500
0.187500 0.937500
0.250000 0.937500
0.312500 0.937500
0.375000 0.937500
0.437500 0.937500
0.500000 0.937500
0.562500 0.937500
0.625000 0.937500
0.687500 0.937500
0.750000 0.937500
0.812500 0.937500
0.875000 0.937500
0.937500 0.937500
0.000000 0.953125
0.062500 0.953125
0.125000 0.953125
0.187500 0.953125
0.250000 0.953125
0.312500 0.953125
0.375000 0.953125
0.437500 0.953125
0.500000 0.953125
0.562500 0.953125
0.625000 0.953125
0.687500 0.953125
0.750000 0.953125
0.812500 0.953125
0.875000 0.953125
0.937500 0.953125
0.000000 0.968750
0.062500 0.968750
0.125000 0.968750
0.187500 0.968750
0.250000 0.968750
0.312500 0.968750
0.375000 0.968750
0.437500 0.968750
0.500000 0.968750
0.562500 0.968750
0.625000 0.968750
0.687500 0.968750
0.750000 0.968750
0.812500 0.968750
0.875000 0.968750
0.937500 0.968750
0.000000 0.984375
0.062500 0.984375
0.125000 0.984375
0.187500 0.984375
0.250000 0.984375
0.312500 0.984375
0.375000 0.984375
0.437500 0.984375
0.500000 0.984375
0.562500 0.984375
0.625000 0.984375
0.687500 0.984375
0.750000 0.984375
0.812500 0.984375
0.875000 0.984375
0.937500 0.984375
0.000000 1.000000
0.062500 1.000000
0.125000 1.000000
0.187500 1.000000
0.250000 1.000000
0.312500 1.000000
0.375000 1.000000
0.437500 1.000000
0.500000 1.000000
0.562500 1.000000
0.625000 1.000000
0.687500 1.000000
0.750000 1.000000
0.812500 1.000000
0.875000 1.000000
0.937500 1.000000
1.000000 0.000000
1.000000 0.015625
1.000000 0.031250
1.000000 0.046875
1.000000 0.062500
1.000000 0.078125
1.000000 0.093750
1.000000 0.109375
1.000000 0.125000
1.000000 0.140625
1.000000 0.156250
1.000000 0.171875
1.000000 0.187500
1.000000 0.203125
1.000000 0.218750
1.000000 0.234375
1.000000 0.250000
1.000000 0.265625
1.000000 0.281250
1.000000 0.296875
1.000000 0.312500
1.000000 0.328125
1.000000 0.343750
1.000000 0.359375
1.000000 0.375000
1.000000 0.390625
1.000000 0.406250
1.000000 0.421875
1.000000 0.437500
1.000000 0.453125
1.000000 0.468750
1.000000 0.484375
1.000000 0.500000
1.000000 0.515625
1.000000 0.531250
1.000000 0.546875
1.000000 0.562500
1.000000 0.578125
1.000000 0.593750
1.000000 0.609375
1.000000 0.625000
1.000000 0.640625
1.000000 0.656250
1.000000 0.671875
1.000000 0.687500
1.000000 0.703125
1.000000 0.718750
1.000000 0.734375
1.000000 0.750000
1.000000 0.765625
1.000000 0.781250
1.000000 0.796875
1.000000 0.812500
1.000000 0.828125
1.000000 0.843750
1.000000 0.859375
1.000000 0.875000
1.000000 0.890625
1.000000 0.906250
1.000000 0.921875
1.000000 0.937500
1.000000 0.953125
1.000000 0.968750
1.000000 0.984375
1.000000 1.000000
</float_array>
          <technique_common>
            <accessor source="#MB_T_ShirtHanger_bmp001-lib-UV0-array" count="1105" stride="2">
              <param name="S" type="float"/>
              <param name="T" type="float"/>
            </accessor>
          </technique_common>
        </source>
        <vertices id="MB_T_ShirtHanger_bmp001-lib-Vertex">
          <input semantic="POSITION" source="#MB_T_ShirtHanger_bmp001-lib-Position"/>
        </vertices>
        <polygons material="Material__25" count="1024">
          <input semantic="VERTEX" offset="0" source="#MB_T_ShirtHanger_bmp001-lib-Vertex"/>
          <input semantic="NORMAL" offset="1" source="#MB_T_ShirtHanger_bmp001-lib-Normal0"/>
          <input semantic="TEXCOORD" offset="2" set="0" source="#MB_T_ShirtHanger_bmp001-lib-UV0"/>
          <p>0 0 0 1 1 1 17 2 17 16 3 16</p>
          <p>1 4 1 2 5 2 18 6 18 17 7 17</p>
          <p>2 8 2 3 9 3 19 10 19 18 11 18</p>
          <p>3 12 3 4 13 4 20 14 20 19 15 19</p>
          <p>4 16 4 5 17 5 21 18 21 20 19 20</p>
          <p>5 20 5 6 21 6 22 22 22 21 23 21</p>
          <p>6 24 6 7 25 7 23 26 23 22 27 22</p>
          <p>7 28 7 8 29 8 24 30 24 23 31 23</p>
          <p>8 32 8 9 33 9 25 34 25 24 35 24</p>
          <p>9 36 9 10 37 10 26 38 26 25 39 25</p>
          <p>10 40 10 11 41 11 27 42 27 26 43 26</p>
          <p>11 44 11 12 45 12 28 46 28 27 47 27</p>
          <p>12 48 12 13 49 13 29 50 29 28 51 28</p>
          <p>13 52 13 14 53 14 30 54 30 29 55 29</p>
          <p>14 56 14 15 57 15 31 58 31 30 59 30</p>
          <p>15 60 15 0 61 1040 16 62 1041 31 63 31</p>
          <p>16 64 16 17 65 17 33 66 33 32 67 32</p>
          <p>17 68 17 18 69 18 34 70 34 33 71 33</p>
          <p>18 72 18 19 73 19 35 74 35 34 75 34</p>
          <p>19 76 19 20 77 20 36 78 36 35 79 35</p>
          <p>20 80 20 21 81 21 37 82 37 36 83 36</p>
          <p>21 84 21 22 85 22 38 86 38 37 87 37</p>
          <p>22 88 22 23 89 23 39 90 39 38 91 38</p>
          <p>23 92 23 24 93 24 40 94 40 39 95 39</p>
          <p>24 96 24 25 97 25 41 98 41 40 99 40</p>
          <p>25 100 25 26 101 26 42 102 42 41 103 41</p>
          <p>26 104 26 27 105 27 43 106 43 42 107 42</p>
          <p>27 108 27 28 109 28 44 110 44 43 111 43</p>
          <p>28 112 28 29 113 29 45 114 45 44 115 44</p>
          <p>29 116 29 30 117 30 46 118 46 45 119 45</p>
          <p>30 120 30 31 121 31 47 122 47 46 123 46</p>
          <p>31 124 31 16 125 1041 32 126 1042 47 127 47</p>
          <p>32 128 32 33 129 33 49 130 49 48 131 48</p>
          <p>33 132 33 34 133 34 50 134 50 49 135 49</p>
          <p>34 136 34 35 137 35 51 138 51 50 139 50</p>
          <p>35 140 35 36 141 36 52 142 52 51 143 51</p>
          <p>36 144 36 37 145 37 53 146 53 52 147 52</p>
          <p>37 148 37 38 149 38 54 150 54 53 151 53</p>
          <p>38 152 38 39 153 39 55 154 55 54 155 54</p>
          <p>39 156 39 40 157 40 56 158 56 55 159 55</p>
          <p>40 160 40 41 161 41 57 162 57 56 163 56</p>
          <p>41 164 41 42 165 42 58 166 58 57 167 57</p>
          <p>42 168 42 43 169 43 59 170 59 58 171 58</p>
          <p>43 172 43 44 173 44 60 174 60 59 175 59</p>
          <p>44 176 44 45 177 45 61 178 61 60 179 60</p>
          <p>45 180 45 46 181 46 62 182 62 61 183 61</p>
          <p>46 184 46 47 185 47 63 186 63 62 187 62</p>
          <p>47 188 47 32 189 1042 48 190 1043 63 191 63</p>
          <p>48 192 48 49 193 49 65 194 65 64 195 64</p>
          <p>49 196 49 50 197 50 66 198 66 65 199 65</p>
          <p>50 200 50 51 201 51 67 202 67 66 203 66</p>
          <p>51 204 51 52 205 52 68 206 68 67 207 67</p>
          <p>52 208 52 53 209 53 69 210 69 68 211 68</p>
          <p>53 212 53 54 213 54 70 214 70 69 215 69</p>
          <p>54 216 54 55 217 55 71 218 71 70 219 70</p>
          <p>55 220 55 56 221 56 72 222 72 71 223 71</p>
          <p>56 224 56 57 225 57 73 226 73 72 227 72</p>
          <p>57 228 57 58 229 58 74 230 74 73 231 73</p>
          <p>58 232 58 59 233 59 75 234 75 74 235 74</p>
          <p>59 236 59 60 237 60 76 238 76 75 239 75</p>
          <p>60 240 60 61 241 61 77 242 77 76 243 76</p>
          <p>61 244 61 62 245 62 78 246 78 77 247 77</p>
          <p>62 248 62 63 249 63 79 250 79 78 251 78</p>
          <p>63 252 63 48 253 1043 64 254 1044 79 255 79</p>
          <p>64 256 64 65 257 65 81 258 81 80 259 80</p>
          <p>65 260 65 66 261 66 82 262 82 81 263 81</p>
          <p>66 264 66 67 265 67 83 266 83 82 267 82</p>
          <p>67 268 67 68 269 68 84 270 84 83 271 83</p>
          <p>68 272 68 69 273 69 85 274 85 84 275 84</p>
          <p>69 276 69 70 277 70 86 278 86 85 279 85</p>
          <p>70 280 70 71 281 71 87 282 87 86 283 86</p>
          <p>71 284 71 72 285 72 88 286 88 87 287 87</p>
          <p>72 288 72 73 289 73 89 290 89 88 291 88</p>
          <p>73 292 73 74 293 74 90 294 90 89 295 89</p>
          <p>74 296 74 75 297 75 91 298 91 90 299 90</p>
          <p>75 300 75 76 301 76 92 302 92 91 303 91</p>
          <p>76 304 76 77 305 77 93 306 93 92 307 92</p>
          <p>77 308 77 78 309 78 94 310 94 93 311 93</p>
          <p>78 312 78 79 313 79 95 314 95 94 315 94</p>
          <p>79 316 79 64 317 1044 80 318 1045 95 319 95</p>
          <p>80 320 80 81 321 81 97 322 97 96 323 96</p>
          <p>81 324 81 82 325 82 98 326 98 97 327 97</p>
          <p>82 328 82 83 329 83 99 330 99 98 331 98</p>
          <p>83 332 83 84 333 84 100 334 100 99 335 99</p>
          <p>84 336 84 85 337 85 101 338 101 100 339 100</p>
          <p>85 340 85 86 341 86 102 342 102 101 343 101</p>
          <p>86 344 86 87 345 87 103 346 103 102 347 102</p>
          <p>87 348 87 88 349 88 104 350 104 103 351 103</p>
          <p>88 352 88 89 353 89 105 354 105 104 355 104</p>
          <p>89 356 89 90 357 90 106 358 106 105 359 105</p>
          <p>90 360 90 91 361 91 107 362 107 106 363 106</p>
          <p>91 364 91 92 365 92 108 366 108 107 367 107</p>
          <p>92 368 92 93 369 93 109 370 109 108 371 108</p>
          <p>93 372 93 94 373 94 110 374 110 109 375 109</p>
          <p>94 376 94 95 377 95 111 378 111 110 379 110</p>
          <p>95 380 95 80 381 1045 96 382 1046 111 383 111</p>
          <p>96 384 96 97 385 97 113 386 113 112 387 112</p>
          <p>97 388 97 98 389 98 114 390 114 113 391 113</p>
          <p>98 392 98 99 393 99 115 394 115 114 395 114</p>
          <p>99 396 99 100 397 100 116 398 116 115 399 115</p>
          <p>100 400 100 101 401 101 117 402 117 116 403 116</p>
          <p>101 404 101 102 405 102 118 406 118 117 407 117</p>
          <p>102 408 102 103 409 103 119 410 119 118 411 118</p>
          <p>103 412 103 104 413 104 120 414 120 119 415 119</p>
          <p>104 416 104 105 417 105 121 418 121 120 419 120</p>
          <p>105 420 105 106 421 106 122 422 122 121 423 121</p>
          <p>106 424 106 107 425 107 123 426 123 122 427 122</p>
          <p>107 428 107 108 429 108 124 430 124 123 431 123</p>
          <p>108 432 108 109 433 109 125 434 125 124 435 124</p>
          <p>109 436 109 110 437 110 126 438 126 125 439 125</p>
          <p>110 440 110 111 441 111 127 442 127 126 443 126</p>
          <p>111 444 111 96 445 1046 112 446 1047 127 447 127</p>
          <p>112 448 112 113 449 113 129 450 129 128 451 128</p>
          <p>113 452 113 114 453 114 130 454 130 129 455 129</p>
          <p>114 456 114 115 457 115 131 458 131 130 459 130</p>
          <p>115 460 115 116 461 116 132 462 132 131 463 131</p>
          <p>116 464 116 117 465 117 133 466 133 132 467 132</p>
          <p>117 468 117 118 469 118 134 470 134 133 471 133</p>
          <p>118 472 118 119 473 119 135 474 135 134 475 134</p>
          <p>119 476 119 120 477 120 136 478 136 135 479 135</p>
          <p>120 480 120 121 481 121 137 482 137 136 483 136</p>
          <p>121 484 121 122 485 122 138 486 138 137 487 137</p>
          <p>122 488 122 123 489 123 139 490 139 138 491 138</p>
          <p>123 492 123 124 493 124 140 494 140 139 495 139</p>
          <p>124 496 124 125 497 125 141 498 141 140 499 140</p>
          <p>125 500 125 126 501 126 142 502 142 141 503 141</p>
          <p>126 504 126 127 505 127 143 506 143 142 507 142</p>
          <p>127 508 127 112 509 1047 128 510 1048 143 511 143</p>
          <p>128 512 128 129 513 129 145 514 145 144 515 144</p>
          <p>129 516 129 130 517 130 146 518 146 145 519 145</p>
          <p>130 520 130 131 521 131 147 522 147 146 523 146</p>
          <p>131 524 131 132 525 132 148 526 148 147 527 147</p>
          <p>132 528 132 133 529 133 149 530 149 148 531 148</p>
          <p>133 532 133 134 533 134 150 534 150 149 535 149</p>
          <p>134 536 134 135 537 135 151 538 151 150 539 150</p>
          <p>135 540 135 136 541 136 152 542 152 151 543 151</p>
          <p>136 544 136 137 545 137 153 546 153 152 547 152</p>
          <p>137 548 137 138 549 138 154 550 154 153 551 153</p>
          <p>138 552 138 139 553 139 155 554 155 154 555 154</p>
          <p>139 556 139 140 557 140 156 558 156 155 559 155</p>
          <p>140 560 140 141 561 141 157 562 157 156 563 156</p>
          <p>141 564 141 142 565 142 158 566 158 157 567 157</p>
          <p>142 568 142 143 569 143 159 570 159 158 571 158</p>
          <p>143 572 143 128 573 1048 144 574 1049 159 575 159</p>
          <p>144 576 144 145 577 145 161 578 161 160 579 160</p>
          <p>145 580 145 146 581 146 162 582 162 161 583 161</p>
          <p>146 584 146 147 585 147 163 586 163 162 587 162</p>
          <p>147 588 147 148 589 148 164 590 164 163 591 163</p>
          <p>148 592 148 149 593 149 165 594 165 164 595 164</p>
          <p>149 596 149 150 597 150 166 598 166 165 599 165</p>
          <p>150 600 150 151 601 151 167 602 167 166 603 166</p>
          <p>151 604 151 152 605 152 168 606 168 167 607 167</p>
          <p>152 608 152 153 609 153 169 610 169 168 611 168</p>
          <p>153 612 153 154 613 154 170 614 170 169 615 169</p>
          <p>154 616 154 155 617 155 171 618 171 170 619 170</p>
          <p>155 620 155 156 621 156 172 622 172 171 623 171</p>
          <p>156 624 156 157 625 157 173 626 173 172 627 172</p>
          <p>157 628 157 158 629 158 174 630 174 173 631 173</p>
          <p>158 632 158 159 633 159 175 634 175 174 635 174</p>
          <p>159 636 159 144 637 1049 160 638 1050 175 639 175</p>
          <p>160 640 160 161 641 161 177 642 177 176 643 176</p>
          <p>161 644 161 162 645 162 178 646 178 177 647 177</p>
          <p>162 648 162 163 649 163 179 650 179 178 651 178</p>
          <p>163 652 163 164 653 164 180 654 180 179 655 179</p>
          <p>164 656 164 165 657 165 181 658 181 180 659 180</p>
          <p>165 660 165 166 661 166 182 662 182 181 663 181</p>
          <p>166 664 166 167 665 167 183 666 183 182 667 182</p>
          <p>167 668 167 168 669 168 184 670 184 183 671 183</p>
          <p>168 672 168 169 673 169 185 674 185 184 675 184</p>
          <p>169 676 169 170 677 170 186 678 186 185 679 185</p>
          <p>170 680 170 171 681 171 187 682 187 186 683 186</p>
          <p>171 684 171 172 685 172 188 686 188 187 687 187</p>
          <p>172 688 172 173 689 173 189 690 189 188 691 188</p>
          <p>173 692 173 174 693 174 190 694 190 189 695 189</p>
          <p>174 696 174 175 697 175 191 698 191 190 699 190</p>
          <p>175 700 175 160 701 1050 176 702 1051 191 703 191</p>
          <p>176 704 176 177 705 177 193 706 193 192 707 192</p>
          <p>177 708 177 178 709 178 194 710 194 193 711 193</p>
          <p>178 712 178 179 713 179 195 714 195 194 715 194</p>
          <p>179 716 179 180 717 180 196 718 196 195 719 195</p>
          <p>180 720 180 181 721 181 197 722 197 196 723 196</p>
          <p>181 724 181 182 725 182 198 726 198 197 727 197</p>
          <p>182 728 182 183 729 183 199 730 199 198 731 198</p>
          <p>183 732 183 184 733 184 200 734 200 199 735 199</p>
          <p>184 736 184 185 737 185 201 738 201 200 739 200</p>
          <p>185 740 185 186 741 186 202 742 202 201 743 201</p>
          <p>186 744 186 187 745 187 203 746 203 202 747 202</p>
          <p>187 748 187 188 749 188 204 750 204 203 751 203</p>
          <p>188 752 188 189 753 189 205 754 205 204 755 204</p>
          <p>189 756 189 190 757 190 206 758 206 205 759 205</p>
          <p>190 760 190 191 761 191 207 762 207 206 763 206</p>
          <p>191 764 191 176 765 1051 192 766 1052 207 767 207</p>
          <p>192 768 192 193 769 193 209 770 209 208 771 208</p>
          <p>193 772 193 194 773 194 210 774 210 209 775 209</p>
          <p>194 776 194 195 777 195 211 778 211 210 779 210</p>
          <p>195 780 195 196 781 196 212 782 212 211 783 211</p>
          <p>196 784 196 197 785 197 213 786 213 212 787 212</p>
          <p>197 788 197 198 789 198 214 790 214 213 791 213</p>
          <p>198 792 198 199 793 199 215 794 215 214 795 214</p>
          <p>199 796 199 200 797 200 216 798 216 215 799 215</p>
          <p>200 800 200 201 801 201 217 802 217 216 803 216</p>
          <p>201 804 201 202 805 202 218 806 218 217 807 217</p>
          <p>202 808 202 203 809 203 219 810 219 218 811 218</p>
          <p>203 812 203 204 813 204 220 814 220 219 815 219</p>
          <p>204 816 204 205 817 205 221 818 221 220 819 220</p>
          <p>205 820 205 206 821 206 222 822 222 221 823 221</p>
          <p>206 824 206 207 825 207 223 826 223 222 827 222</p>
          <p>207 828 207 192 829 1052 208 830 1053 223 831 223</p>
          <p>208 832 208 209 833 209 225 834 225 224 835 224</p>
          <p>209 836 209 210 837 210 226 838 226 225 839 225</p>
          <p>210 840 210 211 841 211 227 842 227 226 843 226</p>
          <p>211 844 211 212 845 212 228 846 228 227 847 227</p>
          <p>212 848 212 213 849 213 229 850 229 228 851 228</p>
          <p>213 852 213 214 853 214 230 854 230 229 855 229</p>
          <p>214 856 214 215 857 215 231 858 231 230 859 230</p>
          <p>215 860 215 216 861 216 232 862 232 231 863 231</p>
          <p>216 864 216 217 865 217 233 866 233 232 867 232</p>
          <p>217 868 217 218 869 218 234 870 234 233 871 233</p>
          <p>218 872 218 219 873 219 235 874 235 234 875 234</p>
          <p>219 876 219 220 877 220 236 878 236 235 879 235</p>
          <p>220 880 220 221 881 221 237 882 237 236 883 236</p>
          <p>221 884 221 222 885 222 238 886 238 237 887 237</p>
          <p>222 888 222 223 889 223 239 890 239 238 891 238</p>
          <p>223 892 223 208 893 1053 224 894 1054 239 895 239</p>
          <p>224 896 224 225 897 225 241 898 241 240 899 240</p>
          <p>225 900 225 226 901 226 242 902 242 241 903 241</p>
          <p>226 904 226 227 905 227 243 906 243 242 907 242</p>
          <p>227 908 227 228 909 228 244 910 244 243 911 243</p>
          <p>228 912 228 229 913 229 245 914 245 244 915 244</p>
          <p>229 916 229 230 917 230 246 918 246 245 919 245</p>
          <p>230 920 230 231 921 231 247 922 247 246 923 246</p>
          <p>231 924 231 232 925 232 248 926 248 247 927 247</p>
          <p>232 928 232 233 929 233 249 930 249 248 931 248</p>
          <p>233 932 233 234 933 234 250 934 250 249 935 249</p>
          <p>234 936 234 235 937 235 251 938 251 250 939 250</p>
          <p>235 940 235 236 941 236 252 942 252 251 943 251</p>
          <p>236 944 236 237 945 237 253 946 253 252 947 252</p>
          <p>237 948 237 238 949 238 254 950 254 253 951 253</p>
          <p>238 952 238 239 953 239 255 954 255 254 955 254</p>
          <p>239 956 239 224 957 1054 240 958 1055 255 959 255</p>
          <p>240 960 240 241 961 241 257 962 257 256 963 256</p>
          <p>241 964 241 242 965 242 258 966 258 257 967 257</p>
          <p>242 968 242 243 969 243 259 970 259 258 971 258</p>
          <p>243 972 243 244 973 244 260 974 260 259 975 259</p>
          <p>244 976 244 245 977 245 261 978 261 260 979 260</p>
          <p>245 980 245 246 981 246 262 982 262 261 983 261</p>
          <p>246 984 246 247 985 247 263 986 263 262 987 262</p>
          <p>247 988 247 248 989 248 264 990 264 263 991 263</p>
          <p>248 992 248 249 993 249 265 994 265 264 995 264</p>
          <p>249 996 249 250 997 250 266 998 266 265 999 265</p>
          <p>250 1000 250 251 1001 251 267 1002 267 266 1003 266</p>
          <p>251 1004 251 252 1005 252 268 1006 268 267 1007 267</p>
          <p>252 1008 252 253 1009 253 269 1010 269 268 1011 268</p>
          <p>253 1012 253 254 1013 254 270 1014 270 269 1015 269</p>
          <p>254 1016 254 255 1017 255 271 1018 271 270 1019 270</p>
          <p>255 1020 255 240 1021 1055 256 1022 1056 271 1023 271</p>
          <p>256 1024 256 257 1025 257 273 1026 273 272 1027 272</p>
          <p>257 1028 257 258 1029 258 274 1030 274 273 1031 273</p>
          <p>258 1032 258 259 1033 259 275 1034 275 274 1035 274</p>
          <p>259 1036 259 260 1037 260 276 1038 276 275 1039 275</p>
          <p>260 1040 260 261 1041 261 277 1042 277 276 1043 276</p>
          <p>261 1044 261 262 1045 262 278 1046 278 277 1047 277</p>
          <p>262 1048 262 263 1049 263 279 1050 279 278 1051 278</p>
          <p>263 1052 263 264 1053 264 280 1054 280 279 1055 279</p>
          <p>264 1056 264 265 1057 265 281 1058 281 280 1059 280</p>
          <p>265 1060 265 266 1061 266 282 1062 282 281 1063 281</p>
          <p>266 1064 266 267 1065 267 283 1066 283 282 1067 282</p>
          <p>267 1068 267 268 1069 268 284 1070 284 283 1071 283</p>
          <p>268 1072 268 269 1073 269 285 1074 285 284 1075 284</p>
          <p>269 1076 269 270 1077 270 286 1078 286 285 1079 285</p>
          <p>270 1080 270 271 1081 271 287 1082 287 286 1083 286</p>
          <p>271 1084 271 256 1085 1056 272 1086 1057 287 1087 287</p>
          <p>272 1088 272 273 1089 273 289 1090 289 288 1091 288</p>
          <p>273 1092 273 274 1093 274 290 1094 290 289 1095 289</p>
          <p>274 1096 274 275 1097 275 291 1098 291 290 1099 290</p>
          <p>275 1100 275 276 1101 276 292 1102 292 291 1103 291</p>
          <p>276 1104 276 277 1105 277 293 1106 293 292 1107 292</p>
          <p>277 1108 277 278 1109 278 294 1110 294 293 1111 293</p>
          <p>278 1112 278 279 1113 279 295 1114 295 294 1115 294</p>
          <p>279 1116 279 280 1117 280 296 1118 296 295 1119 295</p>
          <p>280 1120 280 281 1121 281 297 1122 297 296 1123 296</p>
          <p>281 1124 281 282 1125 282 298 1126 298 297 1127 297</p>
          <p>282 1128 282 283 1129 283 299 1130 299 298 1131 298</p>
          <p>283 1132 283 284 1133 284 300 1134 300 299 1135 299</p>
          <p>284 1136 284 285 1137 285 301 1138 301 300 1139 300</p>
          <p>285 1140 285 286 1141 286 302 1142 302 301 1143 301</p>
          <p>286 1144 286 287 1145 287 303 1146 303 302 1147 302</p>
          <p>287 1148 287 272 1149 1057 288 1150 1058 303 1151 303</p>
          <p>288 1152 288 289 1153 289 305 1154 305 304 1155 304</p>
          <p>289 1156 289 290 1157 290 306 1158 306 305 1159 305</p>
          <p>290 1160 290 291 1161 291 307 1162 307 306 1163 306</p>
          <p>291 1164 291 292 1165 292 308 1166 308 307 1167 307</p>
          <p>292 1168 292 293 1169 293 309 1170 309 308 1171 308</p>
          <p>293 1172 293 294 1173 294 310 1174 310 309 1175 309</p>
          <p>294 1176 294 295 1177 295 311 1178 311 310 1179 310</p>
          <p>295 1180 295 296 1181 296 312 1182 312 311 1183 311</p>
          <p>296 1184 296 297 1185 297 313 1186 313 312 1187 312</p>
          <p>297 1188 297 298 1189 298 314 1190 314 313 1191 313</p>
          <p>298 1192 298 299 1193 299 315 1194 315 314 1195 314</p>
          <p>299 1196 299 300 1197 300 316 1198 316 315 1199 315</p>
          <p>300 1200 300 301 1201 301 317 1202 317 316 1203 316</p>
          <p>301 1204 301 302 1205 302 318 1206 318 317 1207 317</p>
          <p>302 1208 302 303 1209 303 319 1210 319 318 1211 318</p>
          <p>303 1212 303 288 1213 1058 304 1214 1059 319 1215 319</p>
          <p>304 1216 304 305 1217 305 321 1218 321 320 1219 320</p>
          <p>305 1220 305 306 1221 306 322 1222 322 321 1223 321</p>
          <p>306 1224 306 307 1225 307 323 1226 323 322 1227 322</p>
          <p>307 1228 307 308 1229 308 324 1230 324 323 1231 323</p>
          <p>308 1232 308 309 1233 309 325 1234 325 324 1235 324</p>
          <p>309 1236 309 310 1237 310 326 1238 326 325 1239 325</p>
          <p>310 1240 310 311 1241 311 327 1242 327 326 1243 326</p>
          <p>311 1244 311 312 1245 312 328 1246 328 327 1247 327</p>
          <p>312 1248 312 313 1249 313 329 1250 329 328 1251 328</p>
          <p>313 1252 313 314 1253 314 330 1254 330 329 1255 329</p>
          <p>314 1256 314 315 1257 315 331 1258 331 330 1259 330</p>
          <p>315 1260 315 316 1261 316 332 1262 332 331 1263 331</p>
          <p>316 1264 316 317 1265 317 333 1266 333 332 1267 332</p>
          <p>317 1268 317 318 1269 318 334 1270 334 333 1271 333</p>
          <p>318 1272 318 319 1273 319 335 1274 335 334 1275 334</p>
          <p>319 1276 319 304 1277 1059 320 1278 1060 335 1279 335</p>
          <p>320 1280 320 321 1281 321 337 1282 337 336 1283 336</p>
          <p>321 1284 321 322 1285 322 338 1286 338 337 1287 337</p>
          <p>322 1288 322 323 1289 323 339 1290 339 338 1291 338</p>
          <p>323 1292 323 324 1293 324 340 1294 340 339 1295 339</p>
          <p>324 1296 324 325 1297 325 341 1298 341 340 1299 340</p>
          <p>325 1300 325 326 1301 326 342 1302 342 341 1303 341</p>
          <p>326 1304 326 327 1305 327 343 1306 343 342 1307 342</p>
          <p>327 1308 327 328 1309 328 344 1310 344 343 1311 343</p>
          <p>328 1312 328 329 1313 329 345 1314 345 344 1315 344</p>
          <p>329 1316 329 330 1317 330 346 1318 346 345 1319 345</p>
          <p>330 1320 330 331 1321 331 347 1322 347 346 1323 346</p>
          <p>331 1324 331 332 1325 332 348 1326 348 347 1327 347</p>
          <p>332 1328 332 333 1329 333 349 1330 349 348 1331 348</p>
          <p>333 1332 333 334 1333 334 350 1334 350 349 1335 349</p>
          <p>334 1336 334 335 1337 335 351 1338 351 350 1339 350</p>
          <p>335 1340 335 320 1341 1060 336 1342 1061 351 1343 351</p>
          <p>336 1344 336 337 1345 337 353 1346 353 352 1347 352</p>
          <p>337 1348 337 338 1349 338 354 1350 354 353 1351 353</p>
          <p>338 1352 338 339 1353 339 355 1354 355 354 1355 354</p>
          <p>339 1356 339 340 1357 340 356 1358 356 355 1359 355</p>
          <p>340 1360 340 341 1361 341 357 1362 357 356 1363 356</p>
          <p>341 1364 341 342 1365 342 358 1366 358 357 1367 357</p>
          <p>342 1368 342 343 1369 343 359 1370 359 358 1371 358</p>
          <p>343 1372 343 344 1373 344 360 1374 360 359 1375 359</p>
          <p>344 1376 344 345 1377 345 361 1378 361 360 1379 360</p>
          <p>345 1380 345 346 1381 346 362 1382 362 361 1383 361</p>
          <p>346 1384 346 347 1385 347 363 1386 363 362 1387 362</p>
          <p>347 1388 347 348 1389 348 364 1390 364 363 1391 363</p>
          <p>348 1392 348 349 1393 349 365 1394 365 364 1395 364</p>
          <p>349 1396 349 350 1397 350 366 1398 366 365 1399 365</p>
          <p>350 1400 350 351 1401 351 367 1402 367 366 1403 366</p>
          <p>351 1404 351 336 1405 1061 352 1406 1062 367 1407 367</p>
          <p>352 1408 352 353 1409 353 369 1410 369 368 1411 368</p>
          <p>353 1412 353 354 1413 354 370 1414 370 369 1415 369</p>
          <p>354 1416 354 355 1417 355 371 1418 371 370 1419 370</p>
          <p>355 1420 355 356 1421 356 372 1422 372 371 1423 371</p>
          <p>356 1424 356 357 1425 357 373 1426 373 372 1427 372</p>
          <p>357 1428 357 358 1429 358 374 1430 374 373 1431 373</p>
          <p>358 1432 358 359 1433 359 375 1434 375 374 1435 374</p>
          <p>359 1436 359 360 1437 360 376 1438 376 375 1439 375</p>
          <p>360 1440 360 361 1441 361 377 1442 377 376 1443 376</p>
          <p>361 1444 361 362 1445 362 378 1446 378 377 1447 377</p>
          <p>362 1448 362 363 1449 363 379 1450 379 378 1451 378</p>
          <p>363 1452 363 364 1453 364 380 1454 380 379 1455 379</p>
          <p>364 1456 364 365 1457 365 381 1458 381 380 1459 380</p>
          <p>365 1460 365 366 1461 366 382 1462 382 381 1463 381</p>
          <p>366 1464 366 367 1465 367 383 1466 383 382 1467 382</p>
          <p>367 1468 367 352 1469 1062 368 1470 1063 383 1471 383</p>
          <p>368 1472 368 369 1473 369 385 1474 385 384 1475 384</p>
          <p>369 1476 369 370 1477 370 386 1478 386 385 1479 385</p>
          <p>370 1480 370 371 1481 371 387 1482 387 386 1483 386</p>
          <p>371 1484 371 372 1485 372 388 1486 388 387 1487 387</p>
          <p>372 1488 372 373 1489 373 389 1490 389 388 1491 388</p>
          <p>373 1492 373 374 1493 374 390 1494 390 389 1495 389</p>
          <p>374 1496 374 375 1497 375 391 1498 391 390 1499 390</p>
          <p>375 1500 375 376 1501 376 392 1502 392 391 1503 391</p>
          <p>376 1504 376 377 1505 377 393 1506 393 392 1507 392</p>
          <p>377 1508 377 378 1509 378 394 1510 394 393 1511 393</p>
          <p>378 1512 378 379 1513 379 395 1514 395 394 1515 394</p>
          <p>379 1516 379 380 1517 380 396 1518 396 395 1519 395</p>
          <p>380 1520 380 381 1521 381 397 1522 397 396 1523 396</p>
          <p>381 1524 381 382 1525 382 398 1526 398 397 1527 397</p>
          <p>382 1528 382 383 1529 383 399 1530 399 398 1531 398</p>
          <p>383 1532 383 368 1533 1063 384 1534 1064 399 1535 399</p>
          <p>384 1536 384 385 1537 385 401 1538 401 400 1539 400</p>
          <p>385 1540 385 386 1541 386 402 1542 402 401 1543 401</p>
          <p>386 1544 386 387 1545 387 403 1546 403 402 1547 402</p>
          <p>387 1548 387 388 1549 388 404 1550 404 403 1551 403</p>
          <p>388 1552 388 389 1553 389 405 1554 405 404 1555 404</p>
          <p>389 1556 389 390 1557 390 406 1558 406 405 1559 405</p>
          <p>390 1560 390 391 1561 391 407 1562 407 406 1563 406</p>
          <p>391 1564 391 392 1565 392 408 1566 408 407 1567 407</p>
          <p>392 1568 392 393 1569 393 409 1570 409 408 1571 408</p>
          <p>393 1572 393 394 1573 394 410 1574 410 409 1575 409</p>
          <p>394 1576 394 395 1577 395 411 1578 411 410 1579 410</p>
          <p>395 1580 395 396 1581 396 412 1582 412 411 1583 411</p>
          <p>396 1584 396 397 1585 397 413 1586 413 412 1587 412</p>
          <p>397 1588 397 398 1589 398 414 1590 414 413 1591 413</p>
          <p>398 1592 398 399 1593 399 415 1594 415 414 1595 414</p>
          <p>399 1596 399 384 1597 1064 400 1598 1065 415 1599 415</p>
          <p>400 1600 400 401 1601 401 417 1602 417 416 1603 416</p>
          <p>401 1604 401 402 1605 402 418 1606 418 417 1607 417</p>
          <p>402 1608 402 403 1609 403 419 1610 419 418 1611 418</p>
          <p>403 1612 403 404 1613 404 420 1614 420 419 1615 419</p>
          <p>404 1616 404 405 1617 405 421 1618 421 420 1619 420</p>
          <p>405 1620 405 406 1621 406 422 1622 422 421 1623 421</p>
          <p>406 1624 406 407 1625 407 423 1626 423 422 1627 422</p>
          <p>407 1628 407 408 1629 408 424 1630 424 423 1631 423</p>
          <p>408 1632 408 409 1633 409 425 1634 425 424 1635 424</p>
          <p>409 1636 409 410 1637 410 426 1638 426 425 1639 425</p>
          <p>410 1640 410 411 1641 411 427 1642 427 426 1643 426</p>
          <p>411 1644 411 412 1645 412 428 1646 428 427 1647 427</p>
          <p>412 1648 412 413 1649 413 429 1650 429 428 1651 428</p>
          <p>413 1652 413 414 1653 414 430 1654 430 429 1655 429</p>
          <p>414 1656 414 415 1657 415 431 1658 431 430 1659 430</p>
          <p>415 1660 415 400 1661 1065 416 1662 1066 431 1663 431</p>
          <p>416 1664 416 417 1665 417 433 1666 433 432 1667 432</p>
          <p>417 1668 417 418 1669 418 434 1670 434 433 1671 433</p>
          <p>418 1672 418 419 1673 419 435 1674 435 434 1675 434</p>
          <p>419 1676 419 420 1677 420 436 1678 436 435 1679 435</p>
          <p>420 1680 420 421 1681 421 437 1682 437 436 1683 436</p>
          <p>421 1684 421 422 1685 422 438 1686 438 437 1687 437</p>
          <p>422 1688 422 423 1689 423 439 1690 439 438 1691 438</p>
          <p>423 1692 423 424 1693 424 440 1694 440 439 1695 439</p>
          <p>424 1696 424 425 1697 425 441 1698 441 440 1699 440</p>
          <p>425 1700 425 426 1701 426 442 1702 442 441 1703 441</p>
          <p>426 1704 426 427 1705 427 443 1706 443 442 1707 442</p>
          <p>427 1708 427 428 1709 428 444 1710 444 443 1711 443</p>
          <p>428 1712 428 429 1713 429 445 1714 445 444 1715 444</p>
          <p>429 1716 429 430 1717 430 446 1718 446 445 1719 445</p>
          <p>430 1720 430 431 1721 431 447 1722 447 446 1723 446</p>
          <p>431 1724 431 416 1725 1066 432 1726 1067 447 1727 447</p>
          <p>432 1728 432 433 1729 433 449 1730 449 448 1731 448</p>
          <p>433 1732 433 434 1733 434 450 1734 450 449 1735 449</p>
          <p>434 1736 434 435 1737 435 451 1738 451 450 1739 450</p>
          <p>435 1740 435 436 1741 436 452 1742 452 451 1743 451</p>
          <p>436 1744 436 437 1745 437 453 1746 453 452 1747 452</p>
          <p>437 1748 437 438 1749 438 454 1750 454 453 1751 453</p>
          <p>438 1752 438 439 1753 439 455 1754 455 454 1755 454</p>
          <p>439 1756 439 440 1757 440 456 1758 456 455 1759 455</p>
          <p>440 1760 440 441 1761 441 457 1762 457 456 1763 456</p>
          <p>441 1764 441 442 1765 442 458 1766 458 457 1767 457</p>
          <p>442 1768 442 443 1769 443 459 1770 459 458 1771 458</p>
          <p>443 1772 443 444 1773 444 460 1774 460 459 1775 459</p>
          <p>444 1776 444 445 1777 445 461 1778 461 460 1779 460</p>
          <p>445 1780 445 446 1781 446 462 1782 462 461 1783 461</p>
          <p>446 1784 446 447 1785 447 463 1786 463 462 1787 462</p>
          <p>447 1788 447 432 1789 1067 448 1790 1068 463 1791 463</p>
          <p>448 1792 448 449 1793 449 465 1794 465 464 1795 464</p>
          <p>449 1796 449 450 1797 450 466 1798 466 465 1799 465</p>
          <p>450 1800 450 451 1801 451 467 1802 467 466 1803 466</p>
          <p>451 1804 451 452 1805 452 468 1806 468 467 1807 467</p>
          <p>452 1808 452 453 1809 453 469 1810 469 468 1811 468</p>
          <p>453 1812 453 454 1813 454 470 1814 470 469 1815 469</p>
          <p>454 1816 454 455 1817 455 471 1818 471 470 1819 470</p>
          <p>455 1820 455 456 1821 456 472 1822 472 471 1823 471</p>
          <p>456 1824 456 457 1825 457 473 1826 473 472 1827 472</p>
          <p>457 1828 457 458 1829 458 474 1830 474 473 1831 473</p>
          <p>458 1832 458 459 1833 459 475 1834 475 474 1835 474</p>
          <p>459 1836 459 460 1837 460 476 1838 476 475 1839 475</p>
          <p>460 1840 460 461 1841 461 477 1842 477 476 1843 476</p>
          <p>461 1844 461 462 1845 462 478 1846 478 477 1847 477</p>
          <p>462 1848 462 463 1849 463 479 1850 479 478 1851 478</p>
          <p>463 1852 463 448 1853 1068 464 1854 1069 479 1855 479</p>
          <p>464 1856 464 465 1857 465 481 1858 481 480 1859 480</p>
          <p>465 1860 465 466 1861 466 482 1862 482 481 1863 481</p>
          <p>466 1864 466 467 1865 467 483 1866 483 482 1867 482</p>
          <p>467 1868 467 468 1869 468 484 1870 484 483 1871 483</p>
          <p>468 1872 468 469 1873 469 485 1874 485 484 1875 484</p>
          <p>469 1876 469 470 1877 470 486 1878 486 485 1879 485</p>
          <p>470 1880 470 471 1881 471 487 1882 487 486 1883 486</p>
          <p>471 1884 471 472 1885 472 488 1886 488 487 1887 487</p>
          <p>472 1888 472 473 1889 473 489 1890 489 488 1891 488</p>
          <p>473 1892 473 474 1893 474 490 1894 490 489 1895 489</p>
          <p>474 1896 474 475 1897 475 491 1898 491 490 1899 490</p>
          <p>475 1900 475 476 1901 476 492 1902 492 491 1903 491</p>
          <p>476 1904 476 477 1905 477 493 1906 493 492 1907 492</p>
          <p>477 1908 477 478 1909 478 494 1910 494 493 1911 493</p>
          <p>478 1912 478 479 1913 479 495 1914 495 494 1915 494</p>
          <p>479 1916 479 464 1917 1069 480 1918 1070 495 1919 495</p>
          <p>480 1920 480 481 1921 481 497 1922 497 496 1923 496</p>
          <p>481 1924 481 482 1925 482 498 1926 498 497 1927 497</p>
          <p>482 1928 482 483 1929 483 499 1930 499 498 1931 498</p>
          <p>483 1932 483 484 1933 484 500 1934 500 499 1935 499</p>
          <p>484 1936 484 485 1937 485 501 1938 501 500 1939 500</p>
          <p>485 1940 485 486 1941 486 502 1942 502 501 1943 501</p>
          <p>486 1944 486 487 1945 487 503 1946 503 502 1947 502</p>
          <p>487 1948 487 488 1949 488 504 1950 504 503 1951 503</p>
          <p>488 1952 488 489 1953 489 505 1954 505 504 1955 504</p>
          <p>489 1956 489 490 1957 490 506 1958 506 505 1959 505</p>
          <p>490 1960 490 491 1961 491 507 1962 507 506 1963 506</p>
          <p>491 1964 491 492 1965 492 508 1966 508 507 1967 507</p>
          <p>492 1968 492 493 1969 493 509 1970 509 508 1971 508</p>
          <p>493 1972 493 494 1973 494 510 1974 510 509 1975 509</p>
          <p>494 1976 494 495 1977 495 511 1978 511 510 1979 510</p>
          <p>495 1980 495 480 1981 1070 496 1982 1071 511 1983 511</p>
          <p>496 1984 496 497 1985 497 513 1986 513 512 1987 512</p>
          <p>497 1988 497 498 1989 498 514 1990 514 513 1991 513</p>
          <p>498 1992 498 499 1993 499 515 1994 515 514 1995 514</p>
          <p>499 1996 499 500 1997 500 516 1998 516 515 1999 515</p>
          <p>500 2000 500 501 2001 501 517 2002 517 516 2003 516</p>
          <p>501 2004 501 502 2005 502 518 2006 518 517 2007 517</p>
          <p>502 2008 502 503 2009 503 519 2010 519 518 2011 518</p>
          <p>503 2012 503 504 2013 504 520 2014 520 519 2015 519</p>
          <p>504 2016 504 505 2017 505 521 2018 521 520 2019 520</p>
          <p>505 2020 505 506 2021 506 522 2022 522 521 2023 521</p>
          <p>506 2024 506 507 2025 507 523 2026 523 522 2027 522</p>
          <p>507 2028 507 508 2029 508 524 2030 524 523 2031 523</p>
          <p>508 2032 508 509 2033 509 525 2034 525 524 2035 524</p>
          <p>509 2036 509 510 2037 510 526 2038 526 525 2039 525</p>
          <p>510 2040 510 511 2041 511 527 2042 527 526 2043 526</p>
          <p>511 2044 511 496 2045 1071 512 2046 1072 527 2047 527</p>
          <p>512 2048 512 513 2049 513 529 2050 529 528 2051 528</p>
          <p>513 2052 513 514 2053 514 530 2054 530 529 2055 529</p>
          <p>514 2056 514 515 2057 515 531 2058 531 530 2059 530</p>
          <p>515 2060 515 516 2061 516 532 2062 532 531 2063 531</p>
          <p>516 2064 516 517 2065 517 533 2066 533 532 2067 532</p>
          <p>517 2068 517 518 2069 518 534 2070 534 533 2071 533</p>
          <p>518 2072 518 519 2073 519 535 2074 535 534 2075 534</p>
          <p>519 2076 519 520 2077 520 536 2078 536 535 2079 535</p>
          <p>520 2080 520 521 2081 521 537 2082 537 536 2083 536</p>
          <p>521 2084 521 522 2085 522 538 2086 538 537 2087 537</p>
          <p>522 2088 522 523 2089 523 539 2090 539 538 2091 538</p>
          <p>523 2092 523 524 2093 524 540 2094 540 539 2095 539</p>
          <p>524 2096 524 525 2097 525 541 2098 541 540 2099 540</p>
          <p>525 2100 525 526 2101 526 542 2102 542 541 2103 541</p>
          <p>526 2104 526 527 2105 527 543 2106 543 542 2107 542</p>
          <p>527 2108 527 512 2109 1072 528 2110 1073 543 2111 543</p>
          <p>528 2112 528 529 2113 529 545 2114 545 544 2115 544</p>
          <p>529 2116 529 530 2117 530 546 2118 546 545 2119 545</p>
          <p>530 2120 530 531 2121 531 547 2122 547 546 2123 546</p>
          <p>531 2124 531 532 2125 532 548 2126 548 547 2127 547</p>
          <p>532 2128 532 533 2129 533 549 2130 549 548 2131 548</p>
          <p>533 2132 533 534 2133 534 550 2134 550 549 2135 549</p>
          <p>534 2136 534 535 2137 535 551 2138 551 550 2139 550</p>
          <p>535 2140 535 536 2141 536 552 2142 552 551 2143 551</p>
          <p>536 2144 536 537 2145 537 553 2146 553 552 2147 552</p>
          <p>537 2148 537 538 2149 538 554 2150 554 553 2151 553</p>
          <p>538 2152 538 539 2153 539 555 2154 555 554 2155 554</p>
          <p>539 2156 539 540 2157 540 556 2158 556 555 2159 555</p>
          <p>540 2160 540 541 2161 541 557 2162 557 556 2163 556</p>
          <p>541 2164 541 542 2165 542 558 2166 558 557 2167 557</p>
          <p>542 2168 542 543 2169 543 559 2170 559 558 2171 558</p>
          <p>543 2172 543 528 2173 1073 544 2174 1074 559 2175 559</p>
          <p>544 2176 544 545 2177 545 561 2178 561 560 2179 560</p>
          <p>545 2180 545 546 2181 546 562 2182 562 561 2183 561</p>
          <p>546 2184 546 547 2185 547 563 2186 563 562 2187 562</p>
          <p>547 2188 547 548 2189 548 564 2190 564 563 2191 563</p>
          <p>548 2192 548 549 2193 549 565 2194 565 564 2195 564</p>
          <p>549 2196 549 550 2197 550 566 2198 566 565 2199 565</p>
          <p>550 2200 550 551 2201 551 567 2202 567 566 2203 566</p>
          <p>551 2204 551 552 2205 552 568 2206 568 567 2207 567</p>
          <p>552 2208 552 553 2209 553 569 2210 569 568 2211 568</p>
          <p>553 2212 553 554 2213 554 570 2214 570 569 2215 569</p>
          <p>554 2216 554 555 2217 555 571 2218 571 570 2219 570</p>
          <p>555 2220 555 556 2221 556 572 2222 572 571 2223 571</p>
          <p>556 2224 556 557 2225 557 573 2226 573 572 2227 572</p>
          <p>557 2228 557 558 2229 558 574 2230 574 573 2231 573</p>
          <p>558 2232 558 559 2233 559 575 2234 575 574 2235 574</p>
          <p>559 2236 559 544 2237 1074 560 2238 1075 575 2239 575</p>
          <p>560 2240 560 561 2241 561 577 2242 577 576 2243 576</p>
          <p>561 2244 561 562 2245 562 578 2246 578 577 2247 577</p>
          <p>562 2248 562 563 2249 563 579 2250 579 578 2251 578</p>
          <p>563 2252 563 564 2253 564 580 2254 580 579 2255 579</p>
          <p>564 2256 564 565 2257 565 581 2258 581 580 2259 580</p>
          <p>565 2260 565 566 2261 566 582 2262 582 581 2263 581</p>
          <p>566 2264 566 567 2265 567 583 2266 583 582 2267 582</p>
          <p>567 2268 567 568 2269 568 584 2270 584 583 2271 583</p>
          <p>568 2272 568 569 2273 569 585 2274 585 584 2275 584</p>
          <p>569 2276 569 570 2277 570 586 2278 586 585 2279 585</p>
          <p>570 2280 570 571 2281 571 587 2282 587 586 2283 586</p>
          <p>571 2284 571 572 2285 572 588 2286 588 587 2287 587</p>
          <p>572 2288 572 573 2289 573 589 2290 589 588 2291 588</p>
          <p>573 2292 573 574 2293 574 590 2294 590 589 2295 589</p>
          <p>574 2296 574 575 2297 575 591 2298 591 590 2299 590</p>
          <p>575 2300 575 560 2301 1075 576 2302 1076 591 2303 591</p>
          <p>576 2304 576 577 2305 577 593 2306 593 592 2307 592</p>
          <p>577 2308 577 578 2309 578 594 2310 594 593 2311 593</p>
          <p>578 2312 578 579 2313 579 595 2314 595 594 2315 594</p>
          <p>579 2316 579 580 2317 580 596 2318 596 595 2319 595</p>
          <p>580 2320 580 581 2321 581 597 2322 597 596 2323 596</p>
          <p>581 2324 581 582 2325 582 598 2326 598 597 2327 597</p>
          <p>582 2328 582 583 2329 583 599 2330 599 598 2331 598</p>
          <p>583 2332 583 584 2333 584 600 2334 600 599 2335 599</p>
          <p>584 2336 584 585 2337 585 601 2338 601 600 2339 600</p>
          <p>585 2340 585 586 2341 586 602 2342 602 601 2343 601</p>
          <p>586 2344 586 587 2345 587 603 2346 603 602 2347 602</p>
          <p>587 2348 587 588 2349 588 604 2350 604 603 2351 603</p>
          <p>588 2352 588 589 2353 589 605 2354 605 604 2355 604</p>
          <p>589 2356 589 590 2357 590 606 2358 606 605 2359 605</p>
          <p>590 2360 590 591 2361 591 607 2362 607 606 2363 606</p>
          <p>591 2364 591 576 2365 1076 592 2366 1077 607 2367 607</p>
          <p>592 2368 592 593 2369 593 609 2370 609 608 2371 608</p>
          <p>593 2372 593 594 2373 594 610 2374 610 609 2375 609</p>
          <p>594 2376 594 595 2377 595 611 2378 611 610 2379 610</p>
          <p>595 2380 595 596 2381 596 612 2382 612 611 2383 611</p>
          <p>596 2384 596 597 2385 597 613 2386 613 612 2387 612</p>
          <p>597 2388 597 598 2389 598 614 2390 614 613 2391 613</p>
          <p>598 2392 598 599 2393 599 615 2394 615 614 2395 614</p>
          <p>599 2396 599 600 2397 600 616 2398 616 615 2399 615</p>
          <p>600 2400 600 601 2401 601 617 2402 617 616 2403 616</p>
          <p>601 2404 601 602 2405 602 618 2406 618 617 2407 617</p>
          <p>602 2408 602 603 2409 603 619 2410 619 618 2411 618</p>
          <p>603 2412 603 604 2413 604 620 2414 620 619 2415 619</p>
          <p>604 2416 604 605 2417 605 621 2418 621 620 2419 620</p>
          <p>605 2420 605 606 2421 606 622 2422 622 621 2423 621</p>
          <p>606 2424 606 607 2425 607 623 2426 623 622 2427 622</p>
          <p>607 2428 607 592 2429 1077 608 2430 1078 623 2431 623</p>
          <p>608 2432 608 609 2433 609 625 2434 625 624 2435 624</p>
          <p>609 2436 609 610 2437 610 626 2438 626 625 2439 625</p>
          <p>610 2440 610 611 2441 611 627 2442 627 626 2443 626</p>
          <p>611 2444 611 612 2445 612 628 2446 628 627 2447 627</p>
          <p>612 2448 612 613 2449 613 629 2450 629 628 2451 628</p>
          <p>613 2452 613 614 2453 614 630 2454 630 629 2455 629</p>
          <p>614 2456 614 615 2457 615 631 2458 631 630 2459 630</p>
          <p>615 2460 615 616 2461 616 632 2462 632 631 2463 631</p>
          <p>616 2464 616 617 2465 617 633 2466 633 632 2467 632</p>
          <p>617 2468 617 618 2469 618 634 2470 634 633 2471 633</p>
          <p>618 2472 618 619 2473 619 635 2474 635 634 2475 634</p>
          <p>619 2476 619 620 2477 620 636 2478 636 635 2479 635</p>
          <p>620 2480 620 621 2481 621 637 2482 637 636 2483 636</p>
          <p>621 2484 621 622 2485 622 638 2486 638 637 2487 637</p>
          <p>622 2488 622 623 2489 623 639 2490 639 638 2491 638</p>
          <p>623 2492 623 608 2493 1078 624 2494 1079 639 2495 639</p>
          <p>624 2496 624 625 2497 625 641 2498 641 640 2499 640</p>
          <p>625 2500 625 626 2501 626 642 2502 642 641 2503 641</p>
          <p>626 2504 626 627 2505 627 643 2506 643 642 2507 642</p>
          <p>627 2508 627 628 2509 628 644 2510 644 643 2511 643</p>
          <p>628 2512 628 629 2513 629 645 2514 645 644 2515 644</p>
          <p>629 2516 629 630 2517 630 646 2518 646 645 2519 645</p>
          <p>630 2520 630 631 2521 631 647 2522 647 646 2523 646</p>
          <p>631 2524 631 632 2525 632 648 2526 648 647 2527 647</p>
          <p>632 2528 632 633 2529 633 649 2530 649 648 2531 648</p>
          <p>633 2532 633 634 2533 634 650 2534 650 649 2535 649</p>
          <p>634 2536 634 635 2537 635 651 2538 651 650 2539 650</p>
          <p>635 2540 635 636 2541 636 652 2542 652 651 2543 651</p>
          <p>636 2544 636 637 2545 637 653 2546 653 652 2547 652</p>
          <p>637 2548 637 638 2549 638 654 2550 654 653 2551 653</p>
          <p>638 2552 638 639 2553 639 655 2554 655 654 2555 654</p>
          <p>639 2556 639 624 2557 1079 640 2558 1080 655 2559 655</p>
          <p>640 2560 640 641 2561 641 657 2562 657 656 2563 656</p>
          <p>641 2564 641 642 2565 642 658 2566 658 657 2567 657</p>
          <p>642 2568 642 643 2569 643 659 2570 659 658 2571 658</p>
          <p>643 2572 643 644 2573 644 660 2574 660 659 2575 659</p>
          <p>644 2576 644 645 2577 645 661 2578 661 660 2579 660</p>
          <p>645 2580 645 646 2581 646 662 2582 662 661 2583 661</p>
          <p>646 2584 646 647 2585 647 663 2586 663 662 2587 662</p>
          <p>647 2588 647 648 2589 648 664 2590 664 663 2591 663</p>
          <p>648 2592 648 649 2593 649 665 2594 665 664 2595 664</p>
          <p>649 2596 649 650 2597 650 666 2598 666 665 2599 665</p>
          <p>650 2600 650 651 2601 651 667 2602 667 666 2603 666</p>
          <p>651 2604 651 652 2605 652 668 2606 668 667 2607 667</p>
          <p>652 2608 652 653 2609 653 669 2610 669 668 2611 668</p>
          <p>653 2612 653 654 2613 654 670 2614 670 669 2615 669</p>
          <p>654 2616 654 655 2617 655 671 2618 671 670 2619 670</p>
          <p>655 2620 655 640 2621 1080 656 2622 1081 671 2623 671</p>
          <p>656 2624 656 657 2625 657 673 2626 673 672 2627 672</p>
          <p>657 2628 657 658 2629 658 674 2630 674 673 2631 673</p>
          <p>658 2632 658 659 2633 659 675 2634 675 674 2635 674</p>
          <p>659 2636 659 660 2637 660 676 2638 676 675 2639 675</p>
          <p>660 2640 660 661 2641 661 677 2642 677 676 2643 676</p>
          <p>661 2644 661 662 2645 662 678 2646 678 677 2647 677</p>
          <p>662 2648 662 663 2649 663 679 2650 679 678 2651 678</p>
          <p>663 2652 663 664 2653 664 680 2654 680 679 2655 679</p>
          <p>664 2656 664 665 2657 665 681 2658 681 680 2659 680</p>
          <p>665 2660 665 666 2661 666 682 2662 682 681 2663 681</p>
          <p>666 2664 666 667 2665 667 683 2666 683 682 2667 682</p>
          <p>667 2668 667 668 2669 668 684 2670 684 683 2671 683</p>
          <p>668 2672 668 669 2673 669 685 2674 685 684 2675 684</p>
          <p>669 2676 669 670 2677 670 686 2678 686 685 2679 685</p>
          <p>670 2680 670 671 2681 671 687 2682 687 686 2683 686</p>
          <p>671 2684 671 656 2685 1081 672 2686 1082 687 2687 687</p>
          <p>672 2688 672 673 2689 673 689 2690 689 688 2691 688</p>
          <p>673 2692 673 674 2693 674 690 2694 690 689 2695 689</p>
          <p>674 2696 674 675 2697 675 691 2698 691 690 2699 690</p>
          <p>675 2700 675 676 2701 676 692 2702 692 691 2703 691</p>
          <p>676 2704 676 677 2705 677 693 2706 693 692 2707 692</p>
          <p>677 2708 677 678 2709 678 694 2710 694 693 2711 693</p>
          <p>678 2712 678 679 2713 679 695 2714 695 694 2715 694</p>
          <p>679 2716 679 680 2717 680 696 2718 696 695 2719 695</p>
          <p>680 2720 680 681 2721 681 697 2722 697 696 2723 696</p>
          <p>681 2724 681 682 2725 682 698 2726 698 697 2727 697</p>
          <p>682 2728 682 683 2729 683 699 2730 699 698 2731 698</p>
          <p>683 2732 683 684 2733 684 700 2734 700 699 2735 699</p>
          <p>684 2736 684 685 2737 685 701 2738 701 700 2739 700</p>
          <p>685 2740 685 686 2741 686 702 2742 702 701 2743 701</p>
          <p>686 2744 686 687 2745 687 703 2746 703 702 2747 702</p>
          <p>687 2748 687 672 2749 1082 688 2750 1083 703 2751 703</p>
          <p>688 2752 688 689 2753 689 705 2754 705 704 2755 704</p>
          <p>689 2756 689 690 2757 690 706 2758 706 705 2759 705</p>
          <p>690 2760 690 691 2761 691 707 2762 707 706 2763 706</p>
          <p>691 2764 691 692 2765 692 708 2766 708 707 2767 707</p>
          <p>692 2768 692 693 2769 693 709 2770 709 708 2771 708</p>
          <p>693 2772 693 694 2773 694 710 2774 710 709 2775 709</p>
          <p>694 2776 694 695 2777 695 711 2778 711 710 2779 710</p>
          <p>695 2780 695 696 2781 696 712 2782 712 711 2783 711</p>
          <p>696 2784 696 697 2785 697 713 2786 713 712 2787 712</p>
          <p>697 2788 697 698 2789 698 714 2790 714 713 2791 713</p>
          <p>698 2792 698 699 2793 699 715 2794 715 714 2795 714</p>
          <p>699 2796 699 700 2797 700 716 2798 716 715 2799 715</p>
          <p>700 2800 700 701 2801 701 717 2802 717 716 2803 716</p>
          <p>701 2804 701 702 2805 702 718 2806 718 717 2807 717</p>
          <p>702 2808 702 703 2809 703 719 2810 719 718 2811 718</p>
          <p>703 2812 703 688 2813 1083 704 2814 1084 719 2815 719</p>
          <p>704 2816 704 705 2817 705 721 2818 721 720 2819 720</p>
          <p>705 2820 705 706 2821 706 722 2822 722 721 2823 721</p>
          <p>706 2824 706 707 2825 707 723 2826 723 722 2827 722</p>
          <p>707 2828 707 708 2829 708 724 2830 724 723 2831 723</p>
          <p>708 2832 708 709 2833 709 725 2834 725 724 2835 724</p>
          <p>709 2836 709 710 2837 710 726 2838 726 725 2839 725</p>
          <p>710 2840 710 711 2841 711 727 2842 727 726 2843 726</p>
          <p>711 2844 711 712 2845 712 728 2846 728 727 2847 727</p>
          <p>712 2848 712 713 2849 713 729 2850 729 728 2851 728</p>
          <p>713 2852 713 714 2853 714 730 2854 730 729 2855 729</p>
          <p>714 2856 714 715 2857 715 731 2858 731 730 2859 730</p>
          <p>715 2860 715 716 2861 716 732 2862 732 731 2863 731</p>
          <p>716 2864 716 717 2865 717 733 2866 733 732 2867 732</p>
          <p>717 2868 717 718 2869 718 734 2870 734 733 2871 733</p>
          <p>718 2872 718 719 2873 719 735 2874 735 734 2875 734</p>
          <p>719 2876 719 704 2877 1084 720 2878 1085 735 2879 735</p>
          <p>720 2880 720 721 2881 721 737 2882 737 736 2883 736</p>
          <p>721 2884 721 722 2885 722 738 2886 738 737 2887 737</p>
          <p>722 2888 722 723 2889 723 739 2890 739 738 2891 738</p>
          <p>723 2892 723 724 2893 724 740 2894 740 739 2895 739</p>
          <p>724 2896 724 725 2897 725 741 2898 741 740 2899 740</p>
          <p>725 2900 725 726 2901 726 742 2902 742 741 2903 741</p>
          <p>726 2904 726 727 2905 727 743 2906 743 742 2907 742</p>
          <p>727 2908 727 728 2909 728 744 2910 744 743 2911 743</p>
          <p>728 2912 728 729 2913 729 745 2914 745 744 2915 744</p>
          <p>729 2916 729 730 2917 730 746 2918 746 745 2919 745</p>
          <p>730 2920 730 731 2921 731 747 2922 747 746 2923 746</p>
          <p>731 2924 731 732 2925 732 748 2926 748 747 2927 747</p>
          <p>732 2928 732 733 2929 733 749 2930 749 748 2931 748</p>
          <p>733 2932 733 734 2933 734 750 2934 750 749 2935 749</p>
          <p>734 2936 734 735 2937 735 751 2938 751 750 2939 750</p>
          <p>735 2940 735 720 2941 1085 736 2942 1086 751 2943 751</p>
          <p>736 2944 736 737 2945 737 753 2946 753 752 2947 752</p>
          <p>737 2948 737 738 2949 738 754 2950 754 753 2951 753</p>
          <p>738 2952 738 739 2953 739 755 2954 755 754 2955 754</p>
          <p>739 2956 739 740 2957 740 756 2958 756 755 2959 755</p>
          <p>740 2960 740 741 2961 741 757 2962 757 756 2963 756</p>
          <p>741 2964 741 742 2965 742 758 2966 758 757 2967 757</p>
          <p>742 2968 742 743 2969 743 759 2970 759 758 2971 758</p>
          <p>743 2972 743 744 2973 744 760 2974 760 759 2975 759</p>
          <p>744 2976 744 745 2977 745 761 2978 761 760 2979 760</p>
          <p>745 2980 745 746 2981 746 762 2982 762 761 2983 761</p>
          <p>746 2984 746 747 2985 747 763 2986 763 762 2987 762</p>
          <p>747 2988 747 748 2989 748 764 2990 764 763 2991 763</p>
          <p>748 2992 748 749 2993 749 765 2994 765 764 2995 764</p>
          <p>749 2996 749 750 2997 750 766 2998 766 765 2999 765</p>
          <p>750 3000 750 751 3001 751 767 3002 767 766 3003 766</p>
          <p>751 3004 751 736 3005 1086 752 3006 1087 767 3007 767</p>
          <p>752 3008 752 753 3009 753 769 3010 769 768 3011 768</p>
          <p>753 3012 753 754 3013 754 770 3014 770 769 3015 769</p>
          <p>754 3016 754 755 3017 755 771 3018 771 770 3019 770</p>
          <p>755 3020 755 756 3021 756 772 3022 772 771 3023 771</p>
          <p>756 3024 756 757 3025 757 773 3026 773 772 3027 772</p>
          <p>757 3028 757 758 3029 758 774 3030 774 773 3031 773</p>
          <p>758 3032 758 759 3033 759 775 3034 775 774 3035 774</p>
          <p>759 3036 759 760 3037 760 776 3038 776 775 3039 775</p>
          <p>760 3040 760 761 3041 761 777 3042 777 776 3043 776</p>
          <p>761 3044 761 762 3045 762 778 3046 778 777 3047 777</p>
          <p>762 3048 762 763 3049 763 779 3050 779 778 3051 778</p>
          <p>763 3052 763 764 3053 764 780 3054 780 779 3055 779</p>
          <p>764 3056 764 765 3057 765 781 3058 781 780 3059 780</p>
          <p>765 3060 765 766 3061 766 782 3062 782 781 3063 781</p>
          <p>766 3064 766 767 3065 767 783 3066 783 782 3067 782</p>
          <p>767 3068 767 752 3069 1087 768 3070 1088 783 3071 783</p>
          <p>768 3072 768 769 3073 769 785 3074 785 784 3075 784</p>
          <p>769 3076 769 770 3077 770 786 3078 786 785 3079 785</p>
          <p>770 3080 770 771 3081 771 787 3082 787 786 3083 786</p>
          <p>771 3084 771 772 3085 772 788 3086 788 787 3087 787</p>
          <p>772 3088 772 773 3089 773 789 3090 789 788 3091 788</p>
          <p>773 3092 773 774 3093 774 790 3094 790 789 3095 789</p>
          <p>774 3096 774 775 3097 775 791 3098 791 790 3099 790</p>
          <p>775 3100 775 776 3101 776 792 3102 792 791 3103 791</p>
          <p>776 3104 776 777 3105 777 793 3106 793 792 3107 792</p>
          <p>777 3108 777 778 3109 778 794 3110 794 793 3111 793</p>
          <p>778 3112 778 779 3113 779 795 3114 795 794 3115 794</p>
          <p>779 3116 779 780 3117 780 796 3118 796 795 3119 795</p>
          <p>780 3120 780 781 3121 781 797 3122 797 796 3123 796</p>
          <p>781 3124 781 782 3125 782 798 3126 798 797 3127 797</p>
          <p>782 3128 782 783 3129 783 799 3130 799 798 3131 798</p>
          <p>783 3132 783 768 3133 1088 784 3134 1089 799 3135 799</p>
          <p>784 3136 784 785 3137 785 801 3138 801 800 3139 800</p>
          <p>785 3140 785 786 3141 786 802 3142 802 801 3143 801</p>
          <p>786 3144 786 787 3145 787 803 3146 803 802 3147 802</p>
          <p>787 3148 787 788 3149 788 804 3150 804 803 3151 803</p>
          <p>788 3152 788 789 3153 789 805 3154 805 804 3155 804</p>
          <p>789 3156 789 790 3157 790 806 3158 806 805 3159 805</p>
          <p>790 3160 790 791 3161 791 807 3162 807 806 3163 806</p>
          <p>791 3164 791 792 3165 792 808 3166 808 807 3167 807</p>
          <p>792 3168 792 793 3169 793 809 3170 809 808 3171 808</p>
          <p>793 3172 793 794 3173 794 810 3174 810 809 3175 809</p>
          <p>794 3176 794 795 3177 795 811 3178 811 810 3179 810</p>
          <p>795 3180 795 796 3181 796 812 3182 812 811 3183 811</p>
          <p>796 3184 796 797 3185 797 813 3186 813 812 3187 812</p>
          <p>797 3188 797 798 3189 798 814 3190 814 813 3191 813</p>
          <p>798 3192 798 799 3193 799 815 3194 815 814 3195 814</p>
          <p>799 3196 799 784 3197 1089 800 3198 1090 815 3199 815</p>
          <p>800 3200 800 801 3201 801 817 3202 817 816 3203 816</p>
          <p>801 3204 801 802 3205 802 818 3206 818 817 3207 817</p>
          <p>802 3208 802 803 3209 803 819 3210 819 818 3211 818</p>
          <p>803 3212 803 804 3213 804 820 3214 820 819 3215 819</p>
          <p>804 3216 804 805 3217 805 821 3218 821 820 3219 820</p>
          <p>805 3220 805 806 3221 806 822 3222 822 821 3223 821</p>
          <p>806 3224 806 807 3225 807 823 3226 823 822 3227 822</p>
          <p>807 3228 807 808 3229 808 824 3230 824 823 3231 823</p>
          <p>808 3232 808 809 3233 809 825 3234 825 824 3235 824</p>
          <p>809 3236 809 810 3237 810 826 3238 826 825 3239 825</p>
          <p>810 3240 810 811 3241 811 827 3242 827 826 3243 826</p>
          <p>811 3244 811 812 3245 812 828 3246 828 827 3247 827</p>
          <p>812 3248 812 813 3249 813 829 3250 829 828 3251 828</p>
          <p>813 3252 813 814 3253 814 830 3254 830 829 3255 829</p>
          <p>814 3256 814 815 3257 815 831 3258 831 830 3259 830</p>
          <p>815 3260 815 800 3261 1090 816 3262 1091 831 3263 831</p>
          <p>816 3264 816 817 3265 817 833 3266 833 832 3267 832</p>
          <p>817 3268 817 818 3269 818 834 3270 834 833 3271 833</p>
          <p>818 3272 818 819 3273 819 835 3274 835 834 3275 834</p>
          <p>819 3276 819 820 3277 820 836 3278 836 835 3279 835</p>
          <p>820 3280 820 821 3281 821 837 3282 837 836 3283 836</p>
          <p>821 3284 821 822 3285 822 838 3286 838 837 3287 837</p>
          <p>822 3288 822 823 3289 823 839 3290 839 838 3291 838</p>
          <p>823 3292 823 824 3293 824 840 3294 840 839 3295 839</p>
          <p>824 3296 824 825 3297 825 841 3298 841 840 3299 840</p>
          <p>825 3300 825 826 3301 826 842 3302 842 841 3303 841</p>
          <p>826 3304 826 827 3305 827 843 3306 843 842 3307 842</p>
          <p>827 3308 827 828 3309 828 844 3310 844 843 3311 843</p>
          <p>828 3312 828 829 3313 829 845 3314 845 844 3315 844</p>
          <p>829 3316 829 830 3317 830 846 3318 846 845 3319 845</p>
          <p>830 3320 830 831 3321 831 847 3322 847 846 3323 846</p>
          <p>831 3324 831 816 3325 1091 832 3326 1092 847 3327 847</p>
          <p>832 3328 832 833 3329 833 849 3330 849 848 3331 848</p>
          <p>833 3332 833 834 3333 834 850 3334 850 849 3335 849</p>
          <p>834 3336 834 835 3337 835 851 3338 851 850 3339 850</p>
          <p>835 3340 835 836 3341 836 852 3342 852 851 3343 851</p>
          <p>836 3344 836 837 3345 837 853 3346 853 852 3347 852</p>
          <p>837 3348 837 838 3349 838 854 3350 854 853 3351 853</p>
          <p>838 3352 838 839 3353 839 855 3354 855 854 3355 854</p>
          <p>839 3356 839 840 3357 840 856 3358 856 855 3359 855</p>
          <p>840 3360 840 841 3361 841 857 3362 857 856 3363 856</p>
          <p>841 3364 841 842 3365 842 858 3366 858 857 3367 857</p>
          <p>842 3368 842 843 3369 843 859 3370 859 858 3371 858</p>
          <p>843 3372 843 844 3373 844 860 3374 860 859 3375 859</p>
          <p>844 3376 844 845 3377 845 861 3378 861 860 3379 860</p>
          <p>845 3380 845 846 3381 846 862 3382 862 861 3383 861</p>
          <p>846 3384 846 847 3385 847 863 3386 863 862 3387 862</p>
          <p>847 3388 847 832 3389 1092 848 3390 1093 863 3391 863</p>
          <p>848 3392 848 849 3393 849 865 3394 865 864 3395 864</p>
          <p>849 3396 849 850 3397 850 866 3398 866 865 3399 865</p>
          <p>850 3400 850 851 3401 851 867 3402 867 866 3403 866</p>
          <p>851 3404 851 852 3405 852 868 3406 868 867 3407 867</p>
          <p>852 3408 852 853 3409 853 869 3410 869 868 3411 868</p>
          <p>853 3412 853 854 3413 854 870 3414 870 869 3415 869</p>
          <p>854 3416 854 855 3417 855 871 3418 871 870 3419 870</p>
          <p>855 3420 855 856 3421 856 872 3422 872 871 3423 871</p>
          <p>856 3424 856 857 3425 857 873 3426 873 872 3427 872</p>
          <p>857 3428 857 858 3429 858 874 3430 874 873 3431 873</p>
          <p>858 3432 858 859 3433 859 875 3434 875 874 3435 874</p>
          <p>859 3436 859 860 3437 860 876 3438 876 875 3439 875</p>
          <p>860 3440 860 861 3441 861 877 3442 877 876 3443 876</p>
          <p>861 3444 861 862 3445 862 878 3446 878 877 3447 877</p>
          <p>862 3448 862 863 3449 863 879 3450 879 878 3451 878</p>
          <p>863 3452 863 848 3453 1093 864 3454 1094 879 3455 879</p>
          <p>864 3456 864 865 3457 865 881 3458 881 880 3459 880</p>
          <p>865 3460 865 866 3461 866 882 3462 882 881 3463 881</p>
          <p>866 3464 866 867 3465 867 883 3466 883 882 3467 882</p>
          <p>867 3468 867 868 3469 868 884 3470 884 883 3471 883</p>
          <p>868 3472 868 869 3473 869 885 3474 885 884 3475 884</p>
          <p>869 3476 869 870 3477 870 886 3478 886 885 3479 885</p>
          <p>870 3480 870 871 3481 871 887 3482 887 886 3483 886</p>
          <p>871 3484 871 872 3485 872 888 3486 888 887 3487 887</p>
          <p>872 3488 872 873 3489 873 889 3490 889 888 3491 888</p>
          <p>873 3492 873 874 3493 874 890 3494 890 889 3495 889</p>
          <p>874 3496 874 875 3497 875 891 3498 891 890 3499 890</p>
          <p>875 3500 875 876 3501 876 892 3502 892 891 3503 891</p>
          <p>876 3504 876 877 3505 877 893 3506 893 892 3507 892</p>
          <p>877 3508 877 878 3509 878 894 3510 894 893 3511 893</p>
          <p>878 3512 878 879 3513 879 895 3514 895 894 3515 894</p>
          <p>879 3516 879 864 3517 1094 880 3518 1095 895 3519 895</p>
          <p>880 3520 880 881 3521 881 897 3522 897 896 3523 896</p>
          <p>881 3524 881 882 3525 882 898 3526 898 897 3527 897</p>
          <p>882 3528 882 883 3529 883 899 3530 899 898 3531 898</p>
          <p>883 3532 883 884 3533 884 900 3534 900 899 3535 899</p>
          <p>884 3536 884 885 3537 885 901 3538 901 900 3539 900</p>
          <p>885 3540 885 886 3541 886 902 3542 902 901 3543 901</p>
          <p>886 3544 886 887 3545 887 903 3546 903 902 3547 902</p>
          <p>887 3548 887 888 3549 888 904 3550 904 903 3551 903</p>
          <p>888 3552 888 889 3553 889 905 3554 905 904 3555 904</p>
          <p>889 3556 889 890 3557 890 906 3558 906 905 3559 905</p>
          <p>890 3560 890 891 3561 891 907 3562 907 906 3563 906</p>
          <p>891 3564 891 892 3565 892 908 3566 908 907 3567 907</p>
          <p>892 3568 892 893 3569 893 909 3570 909 908 3571 908</p>
          <p>893 3572 893 894 3573 894 910 3574 910 909 3575 909</p>
          <p>894 3576 894 895 3577 895 911 3578 911 910 3579 910</p>
          <p>895 3580 895 880 3581 1095 896 3582 1096 911 3583 911</p>
          <p>896 3584 896 897 3585 897 913 3586 913 912 3587 912</p>
          <p>897 3588 897 898 3589 898 914 3590 914 913 3591 913</p>
          <p>898 3592 898 899 3593 899 915 3594 915 914 3595 914</p>
          <p>899 3596 899 900 3597 900 916 3598 916 915 3599 915</p>
          <p>900 3600 900 901 3601 901 917 3602 917 916 3603 916</p>
          <p>901 3604 901 902 3605 902 918 3606 918 917 3607 917</p>
          <p>902 3608 902 903 3609 903 919 3610 919 918 3611 918</p>
          <p>903 3612 903 904 3613 904 920 3614 920 919 3615 919</p>
          <p>904 3616 904 905 3617 905 921 3618 921 920 3619 920</p>
          <p>905 3620 905 906 3621 906 922 3622 922 921 3623 921</p>
          <p>906 3624 906 907 3625 907 923 3626 923 922 3627 922</p>
          <p>907 3628 907 908 3629 908 924 3630 924 923 3631 923</p>
          <p>908 3632 908 909 3633 909 925 3634 925 924 3635 924</p>
          <p>909 3636 909 910 3637 910 926 3638 926 925 3639 925</p>
          <p>910 3640 910 911 3641 911 927 3642 927 926 3643 926</p>
          <p>911 3644 911 896 3645 1096 912 3646 1097 927 3647 927</p>
          <p>912 3648 912 913 3649 913 929 3650 929 928 3651 928</p>
          <p>913 3652 913 914 3653 914 930 3654 930 929 3655 929</p>
          <p>914 3656 914 915 3657 915 931 3658 931 930 3659 930</p>
          <p>915 3660 915 916 3661 916 932 3662 932 931 3663 931</p>
          <p>916 3664 916 917 3665 917 933 3666 933 932 3667 932</p>
          <p>917 3668 917 918 3669 918 934 3670 934 933 3671 933</p>
          <p>918 3672 918 919 3673 919 935 3674 935 934 3675 934</p>
          <p>919 3676 919 920 3677 920 936 3678 936 935 3679 935</p>
          <p>920 3680 920 921 3681 921 937 3682 937 936 3683 936</p>
          <p>921 3684 921 922 3685 922 938 3686 938 937 3687 937</p>
          <p>922 3688 922 923 3689 923 939 3690 939 938 3691 938</p>
          <p>923 3692 923 924 3693 924 940 3694 940 939 3695 939</p>
          <p>924 3696 924 925 3697 925 941 3698 941 940 3699 940</p>
          <p>925 3700 925 926 3701 926 942 3702 942 941 3703 941</p>
          <p>926 3704 926 927 3705 927 943 3706 943 942 3707 942</p>
          <p>927 3708 927 912 3709 1097 928 3710 1098 943 3711 943</p>
          <p>928 3712 928 929 3713 929 945 3714 945 944 3715 944</p>
          <p>929 3716 929 930 3717 930 946 3718 946 945 3719 945</p>
          <p>930 3720 930 931 3721 931 947 3722 947 946 3723 946</p>
          <p>931 3724 931 932 3725 932 948 3726 948 947 3727 947</p>
          <p>932 3728 932 933 3729 933 949 3730 949 948 3731 948</p>
          <p>933 3732 933 934 3733 934 950 3734 950 949 3735 949</p>
          <p>934 3736 934 935 3737 935 951 3738 951 950 3739 950</p>
          <p>935 3740 935 936 3741 936 952 3742 952 951 3743 951</p>
          <p>936 3744 936 937 3745 937 953 3746 953 952 3747 952</p>
          <p>937 3748 937 938 3749 938 954 3750 954 953 3751 953</p>
          <p>938 3752 938 939 3753 939 955 3754 955 954 3755 954</p>
          <p>939 3756 939 940 3757 940 956 3758 956 955 3759 955</p>
          <p>940 3760 940 941 3761 941 957 3762 957 956 3763 956</p>
          <p>941 3764 941 942 3765 942 958 3766 958 957 3767 957</p>
          <p>942 3768 942 943 3769 943 959 3770 959 958 3771 958</p>
          <p>943 3772 943 928 3773 1098 944 3774 1099 959 3775 959</p>
          <p>944 3776 944 945 3777 945 961 3778 961 960 3779 960</p>
          <p>945 3780 945 946 3781 946 962 3782 962 961 3783 961</p>
          <p>946 3784 946 947 3785 947 963 3786 963 962 3787 962</p>
          <p>947 3788 947 948 3789 948 964 3790 964 963 3791 963</p>
          <p>948 3792 948 949 3793 949 965 3794 965 964 3795 964</p>
          <p>949 3796 949 950 3797 950 966 3798 966 965 3799 965</p>
          <p>950 3800 950 951 3801 951 967 3802 967 966 3803 966</p>
          <p>951 3804 951 952 3805 952 968 3806 968 967 3807 967</p>
          <p>952 3808 952 953 3809 953 969 3810 969 968 3811 968</p>
          <p>953 3812 953 954 3813 954 970 3814 970 969 3815 969</p>
          <p>954 3816 954 955 3817 955 971 3818 971 970 3819 970</p>
          <p>955 3820 955 956 3821 956 972 3822 972 971 3823 971</p>
          <p>956 3824 956 957 3825 957 973 3826 973 972 3827 972</p>
          <p>957 3828 957 958 3829 958 974 3830 974 973 3831 973</p>
          <p>958 3832 958 959 3833 959 975 3834 975 974 3835 974</p>
          <p>959 3836 959 944 3837 1099 960 3838 1100 975 3839 975</p>
          <p>960 3840 960 961 3841 961 977 3842 977 976 3843 976</p>
          <p>961 3844 961 962 3845 962 978 3846 978 977 3847 977</p>
          <p>962 3848 962 963 3849 963 979 3850 979 978 3851 978</p>
          <p>963 3852 963 964 3853 964 980 3854 980 979 3855 979</p>
          <p>964 3856 964 965 3857 965 981 3858 981 980 3859 980</p>
          <p>965 3860 965 966 3861 966 982 3862 982 981 3863 981</p>
          <p>966 3864 966 967 3865 967 983 3866 983 982 3867 982</p>
          <p>967 3868 967 968 3869 968 984 3870 984 983 3871 983</p>
          <p>968 3872 968 969 3873 969 985 3874 985 984 3875 984</p>
          <p>969 3876 969 970 3877 970 986 3878 986 985 3879 985</p>
          <p>970 3880 970 971 3881 971 987 3882 987 986 3883 986</p>
          <p>971 3884 971 972 3885 972 988 3886 988 987 3887 987</p>
          <p>972 3888 972 973 3889 973 989 3890 989 988 3891 988</p>
          <p>973 3892 973 974 3893 974 990 3894 990 989 3895 989</p>
          <p>974 3896 974 975 3897 975 991 3898 991 990 3899 990</p>
          <p>975 3900 975 960 3901 1100 976 3902 1101 991 3903 991</p>
          <p>976 3904 976 977 3905 977 993 3906 993 992 3907 992</p>
          <p>977 3908 977 978 3909 978 994 3910 994 993 3911 993</p>
          <p>978 3912 978 979 3913 979 995 3914 995 994 3915 994</p>
          <p>979 3916 979 980 3917 980 996 3918 996 995 3919 995</p>
          <p>980 3920 980 981 3921 981 997 3922 997 996 3923 996</p>
          <p>981 3924 981 982 3925 982 998 3926 998 997 3927 997</p>
          <p>982 3928 982 983 3929 983 999 3930 999 998 3931 998</p>
          <p>983 3932 983 984 3933 984 1000 3934 1000 999 3935 999</p>
          <p>984 3936 984 985 3937 985 1001 3938 1001 1000 3939 1000</p>
          <p>985 3940 985 986 3941 986 1002 3942 1002 1001 3943 1001</p>
          <p>986 3944 986 987 3945 987 1003 3946 1003 1002 3947 1002</p>
          <p>987 3948 987 988 3949 988 1004 3950 1004 1003 3951 1003</p>
          <p>988 3952 988 989 3953 989 1005 3954 1005 1004 3955 1004</p>
          <p>989 3956 989 990 3957 990 1006 3958 1006 1005 3959 1005</p>
          <p>990 3960 990 991 3961 991 1007 3962 1007 1006 3963 1006</p>
          <p>991 3964 991 976 3965 1101 992 3966 1102 1007 3967 1007</p>
          <p>992 3968 992 993 3969 993 1009 3970 1009 1008 3971 1008</p>
          <p>993 3972 993 994 3973 994 1010 3974 1010 1009 3975 1009</p>
          <p>994 3976 994 995 3977 995 1011 3978 1011 1010 3979 1010</p>
          <p>995 3980 995 996 3981 996 1012 3982 1012 1011 3983 1011</p>
          <p>996 3984 996 997 3985 997 1013 3986 1013 1012 3987 1012</p>
          <p>997 3988 997 998 3989 998 1014 3990 1014 1013 3991 1013</p>
          <p>998 3992 998 999 3993 999 1015 3994 1015 1014 3995 1014</p>
          <p>999 3996 999 1000 3997 1000 1016 3998 1016 1015 3999 1015</p>
          <p>1000 4000 1000 1001 4001 1001 1017 4002 1017 1016 4003 1016</p>
          <p>1001 4004 1001 1002 4005 1002 1018 4006 1018 1017 4007 1017</p>
          <p>1002 4008 1002 1003 4009 1003 1019 4010 1019 1018 4011 1018</p>
          <p>1003 4012 1003 1004 4013 1004 1020 4014 1020 1019 4015 1019</p>
          <p>1004 4016 1004 1005 4017 1005 1021 4018 1021 1020 4019 1020</p>
          <p>1005 4020 1005 1006 4021 1006 1022 4022 1022 1021 4023 1021</p>
          <p>1006 4024 1006 1007 4025 1007 1023 4026 1023 1022 4027 1022</p>
          <p>1007 4028 1007 992 4029 1102 1008 4030 1103 1023 4031 1023</p>
          <p>1008 4032 1008 1009 4033 1009 1025 4034 1025 1024 4035 1024</p>
          <p>1009 4036 1009 1010 4037 1010 1026 4038 1026 1025 4039 1025</p>
          <p>1010 4040 1010 1011 4041 1011 1027 4042 1027 1026 4043 1026</p>
          <p>1011 4044 1011 1012 4045 1012 1028 4046 1028 1027 4047 1027</p>
          <p>1012 4048 1012 1013 4049 1013 1029 4050 1029 1028 4051 1028</p>
          <p>1013 4052 1013 1014 4053 1014 1030 4054 1030 1029 4055 1029</p>
          <p>1014 4056 1014 1015 4057 1015 1031 4058 1031 1030 4059 1030</p>
          <p>1015 4060 1015 1016 4061 1016 1032 4062 1032 1031 4063 1031</p>
          <p>1016 4064 1016 1017 4065 1017 1033 4066 1033 1032 4067 1032</p>
          <p>1017 4068 1017 1018 4069 1018 1034 4070 1034 1033 4071 1033</p>
          <p>1018 4072 1018 1019 4073 1019 1035 4074 1035 1034 4075 1034</p>
          <p>1019 4076 1019 1020 4077 1020 1036 4078 1036 1035 4079 1035</p>
          <p>1020 4080 1020 1021 4081 1021 1037 4082 1037 1036 4083 1036</p>
          <p>1021 4084 1021 1022 4085 1022 1038 4086 1038 1037 4087 1037</p>
          <p>1022 4088 1022 1023 4089 1023 1039 4090 1039 1038 4091 1038</p>
          <p>1023 4092 1023 1008 4093 1103 1024 4094 1104 1039 4095 1039</p>
        </polygons>
      </mesh>
    </geometry>
  </library_geometries>
  <library_visual_scenes>
    <visual_scene id="RootNode" name="RootNode">
      <node id="MB_T_ShirtHanger_bmp001" name="MB_T_ShirtHanger_bmp001">
        <matrix sid="matrix">1.000000 0.000000 0.000000 3.149298 0.000000 1.000000 0.000000 20.805386 0.000000 0.000000 1.000000 0.000000 0.000000 0.000000 0.000000 1.000000</matrix>
        <instance_geometry url="#MB_T_ShirtHanger_bmp001-lib">
          <bind_material>
            <technique_common>
              <instance_material symbol="Material__25" target="#Material__25"/>
            </technique_common>
          </bind_material>
        </instance_geometry>
      </node>
    </visual_scene>
  </library_visual_scenes>
  <scene>
    <instance_visual_scene url="#RootNode"/>
  </scene>
</COLLADA>

