# CC0 Headphones by nisu. Part geometry is local to its hinge/pivot; see metadata.json for translation.
mtllib headphones.mtl
o headband
v -0.19449626125259678 -0.007144499060982835 -0.03215624433197391
v -0.19465359779389022 -0.015749742205541834 -0.03215624433197391
v -0.2037325771109751 -0.015582780155549508 -0.03215624433197391
v -0.19449626125259678 -0.007144499060982835 0.03215624433197391
v -0.19465359779389022 -0.015749742205541834 0.03215624433197391
v -0.19465359779389022 -0.015749742205541834 -0.03215624433197391
v -0.20357015204714576 -0.006797549110661231 0.03215624433197391
v -0.2037325771109751 -0.015582780155549508 0.03215624433197391
v -0.19465359779389022 -0.015749742205541834 0.03215624433197391
v -0.20357015204714576 -0.006797549110661231 -0.03215624433197391
v -0.2037325771109751 -0.015582780155549508 -0.03215624433197391
v -0.2037325771109751 -0.015582780155549508 0.03215624433197391
v -0.19400291436503866 0.0013473482053118118 -0.03215624433197391
v -0.19449626125259678 -0.007144499060982835 -0.03215624433197391
v -0.20357015204714576 -0.006797549110661231 -0.03215624433197391
v -0.19400291436503866 0.0013473482053118118 0.03215624433197391
v -0.19449626125259678 -0.007144499060982835 0.03215624433197391
v -0.19449626125259678 -0.007144499060982835 -0.03215624433197391
v -0.20305449911028095 0.0020716161782426447 0.03215624433197391
v -0.20357015204714576 -0.006797549110661231 0.03215624433197391
v -0.19449626125259678 -0.007144499060982835 0.03215624433197391
v -0.20305449911028095 0.0020716161782426447 -0.03215624433197391
v -0.20357015204714576 -0.006797549110661231 -0.03215624433197391
v -0.20357015204714576 -0.006797549110661231 0.03215624433197391
v -0.19314152006190413 0.009794521025403067 -0.03215624433197391
v -0.19400291436503866 0.0013473482053118118 -0.03215624433197391
v -0.20305449911028095 0.0020716161782426447 -0.03215624433197391
v -0.19314152006190413 0.009794521025403067 0.03215624433197391
v -0.19400291436503866 0.0013473482053118118 0.03215624433197391
v -0.19400291436503866 0.0013473482053118118 -0.03215624433197391
v -0.20215128875814511 0.010925856413299566 0.03215624433197391
v -0.20305449911028095 0.0020716161782426447 0.03215624433197391
v -0.19400291436503866 0.0013473482053118118 0.03215624433197391
v -0.20215128875814511 0.010925856413299566 -0.03215624433197391
v -0.20305449911028095 0.0020716161782426447 -0.03215624433197391
v -0.20305449911028095 0.0020716161782426447 0.03215624433197391
v -0.19188950851562123 0.01818172025990403 -0.03215624433197391
v -0.19314152006190413 0.009794521025403067 -0.03215624433197391
v -0.20215128875814511 0.010925856413299566 -0.03215624433197391
v -0.19188950851562123 0.01818172025990403 0.03215624433197391
v -0.19314152006190413 0.009794521025403067 0.03215624433197391
v -0.19314152006190413 0.009794521025403067 -0.03215624433197391
v -0.20083562511846323 0.019738271007418203 0.03215624433197391
v -0.20215128875814511 0.010925856413299566 0.03215624433197391
v -0.19314152006190413 0.009794521025403067 0.03215624433197391
v -0.20083562511846323 0.019738271007418203 -0.03215624433197391
v -0.20215128875814511 0.010925856413299566 -0.03215624433197391
v -0.20215128875814511 0.010925856413299566 0.03215624433197391
v -0.1883164832372314 0.02606543872549125 -0.03313998379051888
v -0.18996096327048823 0.01779807155892778 -0.034122591400507336
v -0.2027641943434385 0.02012188613661525 -0.034122591400507336
v -0.1883164832372314 0.02606543872549125 0.03313998379051888
v -0.18996096327048823 0.01779807155892778 0.034122591400507336
v -0.18996096327048823 0.01779807155892778 -0.034122591400507336
v -0.20101590557286853 0.028910992324019037 0.03313998379051888
v -0.2027641943434385 0.02012188613661525 0.034122591400507336
v -0.18996096327048823 0.01779807155892778 0.034122591400507336
v -0.20101590557286853 0.028910992324019037 -0.03313998379051888
v -0.2027641943434385 0.02012188613661525 -0.034122591400507336
v -0.2027641943434385 0.02012188613661525 0.034122591400507336
v -0.1862860860099169 0.03420290708632002 -0.03313995021873966
v -0.1883164832372314 0.02606543872549125 -0.03313998379051888
v -0.20101590557286853 0.028910992324019037 -0.03313998379051888
v -0.1862860860099169 0.03420290708632002 0.03313995021873966
v -0.1883164832372314 0.02606543872549125 0.03313998379051888
v -0.1883164832372314 0.02606543872549125 -0.03313998379051888
v -0.19883653117728603 0.03764642203242035 0.03313995021873966
v -0.20101590557286853 0.028910992324019037 0.03313998379051888
v -0.1883164832372314 0.02606543872549125 0.03313998379051888
v -0.19883653117728603 0.03764642203242035 -0.03313995021873966
v -0.20101590557286853 0.028910992324019037 -0.03313998379051888
v -0.20101590557286853 0.028910992324019037 0.03313998379051888
v -0.1838747450078374 0.042251832277443266 -0.033139883075181224
v -0.1862860860099169 0.03420290708632002 -0.03313995021873966
v -0.19883653117728603 0.03764642203242035 -0.03313995021873966
v -0.1838747450078374 0.042251832277443266 0.033139883075181224
v -0.1862860860099169 0.03420290708632002 0.03313995021873966
v -0.1862860860099169 0.03420290708632002 -0.03313995021873966
v -0.19625718740005843 0.04625722850039283 0.03313987827921276
v -0.19883653117728603 0.03764642203242035 0.03313995021873966
v -0.1862860860099169 0.03420290708632002 0.03313995021873966
v -0.19625718740005843 0.04625722850039283 -0.03313987827921276
v -0.19883653117728603 0.03764642203242035 -0.03313995021873966
v -0.19883653117728603 0.03764642203242035 0.03313995021873966
v -0.18110776376058713 0.0502087276297907 -0.03313980154371741
v -0.1838747450078374 0.042251832277443266 -0.033139883075181224
v -0.19625718740005843 0.04625722850039283 -0.03313987827921276
v -0.18110776376058713 0.0502087276297907 0.03313980154371741
v -0.1838747450078374 0.042251832277443266 0.033139883075181224
v -0.1838747450078374 0.042251832277443266 -0.033139883075181224
v -0.1933126354205827 0.054725916034994916 0.033139806339685864
v -0.19625718740005843 0.04625722850039283 0.03313987827921276
v -0.1838747450078374 0.042251832277443266 0.033139883075181224
v -0.1933126354205827 0.054725916034994916 -0.033139806339685864
v -0.19625718740005843 0.04625722850039283 -0.03313987827921276
v -0.19625718740005843 0.04625722850039283 0.03313987827921276
v -0.17800552513412038 0.05810543357796716 -0.034122591400507336
v -0.18110776376058713 0.0502087276297907 -0.03313980154371741
v -0.1933126354205827 0.054725916034994916 -0.033139806339685864
v -0.17800552513412038 0.05810543357796716 0.034122591400507336
v -0.18110776376058713 0.0502087276297907 0.03313980154371741
v -0.18110776376058713 0.0502087276297907 -0.03313980154371741
v -0.1900552184386294 0.06301834693272947 0.034122591400507336
v -0.1933126354205827 0.054725916034994916 0.033139806339685864
v -0.18110776376058713 0.0502087276297907 0.03313980154371741
v -0.1900552184386294 0.06301834693272947 -0.034122591400507336
v -0.1933126354205827 0.054725916034994916 -0.033139806339685864
v -0.1933126354205827 0.054725916034994916 0.033139806339685864
v -0.17642992959585224 0.06663760534707214 -0.03215624433197391
v -0.17983570027017365 0.058824435577529095 -0.03215624433197391
v -0.18822502411870232 0.062299383300915244 -0.03215624433197391
v -0.17642992959585224 0.06663760534707214 0.03215624433197391
v -0.17983570027017365 0.058824435577529095 0.03215624433197391
v -0.17983570027017365 0.058824435577529095 -0.03215624433197391
v -0.18468033342197326 0.07043055935112472 0.03215624433197391
v -0.18822502411870232 0.062299383300915244 0.03215624433197391
v -0.17983570027017365 0.058824435577529095 0.03215624433197391
v -0.18468033342197326 0.07043055935112472 -0.03215624433197391
v -0.18822502411870232 0.062299383300915244 -0.03215624433197391
v -0.18822502411870232 0.062299383300915244 0.03215624433197391
v -0.1727244444645702 0.07429424429802296 -0.03215624433197391
v -0.17642992959585224 0.06663760534707214 -0.03215624433197391
v -0.18468033342197326 0.07043055935112472 -0.03215624433197391
v -0.1727244444645702 0.07429424429802296 0.03215624433197391
v -0.17642992959585224 0.06663760534707214 0.03215624433197391
v -0.17642992959585224 0.06663760534707214 -0.03215624433197391
v -0.18080984779179896 0.0784272660376572 0.03215624433197391
v -0.18468033342197326 0.07043055935112472 0.03215624433197391
v -0.17642992959585224 0.06663760534707214 0.03215624433197391
v -0.18080984779179896 0.0784272660376572 -0.03215624433197391
v -0.18468033342197326 0.07043055935112472 -0.03215624433197391
v -0.18468033342197326 0.07043055935112472 0.03215624433197391
v -0.16869603238898187 0.08176877073461679 -0.03215624433197391
v -0.1727244444645702 0.07429424429802296 -0.03215624433197391
v -0.18080984779179896 0.0784272660376572 -0.03215624433197391
v -0.16869603238898187 0.08176877073461679 0.03215624433197391
v -0.1727244444645702 0.07429424429802296 0.03215624433197391
v -0.1727244444645702 0.07429424429802296 -0.03215624433197391
v -0.1765870119508173 0.08626187858218416 0.03215624433197391
v -0.18080984779179896 0.0784272660376572 0.03215624433197391
v -0.1727244444645702 0.07429424429802296 0.03215624433197391
v -0.1765870119508173 0.08626187858218416 -0.03215624433197391
v -0.18080984779179896 0.0784272660376572 -0.03215624433197391
v -0.18080984779179896 0.0784272660376572 0.03215624433197391
v -0.1643296867837765 0.08903839421473261 -0.03215624433197391
v -0.16869603238898187 0.08176877073461679 -0.03215624433197391
v -0.1765870119508173 0.08626187858218416 -0.03215624433197391
v -0.1643296867837765 0.08903839421473261 0.03215624433197391
v -0.16869603238898187 0.08176877073461679 0.03215624433197391
v -0.16869603238898187 0.08176877073461679 -0.03215624433197391
v -0.17199915015438894 0.09390000509488 0.03215624433197391
v -0.1765870119508173 0.08626187858218416 0.03215624433197391
v -0.16869603238898187 0.08176877073461679 0.03215624433197391
v -0.17199915015438894 0.09390000509488 -0.03215624433197391
v -0.1765870119508173 0.08626187858218416 -0.03215624433197391
v -0.1765870119508173 0.08626187858218416 0.03215624433197391
v -0.15962029035060737 0.09608649670765694 -0.03215624433197391
v -0.1643296867837765 0.08903839421473261 -0.03215624433197391
v -0.17199915015438894 0.09390000509488 -0.03215624433197391
v -0.15962029035060737 0.09608649670765694 0.03215624433197391
v -0.1643296867837765 0.08903839421473261 0.03215624433197391
v -0.1643296867837765 0.08903839421473261 -0.03215624433197391
v -0.16704682832679213 0.10131170434465005 0.03215624433197391
v -0.17199915015438894 0.09390000509488 0.03215624433197391
v -0.1643296867837765 0.08903839421473261 0.03215624433197391
v -0.16704682832679213 0.10131170434465005 -0.03215624433197391
v -0.17199915015438894 0.09390000509488 -0.03215624433197391
v -0.17199915015438894 0.09390000509488 0.03215624433197391
v -0.15457496030666895 0.1029024359593774 -0.03215624433197391
v -0.15962029035060737 0.09608649670765694 -0.03215624433197391
v -0.16704682832679213 0.10131170434465005 -0.03215624433197391
v -0.15457496030666895 0.1029024359593774 0.03215624433197391
v -0.15962029035060737 0.09608649670765694 0.03215624433197391
v -0.15962029035060737 0.09608649670765694 -0.03215624433197391
v -0.16174582520425976 0.10847331302311329 0.03215624433197391
v -0.16704682832679213 0.10131170434465005 0.03215624433197391
v -0.15962029035060737 0.09608649670765694 0.03215624433197391
v -0.16174582520425976 0.10847331302311329 -0.03215624433197391
v -0.16704682832679213 0.10131170434465005 -0.03215624433197391
v -0.16704682832679213 0.10131170434465005 0.03215624433197391
v -0.1492110005061643 0.10948459572852316 -0.03215624433197391
v -0.15457496030666895 0.1029024359593774 -0.03215624433197391
v -0.16174582520425976 0.10847331302311329 -0.03215624433197391
v -0.1492110005061643 0.10948459572852316 0.03215624433197391
v -0.15457496030666895 0.1029024359593774 0.03215624433197391
v -0.15457496030666895 0.1029024359593774 -0.03215624433197391
v -0.15612359291025593 0.11537289396477336 0.03215624433197391
v -0.16174582520425976 0.10847331302311329 0.03215624433197391
v -0.15457496030666895 0.1029024359593774 0.03215624433197391
v -0.15612359291025593 0.11537289396477336 -0.03215624433197391
v -0.16174582520425976 0.10847331302311329 -0.03215624433197391
v -0.16174582520425976 0.10847331302311329 0.03215624433197391
v -0.1435552060248785 0.11583806933359846 -0.03215624433197391
v -0.1492110005061643 0.10948459572852316 -0.03215624433197391
v -0.15612359291025593 0.11537289396477336 -0.03215624433197391
v -0.1435552060248785 0.11583806933359846 0.03215624433197391
v -0.1492110005061643 0.10948459572852316 0.03215624433197391
v -0.1492110005061643 0.10948459572852316 -0.03215624433197391
v -0.15021675825590838 0.12200895562343925 0.03215624433197391
v -0.15612359291025593 0.11537289396477336 0.03215624433197391
v -0.1492110005061643 0.10948459572852316 0.03215624433197391
v -0.15021675825590838 0.12200895562343925 -0.03215624433197391
v -0.15612359291025593 0.11537289396477336 -0.03215624433197391
v -0.15612359291025593 0.11537289396477336 0.03215624433197391
v -0.13764012230478004 0.12197459730539296 -0.03215624433197391
v -0.1435552060248785 0.11583806933359846 -0.03215624433197391
v -0.15021675825590838 0.12200895562343925 -0.03215624433197391
v -0.13764012230478004 0.12197459730539296 0.03215624433197391
v -0.1435552060248785 0.11583806933359846 0.03215624433197391
v -0.1435552060248785 0.11583806933359846 -0.03215624433197391
v -0.14406102722640066 0.12839546865523438 0.03215624433197391
v -0.15021675825590838 0.12200895562343925 0.03215624433197391
v -0.1435552060248785 0.11583806933359846 0.03215624433197391
v -0.14406102722640066 0.12839546865523438 -0.03215624433197391
v -0.15021675825590838 0.12200895562343925 -0.03215624433197391
v -0.15021675825590838 0.12200895562343925 0.03215624433197391
v -0.1315036183128278 0.12788968102549142 -0.03215624433197391
v -0.13764012230478004 0.12197459730539296 -0.03215624433197391
v -0.14406102722640066 0.12839546865523438 -0.03215624433197391
v -0.12498379654172305 0.12085167404617504 0.02736027587213627
v -0.12753034548662226 0.11839701585696628 0.02736027587213627
v -0.12753034548662226 0.11839701585696628 -0.02736027587213627
v -0.1376744950107317 0.1345512428484582 0.03215624433197391
v -0.14406102722640066 0.12839546865523438 0.03215624433197391
v -0.13764012230478004 0.12197459730539296 0.03215624433197391
v -0.1376744950107317 0.1345512428484582 -0.03215624433197391
v -0.14406102722640066 0.12839546865523438 -0.03215624433197391
v -0.14406102722640066 0.12839546865523438 0.03215624433197391
v -0.1251501255238787 0.1335454515269349 -0.03215624433197391
v -0.1315036183128278 0.12788968102549142 -0.03215624433197391
v -0.1376744950107317 0.1345512428484582 -0.03215624433197391
v -0.11892857941919663 0.12624194452965035 0.02736027587213627
v -0.12498379654172305 0.12085167404617504 0.02736027587213627
v -0.12498379654172305 0.12085167404617504 -0.02736027587213627
v -0.1310384285560974 0.1404580583189319 0.03215624433197391
v -0.1376744950107317 0.1345512428484582 0.03215624433197391
v -0.1315036183128278 0.12788968102549142 0.03215624433197391
v -0.1310384285560974 0.1404580583189319 -0.03215624433197391
v -0.1376744950107317 0.1345512428484582 -0.03215624433197391
v -0.1376744950107317 0.1345512428484582 0.03215624433197391
v -0.11856797534666988 0.13890941132743956 -0.03215624433197391
v -0.1251501255238787 0.1335454515269349 -0.03215624433197391
v -0.1310384285560974 0.1404580583189319 -0.03215624433197391
v -0.11268164345748817 0.13133272117071418 0.02736027587213627
v -0.11892857941919663 0.12624194452965035 0.02736027587213627
v -0.11892857941919663 0.12624194452965035 -0.02736027587213627
v -0.12413885241040577 0.14608027142906188 0.03215624433197391
v -0.1310384285560974 0.1404580583189319 0.03215624433197391
v -0.1251501255238787 0.1335454515269349 0.03215624433197391
v -0.12413885241040577 0.14608027142906188 -0.03215624433197391
v -0.1310384285560974 0.1404580583189319 -0.03215624433197391
v -0.1310384285560974 0.1404580583189319 0.03215624433197391
v -0.1117520456868863 0.14395477973912568 -0.03215624433197391
v -0.11856797534666988 0.13890941132743956 -0.03215624433197391
v -0.12413885241040577 0.14608027142906188 -0.03215624433197391
v -0.10623093159188966 0.13610772165644547 0.02736027587213627
v -0.11268164345748817 0.13133272117071418 0.02736027587213627
v -0.11268164345748817 0.13133272117071418 -0.02736027587213627
v -0.1169772293440371 0.15138129853143656 0.03215624433197391
v -0.12413885241040577 0.14608027142906188 0.03215624433197391
v -0.11856797534666988 0.13890941132743956 0.03215624433197391
v -0.1169772293440371 0.15138129853143656 -0.03215624433197391
v -0.12413885241040577 0.14608027142906188 -0.03215624433197391
v -0.12413885241040577 0.14608027142906188 0.03215624433197391
v -0.10470394319396198 0.1486641713763263 -0.03215624433197391
v -0.1117520456868863 0.14395477973912568 -0.03215624433197391
v -0.1169772293440371 0.15138129853143656 -0.03215624433197391
v -0.0995670629080937 0.1405603659181171 0.02736027587213627
v -0.10623093159188966 0.13610772165644547 0.02736027587213627
v -0.10623093159188966 0.13610772165644547 -0.02736027587213627
v -0.10956556366604632 0.1563336155630649 0.03215624433197391
v -0.1169772293440371 0.15138129853143656 0.03215624433197391
v -0.1117520456868863 0.14395477973912568 0.03215624433197391
v -0.10956556366604632 0.1563336155630649 -0.03215624433197391
v -0.1169772293440371 0.15138129853143656 -0.03215624433197391
v -0.1169772293440371 0.15138129853143656 0.03215624433197391
v -0.0974343197138462 0.15303049779765787 -0.03215624433197391
v -0.10470394319396198 0.1486641713763263 -0.03215624433197391
v -0.10956556366604632 0.1563336155630649 -0.03215624433197391
v -0.0926869727822544 0.1446927689778201 0.02736027587213627
v -0.0995670629080937 0.1405603659181171 0.02736027587213627
v -0.0995670629080937 0.1405603659181171 -0.02736027587213627
v -0.10192744194931892 0.1609214965433671 0.03215624433197391
v -0.10956556366604632 0.1563336155630649 0.03215624433197391
v -0.10470394319396198 0.1486641713763263 0.03215624433197391
v -0.10192744194931892 0.1609214965433671 -0.03215624433197391
v -0.10956556366604632 0.1563336155630649 -0.03215624433197391
v -0.10956556366604632 0.1563336155630649 0.03215624433197391
v -0.08995977409337848 0.15705890987324617 -0.03215624433197391
v -0.0974343197138462 0.15303049779765787 -0.03215624433197391
v -0.10192744194931892 0.1609214965433671 -0.03215624433197391
v -0.08559308317844401 0.14851601911463344 0.02736027587213627
v -0.0926869727822544 0.1446927689778201 0.02736027587213627
v -0.0926869727822544 0.1446927689778201 -0.02736027587213627
v -0.09409281981285507 0.1651443132004749 0.03215624433197391
v -0.10192744194931892 0.1609214965433671 0.03215624433197391
v -0.0974343197138462 0.15303049779765787 0.03215624433197391
v -0.09409281981285507 0.1651443132004749 -0.03215624433197391
v -0.10192744194931892 0.1609214965433671 -0.03215624433197391
v -0.10192744194931892 0.1609214965433671 0.03215624433197391
v -0.08230313993839612 0.16076441418840204 -0.03215624433197391
v -0.08995977409337848 0.15705890987324617 -0.03215624433197391
v -0.09409281981285507 0.1651443132004749 -0.03215624433197391
v -0.07829590206355799 0.15204753528600334 0.02736027587213627
v -0.08559308317844401 0.14851601911463344 0.02736027587213627
v -0.08559308317844401 0.14851601911463344 -0.02736027587213627
v -0.08609612751422792 0.16901480362661767 0.03215624433197391
v -0.09409281981285507 0.1651443132004749 0.03215624433197391
v -0.08995977409337848 0.15705890987324617 0.03215624433197391
v -0.08609612751422792 0.16901480362661767 -0.03215624433197391
v -0.09409281981285507 0.1651443132004749 -0.03215624433197391
v -0.09409281981285507 0.1651443132004749 0.03215624433197391
v -0.07448996537288465 0.1641701704748181 -0.03215624433197391
v -0.08230313993839612 0.16076441418840204 -0.03215624433197391
v -0.08609612751422792 0.16901480362661767 -0.03215624433197391
v -0.07081867549672125 0.15530689463518282 0.02736027587213627
v -0.07829590206355799 0.15204753528600334 0.02736027587213627
v -0.07829590206355799 0.15204753528600334 -0.02736027587213627
v -0.07796494187208153 0.17255949432334675 0.03215624433197391
v -0.08609612751422792 0.16901480362661767 0.03215624433197391
v -0.08230313993839612 0.16076441418840204 0.03215624433197391
v -0.07796494187208153 0.17255949432334675 -0.03215624433197391
v -0.08609612751422792 0.16901480362661767 -0.03215624433197391
v -0.08609612751422792 0.16901480362661767 0.03215624433197391
v -0.06655697792330952 0.16728667710745287 -0.03215624433197391
v -0.07448996537288465 0.1641701704748181 -0.03215624433197391
v -0.07796494187208153 0.17255949432334675 -0.03215624433197391
v -0.06322677732400976 0.15828937313323904 0.02736027587213627
v -0.07081867549672125 0.15530689463518282 0.02736027587213627
v -0.07081867549672125 0.15530689463518282 -0.02736027587213627
v -0.06970884523139867 0.17580263850316355 0.03215624433197391
v -0.07796494187208153 0.17255949432334675 0.03215624433197391
v -0.07448996537288465 0.1641701704748181 0.03215624433197391
v -0.06970884523139867 0.17580263850316355 -0.03215624433197391
v -0.07796494187208153 0.17255949432334675 -0.03215624433197391
v -0.07796494187208153 0.17255949432334675 0.03215624433197391
v -0.058522733191641835 0.17008056853373127 -0.03215624433197391
v -0.06655697792330952 0.16728667710745287 -0.03215624433197391
v -0.06970884523139867 0.17580263850316355 -0.03215624433197391
v -0.055569716327834466 0.16095212359795164 0.02736027587213627
v -0.06322677732400976 0.15828937313323904 0.02736027587213627
v -0.06322677732400976 0.15828937313323904 -0.02736027587213627
v -0.061317483096274564 0.17872031867135885 0.03215624433197391
v -0.06970884523139867 0.17580263850316355 0.03215624433197391
v -0.06655697792330952 0.16728667710745287 0.03215624433197391
v -0.061317483096274564 0.17872031867135885 -0.03215624433197391
v -0.06970884523139867 0.17580263850316355 -0.03215624433197391
v -0.06970884523139867 0.17580263850316355 0.03215624433197391
v -0.05038892415474792 0.1725173377605848 -0.03215624433197391
v -0.058522733191641835 0.17008056853373127 -0.03215624433197391
v -0.061317483096274564 0.17872031867135885 -0.03215624433197391
v -0.047850130290848274 0.16326477795703304 0.02736027587213627
v -0.055569716327834466 0.16095212359795164 0.02736027587213627
v -0.055569716327834466 0.16095212359795164 -0.02736027587213627
v -0.05279157965794662 0.18127421024397003 0.03215624433197391
v -0.061317483096274564 0.17872031867135885 0.03215624433197391
v -0.058522733191641835 0.17008056853373127 0.03215624433197391
v -0.05279157965794662 0.18127421024397003 -0.03215624433197391
v -0.061317483096274564 0.17872031867135885 -0.03215624433197391
v -0.061317483096274564 0.17872031867135885 0.03215624433197391
v -0.042161056584419675 0.1745702760396606 -0.03215624433197391
v -0.05038892415474792 0.1725173377605848 -0.03215624433197391
v -0.05279157965794662 0.18127421024397003 -0.03215624433197391
v -0.04006314650909598 0.16520772549545087 0.02736027587213627
v -0.047850130290848274 0.16326477795703304 0.02736027587213627
v -0.047850130290848274 0.16326477795703304 -0.02736027587213627
v -0.04414649160742326 0.1834310675676336 0.03215624433197391
v -0.05279157965794662 0.18127421024397003 0.03215624433197391
v -0.05038892415474792 0.1725173377605848 0.03215624433197391
v -0.04414649160742326 0.1834310675676336 -0.03215624433197391
v -0.05279157965794662 0.18127421024397003 -0.03215624433197391
v -0.05279157965794662 0.18127421024397003 0.03215624433197391
v -0.0338472500552596 0.17622397872026566 -0.03215624433197391
v -0.042161056584419675 0.1745702760396606 -0.03215624433197391
v -0.04414649160742326 0.1834310675676336 -0.03215624433197391
v -0.032202568591327474 0.1667713023367587 0.02736027587213627
v -0.04006314650909598 0.16520772549545087 0.02736027587213627
v -0.04006314650909598 0.16520772549545087 -0.02736027587213627
v -0.0354038295785845 0.18517009532310763 0.03215624433197391
v -0.04414649160742326 0.1834310675676336 0.03215624433197391
v -0.042161056584419675 0.1745702760396606 0.03215624433197391
v -0.0354038295785845 0.18517009532310763 -0.03215624433197391
v -0.04414649160742326 0.1834310675676336 -0.03215624433197391
v -0.04414649160742326 0.1834310675676336 0.03215624433197391
v -0.025460070004632462 0.17747599026654856 -0.03215624433197391
v -0.0338472500552596 0.17622397872026566 -0.03215624433197391
v -0.0354038295785845 0.18517009532310763 -0.03215624433197391
v -0.024264809153134805 0.16795620869235153 0.02736027587213627
v -0.032202568591327474 0.1667713023367587 0.02736027587213627
v -0.032202568591327474 0.1667713023367587 -0.02736027587213627
v -0.02659142457640278 0.18648577335069494 0.03215624433197391
v -0.0354038295785845 0.18517009532310763 0.03215624433197391
v -0.0338472500552596 0.17622397872026566 0.03215624433197391
v -0.02659142457640278 0.18648577335069494 -0.03215624433197391
v -0.0354038295785845 0.18517009532310763 -0.03215624433197391
v -0.0354038295785845 0.18517009532310763 0.03215624433197391
v -0.017012887592604293 0.1783373989575885 -0.03215624433197391
v -0.025460070004632462 0.17747599026654856 -0.03215624433197391
v -0.02659142457640278 0.18648577335069494 -0.03215624433197391
v -0.016247815520017157 0.16877371029214164 0.02736027587213627
v -0.024264809153134805 0.16795620869235153 0.02736027587213627
v -0.024264809153134805 0.16795620869235153 -0.02736027587213627
v -0.017737169953440515 0.18738896931492538 0.03215624433197391
v -0.02659142457640278 0.18648577335069494 0.03215624433197391
v -0.025460070004632462 0.17747599026654856 0.03215624433197391
v -0.017737169953440515 0.18738896931492538 -0.03215624433197391
v -0.02659142457640278 0.18648577335069494 -0.03215624433197391
v -0.02659142457640278 0.18648577335069494 0.03215624433197391
v -0.008521045122278123 0.17883074584514663 -0.03215624433197391
v -0.017012887592604293 0.1783373989575885 -0.03215624433197391
v -0.017737169953440515 0.18738896931492538 -0.03215624433197391
v -0.008154637927914987 0.1692439310197864 0.02736027587213627
v -0.016247815520017157 0.16877371029214164 0.02736027587213627
v -0.016247815520017157 0.16877371029214164 -0.02736027587213627
v -0.008868014256473537 0.1879046366396956 0.03215624433197391
v -0.017737169953440515 0.18738896931492538 0.03215624433197391
v -0.017012887592604293 0.1783373989575885 0.03215624433197391
v -0.008868014256473537 0.1879046366396956 -0.03215624433197391
v -0.017737169953440515 0.18738896931492538 -0.03215624433197391
v -0.017737169953440515 0.18738896931492538 0.03215624433197391
v 7.145993005158075e-7 0.1789873150314865 -0.03215624433197391
v -0.008521045122278123 0.17883074584514663 -0.03215624433197391
v -0.008868014256473537 0.1879046366396956 -0.03215624433197391
v 7.193952689756451e-7 0.16939377146237714 0.02736027587213627
v -0.008154637927914987 0.1692439310197864 0.02736027587213627
v -0.008154637927914987 0.1692439310197864 -0.02736027587213627
v 7.145993005158075e-7 0.18806782905847846 0.03215624433197391
v -0.008868014256473537 0.1879046366396956 0.03215624433197391
v -0.008521045122278123 0.17883074584514663 0.03215624433197391
v 7.145993005158075e-7 0.18806782905847846 -0.03215624433197391
v -0.008868014256473537 0.1879046366396956 -0.03215624433197391
v -0.008868014256473537 0.1879046366396956 0.03215624433197391
v 0.008522474320879155 0.17883074584514663 -0.03215624433197391
v 7.145993005158075e-7 0.1789873150314865 -0.03215624433197391
v 7.145993005158075e-7 0.18806782905847846 -0.03215624433197391
v 0.008156071922484479 0.1692439310197864 0.02736027587213627
v 7.193952689756451e-7 0.16939377146237714 0.02736027587213627
v 7.193952689756451e-7 0.16939377146237714 -0.02736027587213627
v 0.008869443455074568 0.1879046366396956 0.03215624433197391
v 7.145993005158075e-7 0.18806782905847846 0.03215624433197391
v 7.145993005158075e-7 0.1789873150314865 0.03215624433197391
v 0.008869443455074568 0.1879046366396956 -0.03215624433197391
v 7.145993005158075e-7 0.18806782905847846 -0.03215624433197391
v 7.145993005158075e-7 0.18806782905847846 0.03215624433197391
v 0.01701431679120533 0.1783373989575885 -0.03215624433197391
v 0.008522474320879155 0.17883074584514663 -0.03215624433197391
v 0.008869443455074568 0.1879046366396956 -0.03215624433197391
v 0.016249249514586648 0.16877374386392083 0.02736027587213627
v 0.008156071922484479 0.1692439310197864 0.02736027587213627
v 0.008156071922484479 0.1692439310197864 -0.02736027587213627
v 0.017738599152041547 0.18738896931492538 0.03215624433197391
v 0.008869443455074568 0.1879046366396956 0.03215624433197391
v 0.008522474320879155 0.17883074584514663 0.03215624433197391
v 0.017738599152041547 0.18738896931492538 -0.03215624433197391
v 0.008869443455074568 0.1879046366396956 -0.03215624433197391
v 0.008869443455074568 0.1879046366396956 0.03215624433197391
v 0.02546150399920195 0.17747599026654856 -0.03215624433197391
v 0.01701431679120533 0.1783373989575885 -0.03215624433197391
v 0.017738599152041547 0.18738896931492538 -0.03215624433197391
v 0.024266243147704297 0.16795620869235153 0.02736027587213627
v 0.016249249514586648 0.16877374386392083 0.02736027587213627
v 0.016249249514586648 0.16877374386392083 -0.02736027587213627
v 0.02659285377500381 0.18648577335069494 0.03215624433197391
v 0.017738599152041547 0.18738896931492538 0.03215624433197391
v 0.01701431679120533 0.1783373989575885 0.03215624433197391
v 0.02659285377500381 0.18648577335069494 -0.03215624433197391
v 0.017738599152041547 0.18738896931492538 -0.03215624433197391
v 0.017738599152041547 0.18738896931492538 0.03215624433197391
v 0.03384868404982908 0.17622401229204493 -0.03215624433197391
v 0.02546150399920195 0.17747599026654856 -0.03215624433197391
v 0.02659285377500381 0.18648577335069494 -0.03215624433197391
v 0.03220400738186543 0.1667713023367587 0.02736027587213627
v 0.024266243147704297 0.16795620869235153 0.02736027587213627
v 0.024266243147704297 0.16795620869235153 -0.02736027587213627
v 0.035405258777185526 0.18517013369085536 0.03215624433197391
v 0.02659285377500381 0.18648577335069494 0.03215624433197391
v 0.02546150399920195 0.17747599026654856 0.03215624433197391
v 0.035405258777185526 0.18517013369085536 -0.03215624433197391
v 0.02659285377500381 0.18648577335069494 -0.03215624433197391
v 0.02659285377500381 0.18648577335069494 0.03215624433197391
v 0.042162490578989166 0.1745702760396606 -0.03215624433197391
v 0.03384868404982908 0.17622401229204493 -0.03215624433197391
v 0.035405258777185526 0.18517013369085536 -0.03215624433197391
v 0.04006458050366547 0.16520772549545087 0.02736027587213627
v 0.03220400738186543 0.1667713023367587 0.02736027587213627
v 0.03220400738186543 0.1667713023367587 -0.02736027587213627
v 0.04414792560199275 0.18343110113941283 0.03215624433197391
v 0.035405258777185526 0.18517013369085536 0.03215624433197391
v 0.03384868404982908 0.17622401229204493 0.03215624433197391
v 0.04414792560199275 0.18343110113941283 -0.03215624433197391
v 0.035405258777185526 0.18517013369085536 -0.03215624433197391
v 0.035405258777185526 0.18517013369085536 0.03215624433197391
v 0.050390358149317416 0.1725173377605848 -0.03215624433197391
v 0.042162490578989166 0.1745702760396606 -0.03215624433197391
v 0.04414792560199275 0.18343110113941283 -0.03215624433197391
v 0.04785156908138623 0.16326481632478068 0.02736027587213627
v 0.04006458050366547 0.16520772549545087 0.02736027587213627
v 0.04006458050366547 0.16520772549545087 -0.02736027587213627
v 0.052793008856547655 0.18127424861171776 0.03215624433197391
v 0.04414792560199275 0.18343110113941283 0.03215624433197391
v 0.042162490578989166 0.1745702760396606 0.03215624433197391
v 0.052793008856547655 0.18127424861171776 -0.03215624433197391
v 0.04414792560199275 0.18343110113941283 -0.03215624433197391
v 0.04414792560199275 0.18343110113941283 0.03215624433197391
v 0.05852417198217979 0.17008056853373127 -0.03215624433197391
v 0.050390358149317416 0.1725173377605848 -0.03215624433197391
v 0.052793008856547655 0.18127424861171776 -0.03215624433197391
v 0.055571150322403964 0.16095212359795164 0.02736027587213627
v 0.04785156908138623 0.16326481632478068 0.02736027587213627
v 0.04785156908138623 0.16326481632478068 -0.02736027587213627
v 0.061318917090844055 0.17872031867135885 0.03215624433197391
v 0.052793008856547655 0.18127424861171776 0.03215624433197391
v 0.050390358149317416 0.1725173377605848 0.03215624433197391
v 0.061318917090844055 0.17872031867135885 -0.03215624433197391
v 0.052793008856547655 0.18127424861171776 -0.03215624433197391
v 0.052793008856547655 0.18127424861171776 0.03215624433197391
v 0.06655840712191055 0.16728671547520052 -0.03215624433197391
v 0.05852417198217979 0.17008056853373127 -0.03215624433197391
v 0.061318917090844055 0.17872031867135885 -0.03215624433197391
v 0.06322821611454772 0.15828940670501823 0.02736027587213627
v 0.055571150322403964 0.16095212359795164 0.02736027587213627
v 0.055571150322403964 0.16095212359795164 -0.02736027587213627
v 0.06971027922596816 0.17580263850316355 0.03215624433197391
v 0.061318917090844055 0.17872031867135885 0.03215624433197391
v 0.05852417198217979 0.17008056853373127 0.03215624433197391
v 0.06971027922596816 0.17580263850316355 -0.03215624433197391
v 0.061318917090844055 0.17872031867135885 -0.03215624433197391
v 0.061318917090844055 0.17872031867135885 0.03215624433197391
v 0.07449140895939106 0.16417020404659732 -0.03215624433197391
v 0.06655840712191055 0.16728671547520052 -0.03215624433197391
v 0.06971027922596816 0.17580263850316355 -0.03215624433197391
v 0.07082011428725919 0.1553069282069621 0.02736027587213627
v 0.06322821611454772 0.15828940670501823 0.02736027587213627
v 0.06322821611454772 0.15828940670501823 -0.02736027587213627
v 0.07796637586665102 0.172559527895126 0.03215624433197391
v 0.06971027922596816 0.17580263850316355 0.03215624433197391
v 0.06655840712191055 0.16728671547520052 0.03215624433197391
v 0.07796637586665102 0.172559527895126 -0.03215624433197391
v 0.06971027922596816 0.17580263850316355 -0.03215624433197391
v 0.06971027922596816 0.17580263850316355 0.03215624433197391
v 0.08230457872893408 0.16076441418840204 -0.03215624433197391
v 0.07449140895939106 0.16417020404659732 -0.03215624433197391
v 0.07796637586665102 0.172559527895126 -0.03215624433197391
v 0.07829734085409595 0.15204757365375107 0.02736027587213627
v 0.07082011428725919 0.1553069282069621 0.02736027587213627
v 0.07082011428725919 0.1553069282069621 -0.02736027587213627
v 0.0860975615087974 0.1690148419943654 0.03215624433197391
v 0.07796637586665102 0.172559527895126 0.03215624433197391
v 0.07449140895939106 0.16417020404659732 0.03215624433197391
v 0.0860975615087974 0.1690148419943654 -0.03215624433197391
v 0.07796637586665102 0.172559527895126 -0.03215624433197391
v 0.07796637586665102 0.172559527895126 0.03215624433197391
v 0.0899612176798849 0.1570589482409938 -0.03215624433197391
v 0.08230457872893408 0.16076441418840204 -0.03215624433197391
v 0.0860975615087974 0.1690148419943654 -0.03215624433197391
v 0.08559452676495041 0.14851605748238117 0.02736027587213627
v 0.07829734085409595 0.15204757365375107 0.02736027587213627
v 0.07829734085409595 0.15204757365375107 -0.02736027587213627
v 0.09409425860339302 0.16514435156822263 0.03215624433197391
v 0.0860975615087974 0.1690148419943654 0.03215624433197391
v 0.08230457872893408 0.16076441418840204 0.03215624433197391
v 0.09409425860339302 0.16514435156822263 -0.03215624433197391
v 0.0860975615087974 0.1690148419943654 -0.03215624433197391
v 0.0860975615087974 0.1690148419943654 0.03215624433197391
v 0.09743576330035261 0.15303053616540552 -0.03215624433197391
v 0.0899612176798849 0.1570589482409938 -0.03215624433197391
v 0.09409425860339302 0.16514435156822263 -0.03215624433197391
v 0.09268841157279235 0.1446927689778201 0.02736027587213627
v 0.08559452676495041 0.14851605748238117 0.02736027587213627
v 0.08559452676495041 0.14851605748238117 -0.02736027587213627
v 0.10192888073985687 0.1609214965433671 0.03215624433197391
v 0.09409425860339302 0.16514435156822263 0.03215624433197391
v 0.0899612176798849 0.1570589482409938 0.03215624433197391
v 0.10192888073985687 0.1609214965433671 -0.03215624433197391
v 0.09409425860339302 0.16514435156822263 -0.03215624433197391
v 0.09409425860339302 0.16514435156822263 0.03215624433197391
v 0.10470538198449993 0.1486641713763263 -0.03215624433197391
v 0.09743576330035261 0.15303053616540552 -0.03215624433197391
v 0.10192888073985687 0.1609214965433671 -0.03215624433197391
v 0.09956850169863166 0.14056040428586483 0.02736027587213627
v 0.09268841157279235 0.1446927689778201 0.02736027587213627
v 0.09268841157279235 0.1446927689778201 -0.02736027587213627
v 0.10956700245658427 0.15633365393081258 0.03215624433197391
v 0.10192888073985687 0.1609214965433671 0.03215624433197391
v 0.09743576330035261 0.15303053616540552 0.03215624433197391
v 0.10956700245658427 0.15633365393081258 -0.03215624433197391
v 0.10192888073985687 0.1609214965433671 -0.03215624433197391
v 0.10192888073985687 0.1609214965433671 0.03215624433197391
v 0.11175348927339271 0.1439548133109049 -0.03215624433197391
v 0.10470538198449993 0.1486641713763263 -0.03215624433197391
v 0.10956700245658427 0.15633365393081258 -0.03215624433197391
v 0.10623237997436455 0.13610776002419311 0.02736027587213627
v 0.09956850169863166 0.14056040428586483 0.02736027587213627
v 0.09956850169863166 0.14056040428586483 -0.02736027587213627
v 0.11697867772651198 0.15138133689918423 0.03215624433197391
v 0.10956700245658427 0.15633365393081258 0.03215624433197391
v 0.10470538198449993 0.1486641713763263 0.03215624433197391
v 0.11697867772651198 0.15138133689918423 -0.03215624433197391
v 0.10956700245658427 0.15633365393081258 -0.03215624433197391
v 0.10956700245658427 0.15633365393081258 0.03215624433197391
v 0.11856942372914477 0.13890948326696642 -0.03215624433197391
v 0.11175348927339271 0.1439548133109049 -0.03215624433197391
v 0.11697867772651198 0.15138133689918423 -0.03215624433197391
v 0.11268309183996303 0.1313327931102411 0.02736027587213627
v 0.10623237997436455 0.13610776002419311 0.02736027587213627
v 0.10623237997436455 0.13610776002419311 -0.02736027587213627
v 0.12414030558884911 0.14608030979680958 0.03215624433197391
v 0.11697867772651198 0.15138133689918423 0.03215624433197391
v 0.11175348927339271 0.1439548133109049 0.03215624433197391
v 0.12414030558884911 0.14608030979680958 -0.03215624433197391
v 0.11697867772651198 0.15138133689918423 -0.03215624433197391
v 0.11697867772651198 0.15138133689918423 0.03215624433197391
v 0.12515157870232202 0.1335454850987141 -0.03215624433197391
v 0.11856942372914477 0.13890948326696642 -0.03215624433197391
v 0.12414030558884911 0.14608030979680958 -0.03215624433197391
v 0.11893003259763994 0.12624198289739805 0.02736027587213627
v 0.11268309183996303 0.1313327931102411 0.02736027587213627
v 0.11268309183996303 0.1313327931102411 -0.02736027587213627
v 0.13103986734663536 0.14045809668667958 0.03215624433197391
v 0.12414030558884911 0.14608030979680958 0.03215624433197391
v 0.11856942372914477 0.13890948326696642 0.03215624433197391
v 0.13103986734663536 0.14045809668667958 -0.03215624433197391
v 0.12414030558884911 0.14608030979680958 -0.03215624433197391
v 0.12414030558884911 0.14608030979680958 0.03215624433197391
v 0.13150507628723962 0.12788971939323907 -0.03215624433197391
v 0.12515157870232202 0.1335454850987141 -0.03215624433197391
v 0.13103986734663536 0.14045809668667958 -0.03215624433197391
v 0.1249852593121033 0.12085171241392269 0.02736027587213627
v 0.11893003259763994 0.12624198289739805 0.02736027587213627
v 0.11893003259763994 0.12624198289739805 -0.02736027587213627
v 0.13767593859723812 0.13455128121620585 0.03215624433197391
v 0.13103986734663536 0.14045809668667958 0.03215624433197391
v 0.12515157870232202 0.1335454850987141 0.03215624433197391
v 0.13767593859723812 0.13455128121620585 -0.03215624433197391
v 0.13103986734663536 0.14045809668667958 -0.03215624433197391
v 0.13103986734663536 0.14045809668667958 0.03215624433197391
v 0.13764158027919185 0.12197463567314061 -0.03215624433197391
v 0.13150507628723962 0.12788971939323907 -0.03215624433197391
v 0.13767593859723812 0.13455128121620585 -0.03215624433197391
v 0.12753179866506562 0.11839704942874556 0.02736027587213627
v 0.1249852593121033 0.12085171241392269 0.02736027587213627
v 0.1249852593121033 0.12085171241392269 -0.02736027587213627
v 0.14406247081290705 0.12839554059476121 0.03215624433197391
v 0.13767593859723812 0.13455128121620585 0.03215624433197391
v 0.13150507628723962 0.12788971939323907 0.03215624433197391
v 0.14406247081290705 0.12839554059476121 -0.03215624433197391
v 0.13767593859723812 0.13455128121620585 -0.03215624433197391
v 0.13767593859723812 0.13455128121620585 0.03215624433197391
v 0.1435566639992903 0.1158381412731253 -0.03215624433197391
v 0.13764158027919185 0.12197463567314061 -0.03215624433197391
v 0.14406247081290705 0.12839554059476121 -0.03215624433197391
v 0.1435566639992903 0.1158381412731253 0.03215624433197391
v 0.13764158027919185 0.12197463567314061 0.03215624433197391
v 0.13764158027919185 0.12197463567314061 -0.03215624433197391
v 0.15021821623032017 0.1220089939911869 0.03215624433197391
v 0.14406247081290705 0.12839554059476121 0.03215624433197391
v 0.13764158027919185 0.12197463567314061 0.03215624433197391
v 0.15021821623032017 0.1220089939911869 -0.03215624433197391
v 0.14406247081290705 0.12839554059476121 -0.03215624433197391
v 0.14406247081290705 0.12839554059476121 0.03215624433197391
v 0.14921244888863916 0.10948463409627081 -0.03215624433197391
v 0.1435566639992903 0.1158381412731253 -0.03215624433197391
v 0.15021821623032017 0.1220089939911869 -0.03215624433197391
v 0.14921244888863916 0.10948463409627081 0.03215624433197391
v 0.1435566639992903 0.1158381412731253 0.03215624433197391
v 0.1435566639992903 0.1158381412731253 -0.03215624433197391
v 0.15612503170079384 0.11537293233252108 0.03215624433197391
v 0.15021821623032017 0.1220089939911869 0.03215624433197391
v 0.1435566639992903 0.1158381412731253 0.03215624433197391
v 0.15612503170079384 0.11537293233252108 -0.03215624433197391
v 0.15021821623032017 0.1220089939911869 -0.03215624433197391
v 0.15021821623032017 0.1220089939911869 0.03215624433197391
v 0.1545764182810807 0.10290246953115667 -0.03215624433197391
v 0.14921244888863916 0.10948463409627081 -0.03215624433197391
v 0.15612503170079384 0.11537293233252108 -0.03215624433197391
v 0.1545764182810807 0.10290246953115667 0.03215624433197391
v 0.14921244888863916 0.10948463409627081 0.03215624433197391
v 0.14921244888863916 0.10948463409627081 -0.03215624433197391
v 0.1617472639947977 0.10847338496264021 0.03215624433197391
v 0.15612503170079384 0.11537293233252108 0.03215624433197391
v 0.14921244888863916 0.10948463409627081 0.03215624433197391
v 0.1617472639947977 0.10847338496264021 -0.03215624433197391
v 0.15612503170079384 0.11537293233252108 -0.03215624433197391
v 0.15612503170079384 0.11537293233252108 0.03215624433197391
v 0.15962175312098761 0.09608656864718379 -0.03215624433197391
v 0.1545764182810807 0.10290246953115667 -0.03215624433197391
v 0.1617472639947977 0.10847338496264021 -0.03215624433197391
v 0.15962175312098761 0.09608656864718379 0.03215624433197391
v 0.1545764182810807 0.10290246953115667 0.03215624433197391
v 0.1545764182810807 0.10290246953115667 -0.03215624433197391
v 0.1670482719132985 0.10131174271239769 0.03215624433197391
v 0.1617472639947977 0.10847338496264021 0.03215624433197391
v 0.1545764182810807 0.10290246953115667 0.03215624433197391
v 0.1670482719132985 0.10131174271239769 -0.03215624433197391
v 0.1617472639947977 0.10847338496264021 -0.03215624433197391
v 0.1617472639947977 0.10847338496264021 0.03215624433197391
v 0.16433114475818825 0.08903846615425946 -0.03215624433197391
v 0.15962175312098761 0.09608656864718379 -0.03215624433197391
v 0.1670482719132985 0.10131174271239769 -0.03215624433197391
v 0.16433114475818825 0.08903846615425946 0.03215624433197391
v 0.15962175312098761 0.09608656864718379 0.03215624433197391
v 0.15962175312098761 0.09608656864718379 -0.03215624433197391
v 0.1720006081288007 0.09390007703440692 0.03215624433197391
v 0.1670482719132985 0.10131174271239769 0.03215624433197391
v 0.15962175312098761 0.09608656864718379 0.03215624433197391
v 0.1720006081288007 0.09390007703440692 -0.03215624433197391
v 0.1670482719132985 0.10131174271239769 -0.03215624433197391
v 0.1670482719132985 0.10131174271239769 0.03215624433197391
v 0.16869749036339363 0.08176884267414371 -0.03215624433197391
v 0.16433114475818825 0.08903846615425946 -0.03215624433197391
v 0.1720006081288007 0.09390007703440692 -0.03215624433197391
v 0.16869749036339363 0.08176884267414371 0.03215624433197391
v 0.16433114475818825 0.08903846615425946 0.03215624433197391
v 0.16433114475818825 0.08903846615425946 -0.03215624433197391
v 0.17658846992522906 0.08626195531767952 0.03215624433197391
v 0.1720006081288007 0.09390007703440692 0.03215624433197391
v 0.16433114475818825 0.08903846615425946 0.03215624433197391
v 0.17658846992522906 0.08626195531767952 -0.03215624433197391
v 0.1720006081288007 0.09390007703440692 -0.03215624433197391
v 0.1720006081288007 0.09390007703440692 0.03215624433197391
v 0.17272590243898195 0.07429427786980217 -0.03215624433197391
v 0.16869749036339363 0.08176884267414371 -0.03215624433197391
v 0.17658846992522906 0.08626195531767952 -0.03215624433197391
v 0.17272590243898195 0.07429427786980217 0.03215624433197391
v 0.16869749036339363 0.08176884267414371 0.03215624433197391
v 0.16869749036339363 0.08176884267414371 -0.03215624433197391
v 0.1808113057662107 0.07842734277315258 0.03215624433197391
v 0.17658846992522906 0.08626195531767952 0.03215624433197391
v 0.16869749036339363 0.08176884267414371 0.03215624433197391
v 0.1808113057662107 0.07842734277315258 -0.03215624433197391
v 0.17658846992522906 0.08626195531767952 -0.03215624433197391
v 0.17658846992522906 0.08626195531767952 0.03215624433197391
v 0.17643140675413782 0.06663764371481978 -0.03215624433197391
v 0.17272590243898195 0.07429427786980217 -0.03215624433197391
v 0.1808113057662107 0.07842734277315258 -0.03215624433197391
v 0.17643140675413782 0.06663764371481978 0.03215624433197391
v 0.17272590243898195 0.07429427786980217 0.03215624433197391
v 0.17272590243898195 0.07429427786980217 -0.03215624433197391
v 0.18468179619235348 0.07043063129065157 0.03215624433197391
v 0.1808113057662107 0.07842734277315258 0.03215624433197391
v 0.17272590243898195 0.07429427786980217 0.03215624433197391
v 0.18468179619235348 0.07043063129065157 -0.03215624433197391
v 0.1808113057662107 0.07842734277315258 -0.03215624433197391
v 0.1808113057662107 0.07842734277315258 0.03215624433197391
v 0.17983717742845926 0.05882446914930829 -0.03215624433197391
v 0.17643140675413782 0.06663764371481978 -0.03215624433197391
v 0.18468179619235348 0.07043063129065157 -0.03215624433197391
v 0.17983717742845926 0.05882446914930829 0.03215624433197391
v 0.17643140675413782 0.06663764371481978 0.03215624433197391
v 0.17643140675413782 0.06663764371481978 -0.03215624433197391
v 0.18822648209311407 0.06229945524044209 0.03215624433197391
v 0.18468179619235348 0.07043063129065157 0.03215624433197391
v 0.17643140675413782 0.06663764371481978 0.03215624433197391
v 0.18822648209311407 0.06229945524044209 -0.03215624433197391
v 0.18468179619235348 0.07043063129065157 -0.03215624433197391
v 0.18468179619235348 0.07043063129065157 0.03215624433197391
v 0.18110922653096737 0.050208799569317626 -0.03313980154371741
v 0.178007002292406 0.05810550551749408 -0.034122591400507336
v 0.19005669559691504 0.06301838050450867 -0.034122591400507336
v 0.18110922653096737 0.050208799569317626 0.03313980154371741
v 0.178007002292406 0.05810550551749408 0.034122591400507336
v 0.178007002292406 0.05810550551749408 -0.034122591400507336
v 0.19331409339499445 0.054725987974521766 0.033139806339685864
v 0.19005669559691504 0.06301838050450867 0.034122591400507336
v 0.178007002292406 0.05810550551749408 0.034122591400507336
v 0.19331409339499445 0.054725987974521766 -0.033139806339685864
v 0.19005669559691504 0.06301838050450867 -0.034122591400507336
v 0.19005669559691504 0.06301838050450867 0.034122591400507336
v 0.18387622216612304 0.04225186584922247 -0.033139883075181224
v 0.18110922653096737 0.050208799569317626 -0.03313980154371741
v 0.19331409339499445 0.054725987974521766 -0.033139806339685864
v 0.18387622216612304 0.04225186584922247 0.033139883075181224
v 0.18110922653096737 0.050208799569317626 0.03313980154371741
v 0.18110922653096737 0.050208799569317626 -0.03313980154371741
v 0.19625866455834404 0.04625730043991975 0.03313987827921276
v 0.19331409339499445 0.054725987974521766 0.033139806339685864
v 0.18110922653096737 0.050208799569317626 0.03313980154371741
v 0.19625866455834404 0.04625730043991975 -0.03313987827921276
v 0.19331409339499445 0.054725987974521766 -0.033139806339685864
v 0.19331409339499445 0.054725987974521766 0.033139806339685864
v 0.18628756316820247 0.03420297902584694 -0.03313995021873966
v 0.18387622216612304 0.04225186584922247 -0.033139883075181224
v 0.19625866455834404 0.04625730043991975 -0.03313987827921276
v 0.18628756316820247 0.03420297902584694 0.03313995021873966
v 0.18387622216612304 0.04225186584922247 0.033139883075181224
v 0.18387622216612304 0.04225186584922247 -0.033139883075181224
v 0.19883800833557164 0.03764649876791572 0.03313995021873966
v 0.19625866455834404 0.04625730043991975 0.03313987827921276
v 0.18387622216612304 0.04225186584922247 0.033139883075181224
v 0.19883800833557164 0.03764649876791572 -0.03313995021873966
v 0.19625866455834404 0.04625730043991975 -0.03313987827921276
v 0.19625866455834404 0.04625730043991975 0.03313987827921276
v 0.18831796039551704 0.026065510665018173 -0.03313998379051888
v 0.18628756316820247 0.03420297902584694 -0.03313995021873966
v 0.19883800833557164 0.03764649876791572 -0.03313995021873966
v 0.18831796039551704 0.026065510665018173 0.03313998379051888
v 0.18628756316820247 0.03420297902584694 0.03313995021873966
v 0.18628756316820247 0.03420297902584694 -0.03313995021873966
v 0.2010174210989018 0.02891106905951441 0.03313998379051888
v 0.19883800833557164 0.03764649876791572 0.03313995021873966
v 0.18628756316820247 0.03420297902584694 0.03313995021873966
v 0.2010174210989018 0.02891106905951441 -0.03313998379051888
v 0.19883800833557164 0.03764649876791572 -0.03313995021873966
v 0.19883800833557164 0.03764649876791572 0.03313995021873966
v 0.18996244042877386 0.017798143498454704 -0.034122591400507336
v 0.18831796039551704 0.026065510665018173 -0.03313998379051888
v 0.2010174210989018 0.02891106905951441 -0.03313998379051888
v 0.18996244042877386 0.017798143498454704 0.034122591400507336
v 0.18831796039551704 0.026065510665018173 0.03313998379051888
v 0.18831796039551704 0.026065510665018173 -0.03313998379051888
v 0.20276567150172412 0.020121958076142102 0.034122591400507336
v 0.2010174210989018 0.02891106905951441 0.03313998379051888
v 0.18831796039551704 0.026065510665018173 0.03313998379051888
v 0.20276567150172412 0.020121958076142102 -0.034122591400507336
v 0.2010174210989018 0.02891106905951441 -0.03313998379051888
v 0.2010174210989018 0.02891106905951441 0.03313998379051888
v 0.19314299722018977 0.009794592964929986 -0.03215624433197391
v 0.19189100485778068 0.01818175383168323 -0.03215624433197391
v 0.20083712146062266 0.01973834774291357 -0.03215624433197391
v 0.19314299722018977 0.009794592964929986 0.03215624433197391
v 0.19189100485778068 0.01818175383168323 0.03215624433197391
v 0.19189100485778068 0.01818175383168323 -0.03215624433197391
v 0.20215278510030454 0.010925928352826419 0.03215624433197391
v 0.20083712146062266 0.01973834774291357 0.03215624433197391
v 0.19189100485778068 0.01818175383168323 0.03215624433197391
v 0.20215278510030454 0.010925928352826419 -0.03215624433197391
v 0.20083712146062266 0.01973834774291357 -0.03215624433197391
v 0.20083712146062266 0.01973834774291357 0.03215624433197391
v 0.19400439152332424 0.0013473865730595298 -0.03215624433197391
v 0.19314299722018977 0.009794592964929986 -0.03215624433197391
v 0.20215278510030454 0.010925928352826419 -0.03215624433197391
v 0.19400439152332424 0.0013473865730595298 0.03215624433197391
v 0.19314299722018977 0.009794592964929986 0.03215624433197391
v 0.19314299722018977 0.009794592964929986 -0.03215624433197391
v 0.203055981064535 0.0020716881177695653 0.03215624433197391
v 0.20215278510030454 0.010925928352826419 0.03215624433197391
v 0.19314299722018977 0.009794592964929986 0.03215624433197391
v 0.203055981064535 0.0020716881177695653 -0.03215624433197391
v 0.20215278510030454 0.010925928352826419 -0.03215624433197391
v 0.20215278510030454 0.010925928352826419 0.03215624433197391
v 0.19449777677863006 -0.007144758043279626 -0.03215624433197391
v 0.19400439152332424 0.0013473865730595298 -0.03215624433197391
v 0.203055981064535 0.0020716881177695653 -0.03215624433197391
v 0.19449777677863006 -0.007144758043279626 0.03215624433197391
v 0.19400439152332424 0.0013473865730595298 0.03215624433197391
v 0.19400439152332424 0.0013473865730595298 -0.03215624433197391
v 0.20357164838930522 -0.006797151045279047 0.03215624433197391
v 0.203055981064535 0.0020716881177695653 0.03215624433197391
v 0.19400439152332424 0.0013473865730595298 0.03215624433197391
v 0.20357164838930522 -0.006797151045279047 -0.03215624433197391
v 0.203055981064535 0.0020716881177695653 -0.03215624433197391
v 0.203055981064535 0.0020716881177695653 0.03215624433197391
v 0.19465509413604964 -0.01568753849461776 -0.03215624433197391
v 0.19449777677863006 -0.007144758043279626 -0.03215624433197391
v 0.20357164838930522 -0.006797151045279047 -0.03215624433197391
v 0.19465509413604964 -0.01568753849461776 0.03215624433197391
v 0.19449777677863006 -0.007144758043279626 0.03215624433197391
v 0.19449777677863006 -0.007144758043279626 -0.03215624433197391
v 0.20373405426926067 -0.015519406228321191 0.03215624433197391
v 0.20357164838930522 -0.006797151045279047 0.03215624433197391
v 0.19449777677863006 -0.007144758043279626 0.03215624433197391
v 0.20373405426926067 -0.015519406228321191 -0.03215624433197391
v 0.20357164838930522 -0.006797151045279047 -0.03215624433197391
v 0.20357164838930522 -0.006797151045279047 0.03215624433197391
v -0.19465359779389022 -0.015749742205541834 -0.03215624433197391
v -0.19465359779389022 -0.015749742205541834 0.03215624433197391
v -0.2037325771109751 -0.015582780155549508 0.03215624433197391
v 0.19465509413604964 -0.01568753849461776 0.03215624433197391
v 0.19465509413604964 -0.01568753849461776 -0.03215624433197391
v 0.20373405426926067 -0.015519406228321191 -0.03215624433197391
v -0.1292687641541019 0.11765671975744273 0.0291256478823602
v -0.1292687641541019 0.11765671975744273 -0.0291256478823602
v -0.12753034548662226 0.11839701585696628 -0.02736027587213627
v -0.1292687641541019 0.11765671975744273 -0.0291256478823602
v -0.1292687641541019 0.11765671975744273 0.0291256478823602
v -0.13192170686331417 0.11806619954454367 0.030751538741866678
v -0.13192170686331417 0.11806619954454367 -0.030751538741866678
v -0.13192170686331417 0.11806619954454367 0.030751538741866678
v -0.1349473538734773 0.11966622095017772 0.03181950979447178
v -0.13764012230478004 0.12197459730539296 0.03215624433197391
v -0.13764012230478004 0.12197459730539296 -0.03215624433197391
v -0.1349473538734773 0.11966622095017772 -0.03181950979447178
v -0.12544158132315147 0.12134582665643437 0.0291256478823602
v -0.1292687641541019 0.11765671975744273 0.0291256478823602
v -0.12753034548662226 0.11839701585696628 0.02736027587213627
v -0.1292687641541019 0.11765671975744273 0.0291256478823602
v -0.12544158132315147 0.12134582665643437 0.0291256478823602
v -0.12689341209934507 0.12291306761764552 0.030751538741866678
v -0.13192170686331417 0.11806619954454367 0.030751538741866678
v -0.12689341209934507 0.12291306761764552 0.030751538741866678
v -0.12910370610358815 0.12529901396673016 0.03181950979447178
v -0.1315036183128278 0.12788968102549142 0.03215624433197391
v -0.13764012230478004 0.12197459730539296 0.03215624433197391
v -0.1349473538734773 0.11966622095017772 0.03181950979447178
v -0.1292687641541019 0.11765671975744273 -0.0291256478823602
v -0.12544158132315147 0.12134582665643437 -0.0291256478823602
v -0.12498379654172305 0.12085167404617504 -0.02736027587213627
v -0.12544158132315147 0.12134582665643437 -0.0291256478823602
v -0.1292687641541019 0.11765671975744273 -0.0291256478823602
v -0.13192170686331417 0.11806619954454367 -0.030751538741866678
v -0.12689341209934507 0.12291306761764552 -0.030751538741866678
v -0.13192170686331417 0.11806619954454367 -0.030751538741866678
v -0.1349473538734773 0.11966622095017772 -0.03181950979447178
v -0.13764012230478004 0.12197459730539296 -0.03215624433197391
v -0.1315036183128278 0.12788968102549142 -0.03215624433197391
v -0.12910370610358815 0.12529901396673016 -0.03181950979447178
v -0.11936540581845555 0.1267547198854393 0.0291256478823602
v -0.12544158132315147 0.12134582665643437 0.0291256478823602
v -0.12498379654172305 0.12085167404617504 0.02736027587213627
v -0.12544158132315147 0.12134582665643437 0.0291256478823602
v -0.11936540581845555 0.1267547198854393 0.0291256478823602
v -0.12075083641132268 0.12838109034179176 0.030751538741866678
v -0.12689341209934507 0.12291306761764552 0.030751538741866678
v -0.12075083641132268 0.12838109034179176 0.030751538741866678
v -0.12286001221655854 0.1308570857946783 0.03181950979447178
v -0.1251501255238787 0.1335454515269349 0.03215624433197391
v -0.1315036183128278 0.12788968102549142 0.03215624433197391
v -0.12910370610358815 0.12529901396673016 0.03181950979447178
v -0.12544158132315147 0.12134582665643437 -0.0291256478823602
v -0.11936540581845555 0.1267547198854393 -0.0291256478823602
v -0.11892857941919663 0.12624194452965035 -0.02736027587213627
v -0.11936540581845555 0.1267547198854393 -0.0291256478823602
v -0.12544158132315147 0.12134582665643437 -0.0291256478823602
v -0.12689341209934507 0.12291306761764552 -0.030751538741866678
v -0.12075083641132268 0.12838109034179176 -0.030751538741866678
v -0.12689341209934507 0.12291306761764552 -0.030751538741866678
v -0.12910370610358815 0.12529901396673016 -0.03181950979447178
v -0.1315036183128278 0.12788968102549142 -0.03215624433197391
v -0.1251501255238787 0.1335454515269349 -0.03215624433197391
v -0.12286001221655854 0.1308570857946783 -0.03181950979447178
v -0.11309493124354622 0.13186470917615328 0.0291256478823602
v -0.11936540581845555 0.1267547198854393 0.0291256478823602
v -0.11892857941919663 0.12624194452965035 0.02736027587213627
v -0.11936540581845555 0.1267547198854393 0.0291256478823602
v -0.11309493124354622 0.13186470917615328 0.0291256478823602
v -0.11440571258733598 0.13355188771660798 0.030751538741866678
v -0.12075083641132268 0.12838109034179176 0.030751538741866678
v -0.11440571258733598 0.13355188771660798 0.030751538741866678
v -0.11640125271588443 0.136120493320454 0.03181950979447178
v -0.11856797534666988 0.13890941132743956 0.03215624433197391
v -0.1251501255238787 0.1335454515269349 0.03215624433197391
v -0.12286001221655854 0.1308570857946783 0.03181950979447178
v -0.11936540581845555 0.1267547198854393 -0.0291256478823602
v -0.11309493124354622 0.13186470917615328 -0.0291256478823602
v -0.11268164345748817 0.13133272117071418 -0.02736027587213627
v -0.11309493124354622 0.13186470917615328 -0.0291256478823602
v -0.11936540581845555 0.1267547198854393 -0.0291256478823602
v -0.12075083641132268 0.12838109034179176 -0.030751538741866678
v -0.11440571258733598 0.13355188771660798 -0.030751538741866678
v -0.12075083641132268 0.12838109034179176 -0.030751538741866678
v -0.12286001221655854 0.1308570857946783 -0.03181950979447178
v -0.1251501255238787 0.1335454515269349 -0.03215624433197391
v -0.11856797534666988 0.13890941132743956 -0.03215624433197391
v -0.11640125271588443 0.136120493320454 -0.03181950979447178
v -0.10661857533459297 0.13665866332923776 0.0291256478823602
v -0.11309493124354622 0.13186470917615328 0.0291256478823602
v -0.11268164345748817 0.13133272117071418 0.02736027587213627
v -0.11309493124354622 0.13186470917615328 0.0291256478823602
v -0.10661857533459297 0.13665866332923776 0.0291256478823602
v -0.10784803144120927 0.1384060744375796 0.030751538741866678
v -0.11440571258733598 0.13355188771660798 0.030751538741866678
v -0.10784803144120927 0.1384060744375796 0.030751538741866678
v -0.10971975405203009 0.14106630222288236 0.03181950979447178
v -0.1117520456868863 0.14395477973912568 0.03215624433197391
v -0.11856797534666988 0.13890941132743956 0.03215624433197391
v -0.11640125271588443 0.136120493320454 0.03181950979447178
v -0.11309493124354622 0.13186470917615328 -0.0291256478823602
v -0.10661857533459297 0.13665866332923776 -0.0291256478823602
v -0.10623093159188966 0.13610772165644547 -0.02736027587213627
v -0.10661857533459297 0.13665866332923776 -0.0291256478823602
v -0.11309493124354622 0.13186470917615328 -0.0291256478823602
v -0.11440571258733598 0.13355188771660798 -0.030751538741866678
v -0.10784803144120927 0.1384060744375796 -0.030751538741866678
v -0.11440571258733598 0.13355188771660798 -0.030751538741866678
v -0.11640125271588443 0.136120493320454 -0.03181950979447178
v -0.11856797534666988 0.13890941132743956 -0.03215624433197391
v -0.1117520456868863 0.14395477973912568 -0.03215624433197391
v -0.10971975405203009 0.14106630222288236 -0.03181950979447178
v -0.09992773412417887 0.1411293452282869 0.0291256478823602
v -0.10661857533459297 0.13665866332923776 0.0291256478823602
v -0.10623093159188966 0.13610772165644547 0.02736027587213627
v -0.10661857533459297 0.13665866332923776 0.0291256478823602
v -0.09992773412417887 0.1411293452282869 0.0291256478823602
v -0.10107162056153474 0.14293390509679618 0.030751538741866678
v -0.10784803144120927 0.1384060744375796 0.030751538741866678
v -0.10107162056153474 0.14293390509679618 0.030751538741866678
v -0.10281307987301792 0.1456811845056134 0.03181950979447178
v -0.10470394319396198 0.1486641713763263 0.03215624433197391
v -0.1117520456868863 0.14395477973912568 0.03215624433197391
v -0.10971975405203009 0.14106630222288236 0.03181950979447178
v -0.10661857533459297 0.13665866332923776 -0.0291256478823602
v -0.09992773412417887 0.1411293452282869 -0.0291256478823602
v -0.0995670629080937 0.1405603659181171 -0.02736027587213627
v -0.09992773412417887 0.1411293452282869 -0.0291256478823602
v -0.10661857533459297 0.13665866332923776 -0.0291256478823602
v -0.10784803144120927 0.1384060744375796 -0.030751538741866678
v -0.10107162056153474 0.14293390509679618 -0.030751538741866678
v -0.10784803144120927 0.1384060744375796 -0.030751538741866678
v -0.10971975405203009 0.14106630222288236 -0.03181950979447178
v -0.1117520456868863 0.14395477973912568 -0.03215624433197391
v -0.10470394319396198 0.1486641713763263 -0.03215624433197391
v -0.10281307987301792 0.1456811845056134 -0.03181950979447178
v -0.0930202925902131 0.1452781744799648 0.0291256478823602
v -0.09992773412417887 0.1411293452282869 0.0291256478823602
v -0.0995670629080937 0.1405603659181171 0.02736027587213627
v -0.09992773412417887 0.1411293452282869 0.0291256478823602
v -0.0930202925902131 0.1452781744799648 0.0291256478823602
v -0.09407743914200437 0.147134808974011 0.030751538741866678
v -0.10107162056153474 0.14293390509679618 0.030751538741866678
v -0.09407743914200437 0.147134808974011 0.030751538741866678
v -0.09568685105388285 0.1499614089051855 0.03181950979447178
v -0.0974343197138462 0.15303049779765787 0.03215624433197391
v -0.10470394319396198 0.1486641713763263 0.03215624433197391
v -0.10281307987301792 0.1456811845056134 0.03181950979447178
v -0.09992773412417887 0.1411293452282869 -0.0291256478823602
v -0.0930202925902131 0.1452781744799648 -0.0291256478823602
v -0.0926869727822544 0.1446927689778201 -0.02736027587213627
v -0.0930202925902131 0.1452781744799648 -0.0291256478823602
v -0.09992773412417887 0.1411293452282869 -0.0291256478823602
v -0.10107162056153474 0.14293390509679618 -0.030751538741866678
v -0.09407743914200437 0.147134808974011 -0.030751538741866678
v -0.10107162056153474 0.14293390509679618 -0.030751538741866678
v -0.10281307987301792 0.1456811845056134 -0.03181950979447178
v -0.10470394319396198 0.1486641713763263 -0.03215624433197391
v -0.0974343197138462 0.15303049779765787 -0.03215624433197391
v -0.09568685105388285 0.1499614089051855 -0.03181950979447178
v -0.08589968464611296 0.1491158077261892 0.0291256478823602
v -0.0930202925902131 0.1452781744799648 0.0291256478823602
v -0.0926869727822544 0.1446927689778201 0.02736027587213627
v -0.0930202925902131 0.1452781744799648 0.0291256478823602
v -0.08589968464611296 0.1491158077261892 0.0291256478823602
v -0.08687206245537658 0.1510181765754684 0.030751538741866678
v -0.09407743914200437 0.147134808974011 0.030751538741866678
v -0.08687206245537658 0.1510181765754684 0.030751538741866678
v -0.08835242444793774 0.15391429886543675 0.03181950979447178
v -0.08995977409337848 0.15705890987324617 0.03215624433197391
v -0.0974343197138462 0.15303049779765787 0.03215624433197391
v -0.09568685105388285 0.1499614089051855 0.03181950979447178
v -0.0930202925902131 0.1452781744799648 -0.0291256478823602
v -0.08589968464611296 0.1491158077261892 -0.0291256478823602
v -0.08559308317844401 0.14851601911463344 -0.02736027587213627
v -0.08589968464611296 0.1491158077261892 -0.0291256478823602
v -0.0930202925902131 0.1452781744799648 -0.0291256478823602
v -0.09407743914200437 0.147134808974011 -0.030751538741866678
v -0.08687206245537658 0.1510181765754684 -0.030751538741866678
v -0.09407743914200437 0.147134808974011 -0.030751538741866678
v -0.09568685105388285 0.1499614089051855 -0.03181950979447178
v -0.0974343197138462 0.15303049779765787 -0.03215624433197391
v -0.08995977409337848 0.15705890987324617 -0.03215624433197391
v -0.08835242444793774 0.15391429886543675 -0.03181950979447178
v -0.07857726234922284 0.15265958239294244 0.0291256478823602
v -0.08589968464611296 0.1491158077261892 0.0291256478823602
v -0.08559308317844401 0.14851601911463344 0.02736027587213627
v -0.08589968464611296 0.1491158077261892 0.0291256478823602
v -0.07857726234922284 0.15265958239294244 0.0291256478823602
v -0.07946959064892331 0.15460066429962951 0.030751538741866678
v -0.08687206245537658 0.1510181765754684 0.030751538741866678
v -0.07946959064892331 0.15460066429962951 0.030751538741866678
v -0.08082809667485691 0.15755577220568534 0.03181950979447178
v -0.08230313993839612 0.16076441418840204 0.03215624433197391
v -0.08995977409337848 0.15705890987324617 0.03215624433197391
v -0.08835242444793774 0.15391429886543675 0.03181950979447178
v -0.08589968464611296 0.1491158077261892 -0.0291256478823602
v -0.07857726234922284 0.15265958239294244 -0.0291256478823602
v -0.07829590206355799 0.15204753528600334 -0.02736027587213627
v -0.07857726234922284 0.15265958239294244 -0.0291256478823602
v -0.08589968464611296 0.1491158077261892 -0.0291256478823602
v -0.08687206245537658 0.1510181765754684 -0.030751538741866678
v -0.07946959064892331 0.15460066429962951 -0.030751538741866678
v -0.08687206245537658 0.1510181765754684 -0.030751538741866678
v -0.08835242444793774 0.15391429886543675 -0.03181950979447178
v -0.08995977409337848 0.15705890987324617 -0.03215624433197391
v -0.08230313993839612 0.16076441418840204 -0.03215624433197391
v -0.08082809667485691 0.15755577220568534 -0.03181950979447178
v -0.07107644441353213 0.1559291859307522 0.0291256478823602
v -0.07857726234922284 0.15265958239294244 0.0291256478823602
v -0.07829590206355799 0.15204753528600334 0.02736027587213627
v -0.07857726234922284 0.15265958239294244 0.0291256478823602
v -0.07107644441353213 0.1559291859307522 0.0291256478823602
v -0.07189396999316452 0.15790290440280835 0.030751538741866678
v -0.07946959064892331 0.15460066429962951 0.030751538741866678
v -0.07189396999316452 0.15790290440280835 0.030751538741866678
v -0.07313859095205082 0.16090766497032893 0.03181950979447178
v -0.07448996537288465 0.1641701704748181 0.03215624433197391
v -0.08230313993839612 0.16076441418840204 0.03215624433197391
v -0.08082809667485691 0.15755577220568534 0.03181950979447178
v -0.07857726234922284 0.15265958239294244 -0.0291256478823602
v -0.07107644441353213 0.1559291859307522 -0.0291256478823602
v -0.07081867549672125 0.15530689463518282 -0.02736027587213627
v -0.07107644441353213 0.1559291859307522 -0.0291256478823602
v -0.07857726234922284 0.15265958239294244 -0.0291256478823602
v -0.07946959064892331 0.15460066429962951 -0.030751538741866678
v -0.07189396999316452 0.15790290440280835 -0.030751538741866678
v -0.07946959064892331 0.15460066429962951 -0.030751538741866678
v -0.08082809667485691 0.15755577220568534 -0.03181950979447178
v -0.08230313993839612 0.16076441418840204 -0.03215624433197391
v -0.07448996537288465 0.1641701704748181 -0.03215624433197391
v -0.07313859095205082 0.16090766497032893 -0.03181950979447178
v -0.06346059037836377 0.1589211028947373 0.0291256478823602
v -0.07107644441353213 0.1559291859307522 0.0291256478823602
v -0.07081867549672125 0.15530689463518282 0.02736027587213627
v -0.07107644441353213 0.1559291859307522 0.0291256478823602
v -0.06346059037836377 0.1589211028947373 0.0291256478823602
v -0.06420216220549771 0.16092464269867676 0.030751538741866678
v -0.07189396999316452 0.15790290440280835 0.030751538741866678
v -0.06420216220549771 0.16092464269867676 0.030751538741866678
v -0.0653311427728804 0.16397481149557508 0.03181950979447178
v -0.06655697792330952 0.16728667710745287 0.03215624433197391
v -0.07448996537288465 0.1641701704748181 0.03215624433197391
v -0.07313859095205082 0.16090766497032893 0.03181950979447178
v -0.07107644441353213 0.1559291859307522 -0.0291256478823602
v -0.06346059037836377 0.1589211028947373 -0.0291256478823602
v -0.06322677732400976 0.15828937313323904 -0.02736027587213627
v -0.06346059037836377 0.1589211028947373 -0.0291256478823602
v -0.07107644441353213 0.1559291859307522 -0.0291256478823602
v -0.07189396999316452 0.15790290440280835 -0.030751538741866678
v -0.06420216220549771 0.16092464269867676 -0.030751538741866678
v -0.07189396999316452 0.15790290440280835 -0.030751538741866678
v -0.07313859095205082 0.16090766497032893 -0.03181950979447178
v -0.07448996537288465 0.1641701704748181 -0.03215624433197391
v -0.06655697792330952 0.16728667710745287 -0.03215624433197391
v -0.0653311427728804 0.16397481149557508 -0.03181950979447178
v -0.05577705084032171 0.16159303763905047 0.0291256478823602
v -0.06346059037836377 0.1589211028947373 0.0291256478823602
v -0.06322677732400976 0.15828937313323904 0.02736027587213627
v -0.06346059037836377 0.1589211028947373 0.0291256478823602
v -0.05577705084032171 0.16159303763905047 0.0291256478823602
v -0.05643463566778697 0.16362578009494191 0.030751538741866678
v -0.06420216220549771 0.16092464269867676 0.030751538741866678
v -0.05643463566778697 0.16362578009494191 0.030751538741866678
v -0.05743574132812501 0.16672040751946293 0.03181950979447178
v -0.058522733191641835 0.17008056853373127 0.03215624433197391
v -0.06655697792330952 0.16728667710745287 0.03215624433197391
v -0.0653311427728804 0.16397481149557508 0.03181950979447178
v -0.06346059037836377 0.1589211028947373 -0.0291256478823602
v -0.05577705084032171 0.16159303763905047 -0.0291256478823602
v -0.055569716327834466 0.16095212359795164 -0.02736027587213627
v -0.05577705084032171 0.16159303763905047 -0.0291256478823602
v -0.06346059037836377 0.1589211028947373 -0.0291256478823602
v -0.06420216220549771 0.16092464269867676 -0.030751538741866678
v -0.05643463566778697 0.16362578009494191 -0.030751538741866678
v -0.06420216220549771 0.16092464269867676 -0.030751538741866678
v -0.0653311427728804 0.16397481149557508 -0.03181950979447178
v -0.06655697792330952 0.16728667710745287 -0.03215624433197391
v -0.058522733191641835 0.17008056853373127 -0.03215624433197391
v -0.05743574132812501 0.16672040751946293 -0.03181950979447178
v -0.04802838684656351 0.1639144398446026 0.0291256478823602
v -0.05577705084032171 0.16159303763905047 0.0291256478823602
v -0.055569716327834466 0.16095212359795164 0.02736027587213627
v -0.05577705084032171 0.16159303763905047 0.0291256478823602
v -0.04802838684656351 0.1639144398446026 0.0291256478823602
v -0.04859372601667225 0.16597480707882267 0.030751538741866678
v -0.05643463566778697 0.16362578009494191 0.030751538741866678
v -0.04859372601667225 0.16597480707882267 0.030751538741866678
v -0.04945440572050626 0.16911150953464188 0.03181950979447178
v -0.05038892415474792 0.1725173377605848 0.03215624433197391
v -0.058522733191641835 0.17008056853373127 0.03215624433197391
v -0.05743574132812501 0.16672040751946293 0.03181950979447178
v -0.05577705084032171 0.16159303763905047 -0.0291256478823602
v -0.04802838684656351 0.1639144398446026 -0.0291256478823602
v -0.047850130290848274 0.16326477795703304 -0.02736027587213627
v -0.04802838684656351 0.1639144398446026 -0.0291256478823602
v -0.05577705084032171 0.16159303763905047 -0.0291256478823602
v -0.05643463566778697 0.16362578009494191 -0.030751538741866678
v -0.04859372601667225 0.16597480707882267 -0.030751538741866678
v -0.05643463566778697 0.16362578009494191 -0.030751538741866678
v -0.05743574132812501 0.16672040751946293 -0.03181950979447178
v -0.058522733191641835 0.17008056853373127 -0.03215624433197391
v -0.05038892415474792 0.1725173377605848 -0.03215624433197391
v -0.04945440572050626 0.16911150953464188 -0.03181950979447178
v -0.04021044508840296 0.16586507052449315 0.0291256478823602
v -0.04802838684656351 0.1639144398446026 0.0291256478823602
v -0.047850130290848274 0.16326477795703304 0.02736027587213627
v -0.04802838684656351 0.1639144398446026 0.0291256478823602
v -0.04021044508840296 0.16586507052449315 0.0291256478823602
v -0.04067761078413884 0.16794994995351145 0.030751538741866678
v -0.04859372601667225 0.16597480707882267 0.030751538741866678
v -0.04067761078413884 0.16794994995351145 0.030751538741866678
v -0.041388824130922 0.17112397943185356 0.03181950979447178
v -0.042161056584419675 0.1745702760396606 0.03215624433197391
v -0.05038892415474792 0.1725173377605848 0.03215624433197391
v -0.04945440572050626 0.16911150953464188 0.03181950979447178
v -0.04802838684656351 0.1639144398446026 -0.0291256478823602
v -0.04021044508840296 0.16586507052449315 -0.0291256478823602
v -0.04006314650909598 0.16520772549545087 -0.02736027587213627
v -0.04021044508840296 0.16586507052449315 -0.0291256478823602
v -0.04802838684656351 0.1639144398446026 -0.0291256478823602
v -0.04859372601667225 0.16597480707882267 -0.030751538741866678
v -0.04067761078413884 0.16794994995351145 -0.030751538741866678
v -0.04859372601667225 0.16597480707882267 -0.030751538741866678
v -0.04945440572050626 0.16911150953464188 -0.03181950979447178
v -0.05038892415474792 0.1725173377605848 -0.03215624433197391
v -0.042161056584419675 0.1745702760396606 -0.03215624433197391
v -0.041388824130922 0.17112397943185356 -0.03181950979447178
v -0.03231804591990345 0.167434978044168 0.0291256478823602
v -0.04021044508840296 0.16586507052449315 0.0291256478823602
v -0.04006314650909598 0.16520772549545087 0.02736027587213627
v -0.04021044508840296 0.16586507052449315 0.0291256478823602
v -0.03231804591990345 0.167434978044168 0.0291256478823602
v -0.03268428525537049 0.16953990941731686 0.030751538741866678
v -0.04067761078413884 0.16794994995351145 0.030751538741866678
v -0.03268428525537049 0.16953990941731686 0.030751538741866678
v -0.03324185495657429 0.17274449401071656 0.03181950979447178
v -0.0338472500552596 0.17622397872026566 0.03215624433197391
v -0.042161056584419675 0.1745702760396606 0.03215624433197391
v -0.041388824130922 0.17112397943185356 0.03181950979447178
v -0.04021044508840296 0.16586507052449315 -0.0291256478823602
v -0.03231804591990345 0.167434978044168 -0.0291256478823602
v -0.032202568591327474 0.1667713023367587 -0.02736027587213627
v -0.03231804591990345 0.167434978044168 -0.0291256478823602
v -0.04021044508840296 0.16586507052449315 -0.0291256478823602
v -0.04067761078413884 0.16794994995351145 -0.030751538741866678
v -0.03268428525537049 0.16953990941731686 -0.030751538741866678
v -0.04067761078413884 0.16794994995351145 -0.030751538741866678
v -0.041388824130922 0.17112397943185356 -0.03181950979447178
v -0.042161056584419675 0.1745702760396606 -0.03215624433197391
v -0.0338472500552596 0.17622397872026566 -0.03215624433197391
v -0.03324185495657429 0.17274449401071656 -0.03181950979447178
v -0.024348729009245045 0.16862460363272533 0.0291256478823602
v -0.03231804591990345 0.167434978044168 0.0291256478823602
v -0.032202568591327474 0.1667713023367587 0.02736027587213627
v -0.03231804591990345 0.167434978044168 0.0291256478823602
v -0.024348729009245045 0.16862460363272533 0.0291256478823602
v -0.024614890870860655 0.17074450322343734 0.030751538741866678
v -0.03268428525537049 0.16953990941731686 0.030751538741866678
v -0.024614890870860655 0.17074450322343734 0.030751538741866678
v -0.025020102246032336 0.1739718063194313 0.03181950979447178
v -0.025460070004632462 0.17747599026654856 0.03215624433197391
v -0.0338472500552596 0.17622397872026566 0.03215624433197391
v -0.03324185495657429 0.17274449401071656 0.03181950979447178
v -0.03231804591990345 0.167434978044168 -0.0291256478823602
v -0.024348729009245045 0.16862460363272533 -0.0291256478823602
v -0.024264809153134805 0.16795620869235153 -0.02736027587213627
v -0.024348729009245045 0.16862460363272533 -0.0291256478823602
v -0.03231804591990345 0.167434978044168 -0.0291256478823602
v -0.03268428525537049 0.16953990941731686 -0.030751538741866678
v -0.024614890870860655 0.17074450322343734 -0.030751538741866678
v -0.03268428525537049 0.16953990941731686 -0.030751538741866678
v -0.03324185495657429 0.17274449401071656 -0.03181950979447178
v -0.0338472500552596 0.17622397872026566 -0.03215624433197391
v -0.025460070004632462 0.17747599026654856 -0.03215624433197391
v -0.025020102246032336 0.1739718063194313 -0.03181950979447178
v -0.01630153036676734 0.1694452130200774 0.0291256478823602
v -0.024348729009245045 0.16862460363272533 0.0291256478823602
v -0.024264809153134805 0.16795620869235153 0.02736027587213627
v -0.024348729009245045 0.16862460363272533 0.0291256478823602
v -0.01630153036676734 0.1694452130200774 0.0291256478823602
v -0.01647189755436615 0.17157484363079445 0.030751538741866678
v -0.024614890870860655 0.17074450322343734 0.030751538741866678
v -0.01647189755436615 0.17157484363079445 0.030751538741866678
v -0.01673126832464263 0.17481704300482462 0.03181950979447178
v -0.017012887592604293 0.1783373989575885 0.03215624433197391
v -0.025460070004632462 0.17747599026654856 0.03215624433197391
v -0.025020102246032336 0.1739718063194313 0.03181950979447178
v -0.024348729009245045 0.16862460363272533 -0.0291256478823602
v -0.01630153036676734 0.1694452130200774 -0.0291256478823602
v -0.016247815520017157 0.16877371029214164 -0.02736027587213627
v -0.01630153036676734 0.1694452130200774 -0.0291256478823602
v -0.024348729009245045 0.16862460363272533 -0.0291256478823602
v -0.024614890870860655 0.17074450322343734 -0.030751538741866678
v -0.01647189755436615 0.17157484363079445 -0.030751538741866678
v -0.024614890870860655 0.17074450322343734 -0.030751538741866678
v -0.025020102246032336 0.1739718063194313 -0.03181950979447178
v -0.025460070004632462 0.17747599026654856 -0.03215624433197391
v -0.017012887592604293 0.1783373989575885 -0.03215624433197391
v -0.01673126832464263 0.17481704300482462 -0.03181950979447178
v -0.008180363502733557 0.16991704998909313 0.0291256478823602
v -0.01630153036676734 0.1694452130200774 0.0291256478823602
v -0.016247815520017157 0.16877371029214164 0.02736027587213627
v -0.01630153036676734 0.1694452130200774 0.0291256478823602
v -0.008180363502733557 0.16991704998909313 0.0291256478823602
v -0.008261952518172314 0.17205183626590453 0.030751538741866678
v -0.01647189755436615 0.17157484363079445 0.030751538741866678
v -0.008261952518172314 0.17205183626590453 0.030751538741866678
v -0.00838617289725057 0.1753019010282088 0.03181950979447178
v -0.008521045122278123 0.17883074584514663 0.03215624433197391
v -0.017012887592604293 0.1783373989575885 0.03215624433197391
v -0.01673126832464263 0.17481704300482462 0.03181950979447178
v -0.01630153036676734 0.1694452130200774 -0.0291256478823602
v -0.008180363502733557 0.16991704998909313 -0.0291256478823602
v -0.008154637927914987 0.1692439310197864 -0.02736027587213627
v -0.008180363502733557 0.16991704998909313 -0.0291256478823602
v -0.01630153036676734 0.1694452130200774 -0.0291256478823602
v -0.01647189755436615 0.17157484363079445 -0.030751538741866678
v -0.008261952518172314 0.17205183626590453 -0.030751538741866678
v -0.01647189755436615 0.17157484363079445 -0.030751538741866678
v -0.01673126832464263 0.17481704300482462 -0.03181950979447178
v -0.017012887592604293 0.1783373989575885 -0.03215624433197391
v -0.008521045122278123 0.17883074584514663 -0.03215624433197391
v -0.00838617289725057 0.1753019010282088 -0.03181950979447178
v 7.145993005158075e-7 0.17006732206884517 0.0291256478823602
v -0.008180363502733557 0.16991704998909313 0.0291256478823602
v -0.008154637927914987 0.1692439310197864 0.02736027587213627
v -0.008180363502733557 0.16991704998909313 0.0291256478823602
v 7.145993005158075e-7 0.17006732206884517 0.0291256478823602
v 7.145993005158075e-7 0.17220365264750068 0.030751538741866678
v -0.008261952518172314 0.17205183626590453 0.030751538741866678
v 7.145993005158075e-7 0.17220365264750068 0.030751538741866678
v 7.145993005158075e-7 0.175455981106918 0.03181950979447178
v 7.145993005158075e-7 0.1789873150314865 0.03215624433197391
v -0.008521045122278123 0.17883074584514663 0.03215624433197391
v -0.00838617289725057 0.1753019010282088 0.03181950979447178
v -0.008180363502733557 0.16991704998909313 -0.0291256478823602
v 7.145993005158075e-7 0.17006732206884517 -0.0291256478823602
v 7.193952689756451e-7 0.16939377146237714 -0.02736027587213627
v 7.145993005158075e-7 0.17006732206884517 -0.0291256478823602
v -0.008180363502733557 0.16991704998909313 -0.0291256478823602
v -0.008261952518172314 0.17205183626590453 -0.030751538741866678
v 7.145993005158075e-7 0.17220365264750068 -0.030751538741866678
v -0.008261952518172314 0.17205183626590453 -0.030751538741866678
v -0.00838617289725057 0.1753019010282088 -0.03181950979447178
v -0.008521045122278123 0.17883074584514663 -0.03215624433197391
v 7.145993005158075e-7 0.1789873150314865 -0.03215624433197391
v 7.145993005158075e-7 0.175455981106918 -0.03181950979447178
v 0.008181797497303049 0.16991704998909313 0.0291256478823602
v 7.145993005158075e-7 0.17006732206884517 0.0291256478823602
v 7.193952689756451e-7 0.16939377146237714 0.02736027587213627
v 7.145993005158075e-7 0.17006732206884517 0.0291256478823602
v 0.008181797497303049 0.16991704998909313 0.0291256478823602
v 0.008263386512741807 0.17205183626590453 0.030751538741866678
v 7.145993005158075e-7 0.17220365264750068 0.030751538741866678
v 0.008263386512741807 0.17205183626590453 0.030751538741866678
v 0.0083876020958516 0.1753019010282088 0.03181950979447178
v 0.008522474320879155 0.17883074584514663 0.03215624433197391
v 7.145993005158075e-7 0.1789873150314865 0.03215624433197391
v 7.145993005158075e-7 0.175455981106918 0.03181950979447178
v 7.145993005158075e-7 0.17006732206884517 -0.0291256478823602
v 0.008181797497303049 0.16991704998909313 -0.0291256478823602
v 0.008156071922484479 0.1692439310197864 -0.02736027587213627
v 0.008181797497303049 0.16991704998909313 -0.0291256478823602
v 7.145993005158075e-7 0.17006732206884517 -0.0291256478823602
v 7.145993005158075e-7 0.17220365264750068 -0.030751538741866678
v 0.008263386512741807 0.17205183626590453 -0.030751538741866678
v 7.145993005158075e-7 0.17220365264750068 -0.030751538741866678
v 7.145993005158075e-7 0.175455981106918 -0.03181950979447178
v 7.145993005158075e-7 0.1789873150314865 -0.03215624433197391
v 0.008522474320879155 0.17883074584514663 -0.03215624433197391
v 0.0083876020958516 0.1753019010282088 -0.03181950979447178
v 0.016302969157305287 0.1694452130200774 0.0291256478823602
v 0.008181797497303049 0.16991704998909313 0.0291256478823602
v 0.008156071922484479 0.1692439310197864 0.02736027587213627
v 0.008181797497303049 0.16991704998909313 0.0291256478823602
v 0.016302969157305287 0.1694452130200774 0.0291256478823602
v 0.0164733363449041 0.17157484363079445 0.030751538741866678
v 0.008263386512741807 0.17205183626590453 0.030751538741866678
v 0.0164733363449041 0.17157484363079445 0.030751538741866678
v 0.01673270231921212 0.17481704300482462 0.03181950979447178
v 0.01701431679120533 0.1783373989575885 0.03215624433197391
v 0.008522474320879155 0.17883074584514663 0.03215624433197391
v 0.0083876020958516 0.1753019010282088 0.03181950979447178
v 0.008181797497303049 0.16991704998909313 -0.0291256478823602
v 0.016302969157305287 0.1694452130200774 -0.0291256478823602
v 0.016249249514586648 0.16877374386392083 -0.02736027587213627
v 0.016302969157305287 0.1694452130200774 -0.0291256478823602
v 0.008181797497303049 0.16991704998909313 -0.0291256478823602
v 0.008263386512741807 0.17205183626590453 -0.030751538741866678
v 0.0164733363449041 0.17157484363079445 -0.030751538741866678
v 0.008263386512741807 0.17205183626590453 -0.030751538741866678
v 0.0083876020958516 0.1753019010282088 -0.03181950979447178
v 0.008522474320879155 0.17883074584514663 -0.03215624433197391
v 0.01701431679120533 0.1783373989575885 -0.03215624433197391
v 0.01673270231921212 0.17481704300482462 -0.03181950979447178
v 0.024350163003814533 0.16862460363272533 0.0291256478823602
v 0.016302969157305287 0.1694452130200774 0.0291256478823602
v 0.016249249514586648 0.16877374386392083 0.02736027587213627
v 0.016302969157305287 0.1694452130200774 0.0291256478823602
v 0.024350163003814533 0.16862460363272533 0.0291256478823602
v 0.024616324865430143 0.17074450322343734 0.030751538741866678
v 0.0164733363449041 0.17157484363079445 0.030751538741866678
v 0.024616324865430143 0.17074450322343734 0.030751538741866678
v 0.025021536240601824 0.1739718063194313 0.03181950979447178
v 0.02546150399920195 0.17747599026654856 0.03215624433197391
v 0.01701431679120533 0.1783373989575885 0.03215624433197391
v 0.01673270231921212 0.17481704300482462 0.03181950979447178
v 0.016302969157305287 0.1694452130200774 -0.0291256478823602
v 0.024350163003814533 0.16862460363272533 -0.0291256478823602
v 0.024266243147704297 0.16795620869235153 -0.02736027587213627
v 0.024350163003814533 0.16862460363272533 -0.0291256478823602
v 0.016302969157305287 0.1694452130200774 -0.0291256478823602
v 0.0164733363449041 0.17157484363079445 -0.030751538741866678
v 0.024616324865430143 0.17074450322343734 -0.030751538741866678
v 0.0164733363449041 0.17157484363079445 -0.030751538741866678
v 0.01673270231921212 0.17481704300482462 -0.03181950979447178
v 0.01701431679120533 0.1783373989575885 -0.03215624433197391
v 0.02546150399920195 0.17747599026654856 -0.03215624433197391
v 0.025021536240601824 0.1739718063194313 -0.03181950979447178
v 0.032319484710441396 0.167434978044168 0.0291256478823602
v 0.024350163003814533 0.16862460363272533 0.0291256478823602
v 0.024266243147704297 0.16795620869235153 0.02736027587213627
v 0.024350163003814533 0.16862460363272533 0.0291256478823602
v 0.032319484710441396 0.167434978044168 0.0291256478823602
v 0.032685724045908436 0.16953994778506454 0.030751538741866678
v 0.024616324865430143 0.17074450322343734 0.030751538741866678
v 0.032685724045908436 0.16953994778506454 0.030751538741866678
v 0.03324328895114378 0.17274452758249575 0.03181950979447178
v 0.03384868404982908 0.17622401229204493 0.03215624433197391
v 0.02546150399920195 0.17747599026654856 0.03215624433197391
v 0.025021536240601824 0.1739718063194313 0.03181950979447178
v 0.024350163003814533 0.16862460363272533 -0.0291256478823602
v 0.032319484710441396 0.167434978044168 -0.0291256478823602
v 0.03220400738186543 0.1667713023367587 -0.02736027587213627
v 0.032319484710441396 0.167434978044168 -0.0291256478823602
v 0.024350163003814533 0.16862460363272533 -0.0291256478823602
v 0.024616324865430143 0.17074450322343734 -0.030751538741866678
v 0.032685724045908436 0.16953994778506454 -0.030751538741866678
v 0.024616324865430143 0.17074450322343734 -0.030751538741866678
v 0.025021536240601824 0.1739718063194313 -0.03181950979447178
v 0.02546150399920195 0.17747599026654856 -0.03215624433197391
v 0.03384868404982908 0.17622401229204493 -0.03215624433197391
v 0.03324328895114378 0.17274452758249575 -0.03181950979447178
v 0.04021187908297247 0.16586510889224088 0.0291256478823602
v 0.032319484710441396 0.167434978044168 0.0291256478823602
v 0.03220400738186543 0.1667713023367587 0.02736027587213627
v 0.032319484710441396 0.167434978044168 0.0291256478823602
v 0.04021187908297247 0.16586510889224088 0.0291256478823602
v 0.04067904477870833 0.16794994995351145 0.030751538741866678
v 0.032685724045908436 0.16953994778506454 0.030751538741866678
v 0.04067904477870833 0.16794994995351145 0.030751538741866678
v 0.041390262921459954 0.17112397943185356 0.03181950979447178
v 0.042162490578989166 0.1745702760396606 0.03215624433197391
v 0.03384868404982908 0.17622401229204493 0.03215624433197391
v 0.03324328895114378 0.17274452758249575 0.03181950979447178
v 0.032319484710441396 0.167434978044168 -0.0291256478823602
v 0.04021187908297247 0.16586510889224088 -0.0291256478823602
v 0.04006458050366547 0.16520772549545087 -0.02736027587213627
v 0.04021187908297247 0.16586510889224088 -0.0291256478823602
v 0.032319484710441396 0.167434978044168 -0.0291256478823602
v 0.032685724045908436 0.16953994778506454 -0.030751538741866678
v 0.04067904477870833 0.16794994995351145 -0.030751538741866678
v 0.032685724045908436 0.16953994778506454 -0.030751538741866678
v 0.03324328895114378 0.17274452758249575 -0.03181950979447178
v 0.03384868404982908 0.17622401229204493 -0.03215624433197391
v 0.042162490578989166 0.1745702760396606 -0.03215624433197391
v 0.041390262921459954 0.17112397943185356 -0.03181950979447178
v 0.04802982084113302 0.1639144398446026 0.0291256478823602
v 0.04021187908297247 0.16586510889224088 0.0291256478823602
v 0.04006458050366547 0.16520772549545087 0.02736027587213627
v 0.04021187908297247 0.16586510889224088 0.0291256478823602
v 0.04802982084113302 0.1639144398446026 0.0291256478823602
v 0.048595160011241756 0.16597480707882267 0.030751538741866678
v 0.04067904477870833 0.16794994995351145 0.030751538741866678
v 0.048595160011241756 0.16597480707882267 0.030751538741866678
v 0.04945584451104422 0.16911154790238953 0.03181950979447178
v 0.050390358149317416 0.1725173377605848 0.03215624433197391
v 0.042162490578989166 0.1745702760396606 0.03215624433197391
v 0.041390262921459954 0.17112397943185356 0.03181950979447178
v 0.04021187908297247 0.16586510889224088 -0.0291256478823602
v 0.04802982084113302 0.1639144398446026 -0.0291256478823602
v 0.04785156908138623 0.16326481632478068 -0.02736027587213627
v 0.04802982084113302 0.1639144398446026 -0.0291256478823602
v 0.04021187908297247 0.16586510889224088 -0.0291256478823602
v 0.04067904477870833 0.16794994995351145 -0.030751538741866678
v 0.048595160011241756 0.16597480707882267 -0.030751538741866678
v 0.04067904477870833 0.16794994995351145 -0.030751538741866678
v 0.041390262921459954 0.17112397943185356 -0.03181950979447178
v 0.042162490578989166 0.1745702760396606 -0.03215624433197391
v 0.050390358149317416 0.1725173377605848 -0.03215624433197391
v 0.04945584451104422 0.16911154790238953 -0.03181950979447178
v 0.055778489630859664 0.16159303763905047 0.0291256478823602
v 0.04802982084113302 0.1639144398446026 0.0291256478823602
v 0.04785156908138623 0.16326481632478068 0.02736027587213627
v 0.04802982084113302 0.1639144398446026 0.0291256478823602
v 0.055778489630859664 0.16159303763905047 0.0291256478823602
v 0.05643606966235646 0.16362578009494191 0.030751538741866678
v 0.048595160011241756 0.16597480707882267 0.030751538741866678
v 0.05643606966235646 0.16362578009494191 0.030751538741866678
v 0.05743718011866297 0.16672044109124212 0.03181950979447178
v 0.05852417198217979 0.17008056853373127 0.03215624433197391
v 0.050390358149317416 0.1725173377605848 0.03215624433197391
v 0.04945584451104422 0.16911154790238953 0.03181950979447178
v 0.04802982084113302 0.1639144398446026 -0.0291256478823602
v 0.055778489630859664 0.16159303763905047 -0.0291256478823602
v 0.055571150322403964 0.16095212359795164 -0.02736027587213627
v 0.055778489630859664 0.16159303763905047 -0.0291256478823602
v 0.04802982084113302 0.1639144398446026 -0.0291256478823602
v 0.048595160011241756 0.16597480707882267 -0.030751538741866678
v 0.05643606966235646 0.16362578009494191 -0.030751538741866678
v 0.048595160011241756 0.16597480707882267 -0.030751538741866678
v 0.04945584451104422 0.16911154790238953 -0.03181950979447178
v 0.050390358149317416 0.1725173377605848 -0.03215624433197391
v 0.05852417198217979 0.17008056853373127 -0.03215624433197391
v 0.05743718011866297 0.16672044109124212 -0.03181950979447178
v 0.06346202916890173 0.15892114126248494 0.0291256478823602
v 0.055778489630859664 0.16159303763905047 0.0291256478823602
v 0.055571150322403964 0.16095212359795164 0.02736027587213627
v 0.055778489630859664 0.16159303763905047 0.0291256478823602
v 0.06346202916890173 0.15892114126248494 0.0291256478823602
v 0.06420361058797257 0.16092464269867676 0.030751538741866678
v 0.05643606966235646 0.16362578009494191 0.030751538741866678
v 0.06420361058797257 0.16092464269867676 0.030751538741866678
v 0.06533258635938682 0.16397484986332272 0.03181950979447178
v 0.06655840712191055 0.16728671547520052 0.03215624433197391
v 0.05852417198217979 0.17008056853373127 0.03215624433197391
v 0.05743718011866297 0.16672044109124212 0.03181950979447178
v 0.055778489630859664 0.16159303763905047 -0.0291256478823602
v 0.06346202916890173 0.15892114126248494 -0.0291256478823602
v 0.06322821611454772 0.15828940670501823 -0.02736027587213627
v 0.06346202916890173 0.15892114126248494 -0.0291256478823602
v 0.055778489630859664 0.16159303763905047 -0.0291256478823602
v 0.05643606966235646 0.16362578009494191 -0.030751538741866678
v 0.06420361058797257 0.16092464269867676 -0.030751538741866678
v 0.05643606966235646 0.16362578009494191 -0.030751538741866678
v 0.05743718011866297 0.16672044109124212 -0.03181950979447178
v 0.05852417198217979 0.17008056853373127 -0.03215624433197391
v 0.06655840712191055 0.16728671547520052 -0.03215624433197391
v 0.06533258635938682 0.16397484986332272 -0.03181950979447178
v 0.07107788320407009 0.15592921950253139 0.0291256478823602
v 0.06346202916890173 0.15892114126248494 0.0291256478823602
v 0.06322821611454772 0.15828940670501823 0.02736027587213627
v 0.06346202916890173 0.15892114126248494 0.0291256478823602
v 0.07107788320407009 0.15592921950253139 0.0291256478823602
v 0.07189540398773402 0.15790290440280835 0.030751538741866678
v 0.06420361058797257 0.16092464269867676 0.030751538741866678
v 0.07189540398773402 0.15790290440280835 0.030751538741866678
v 0.07314002494662032 0.16090766497032893 0.03181950979447178
v 0.07449140895939106 0.16417020404659732 0.03215624433197391
v 0.06655840712191055 0.16728671547520052 0.03215624433197391
v 0.06533258635938682 0.16397484986332272 0.03181950979447178
v 0.06346202916890173 0.15892114126248494 -0.0291256478823602
v 0.07107788320407009 0.15592921950253139 -0.0291256478823602
v 0.07082011428725919 0.1553069282069621 -0.02736027587213627
v 0.07107788320407009 0.15592921950253139 -0.0291256478823602
v 0.06346202916890173 0.15892114126248494 -0.0291256478823602
v 0.06420361058797257 0.16092464269867676 -0.030751538741866678
v 0.07189540398773402 0.15790290440280835 -0.030751538741866678
v 0.06420361058797257 0.16092464269867676 -0.030751538741866678
v 0.06533258635938682 0.16397484986332272 -0.03181950979447178
v 0.06655840712191055 0.16728671547520052 -0.03215624433197391
v 0.07449140895939106 0.16417020404659732 -0.03215624433197391
v 0.07314002494662032 0.16090766497032893 -0.03181950979447178
v 0.07857869634379235 0.15265958239294244 0.0291256478823602
v 0.07107788320407009 0.15592921950253139 0.0291256478823602
v 0.07082011428725919 0.1553069282069621 0.02736027587213627
v 0.07107788320407009 0.15592921950253139 0.0291256478823602
v 0.07857869634379235 0.15265958239294244 0.0291256478823602
v 0.07947103423542971 0.15460066429962951 0.030751538741866678
v 0.07189540398773402 0.15790290440280835 0.030751538741866678
v 0.07947103423542971 0.15460066429962951 0.030751538741866678
v 0.0808295306694264 0.15755580577746453 0.03181950979447178
v 0.08230457872893408 0.16076441418840204 0.03215624433197391
v 0.07449140895939106 0.16417020404659732 0.03215624433197391
v 0.07314002494662032 0.16090766497032893 0.03181950979447178
v 0.07107788320407009 0.15592921950253139 -0.0291256478823602
v 0.07857869634379235 0.15265958239294244 -0.0291256478823602
v 0.07829734085409595 0.15204757365375107 -0.02736027587213627
v 0.07857869634379235 0.15265958239294244 -0.0291256478823602
v 0.07107788320407009 0.15592921950253139 -0.0291256478823602
v 0.07189540398773402 0.15790290440280835 -0.030751538741866678
v 0.07947103423542971 0.15460066429962951 -0.030751538741866678
v 0.07189540398773402 0.15790290440280835 -0.030751538741866678
v 0.07314002494662032 0.16090766497032893 -0.03181950979447178
v 0.07449140895939106 0.16417020404659732 -0.03215624433197391
v 0.08230457872893408 0.16076441418840204 -0.03215624433197391
v 0.0808295306694264 0.15755580577746453 -0.03181950979447178
v 0.08590112343665092 0.14911584609393694 0.0291256478823602
v 0.07857869634379235 0.15265958239294244 0.0291256478823602
v 0.07829734085409595 0.15204757365375107 0.02736027587213627
v 0.07857869634379235 0.15265958239294244 0.0291256478823602
v 0.08590112343665092 0.14911584609393694 0.0291256478823602
v 0.08687350604188299 0.15101821494321613 0.030751538741866678
v 0.07947103423542971 0.15460066429962951 0.030751538741866678
v 0.08687350604188299 0.15101821494321613 0.030751538741866678
v 0.08835385844250723 0.1539143372331844 0.03181950979447178
v 0.0899612176798849 0.1570589482409938 0.03215624433197391
v 0.08230457872893408 0.16076441418840204 0.03215624433197391
v 0.0808295306694264 0.15755580577746453 0.03181950979447178
v 0.07857869634379235 0.15265958239294244 -0.0291256478823602
v 0.08590112343665092 0.14911584609393694 -0.0291256478823602
v 0.08559452676495041 0.14851605748238117 -0.02736027587213627
v 0.08590112343665092 0.14911584609393694 -0.0291256478823602
v 0.07857869634379235 0.15265958239294244 -0.0291256478823602
v 0.07947103423542971 0.15460066429962951 -0.030751538741866678
v 0.08687350604188299 0.15101821494321613 -0.030751538741866678
v 0.07947103423542971 0.15460066429962951 -0.030751538741866678
v 0.0808295306694264 0.15755580577746453 -0.03181950979447178
v 0.08230457872893408 0.16076441418840204 -0.03215624433197391
v 0.0899612176798849 0.1570589482409938 -0.03215624433197391
v 0.08835385844250723 0.1539143372331844 -0.03181950979447178
v 0.09302173138075108 0.1452781744799648 0.0291256478823602
v 0.08590112343665092 0.14911584609393694 0.0291256478823602
v 0.08559452676495041 0.14851605748238117 0.02736027587213627
v 0.08590112343665092 0.14911584609393694 0.0291256478823602
v 0.09302173138075108 0.1452781744799648 0.0291256478823602
v 0.09407888272851078 0.14713484254579018 0.030751538741866678
v 0.08687350604188299 0.15101821494321613 0.030751538741866678
v 0.09407888272851078 0.14713484254579018 0.030751538741866678
v 0.09568828984442079 0.14996144727293315 0.03181950979447178
v 0.09743576330035261 0.15303053616540552 0.03215624433197391
v 0.0899612176798849 0.1570589482409938 0.03215624433197391
v 0.08835385844250723 0.1539143372331844 0.03181950979447178
v 0.08590112343665092 0.14911584609393694 -0.0291256478823602
v 0.09302173138075108 0.1452781744799648 -0.0291256478823602
v 0.09268841157279235 0.1446927689778201 -0.02736027587213627
v 0.09302173138075108 0.1452781744799648 -0.0291256478823602
v 0.08590112343665092 0.14911584609393694 -0.0291256478823602
v 0.08687350604188299 0.15101821494321613 -0.030751538741866678
v 0.09407888272851078 0.14713484254579018 -0.030751538741866678
v 0.08687350604188299 0.15101821494321613 -0.030751538741866678
v 0.08835385844250723 0.1539143372331844 -0.03181950979447178
v 0.0899612176798849 0.1570589482409938 -0.03215624433197391
v 0.09743576330035261 0.15303053616540552 -0.03215624433197391
v 0.09568828984442079 0.14996144727293315 -0.03181950979447178
v 0.09992917291471683 0.14112938359603455 0.0291256478823602
v 0.09302173138075108 0.1452781744799648 0.0291256478823602
v 0.09268841157279235 0.1446927689778201 0.02736027587213627
v 0.09302173138075108 0.1452781744799648 0.0291256478823602
v 0.09992917291471683 0.14112938359603455 0.0291256478823602
v 0.1010730593520727 0.14293394346454383 0.030751538741866678
v 0.09407888272851078 0.14713484254579018 0.030751538741866678
v 0.1010730593520727 0.14293394346454383 0.030751538741866678
v 0.10281452345952434 0.14568121807739268 0.03181950979447178
v 0.10470538198449993 0.1486641713763263 0.03215624433197391
v 0.09743576330035261 0.15303053616540552 0.03215624433197391
v 0.09568828984442079 0.14996144727293315 0.03181950979447178
v 0.09302173138075108 0.1452781744799648 -0.0291256478823602
v 0.09992917291471683 0.14112938359603455 -0.0291256478823602
v 0.09956850169863166 0.14056040428586483 -0.02736027587213627
v 0.09992917291471683 0.14112938359603455 -0.0291256478823602
v 0.09302173138075108 0.1452781744799648 -0.0291256478823602
v 0.09407888272851078 0.14713484254579018 -0.030751538741866678
v 0.1010730593520727 0.14293394346454383 -0.030751538741866678
v 0.09407888272851078 0.14713484254579018 -0.030751538741866678
v 0.09568828984442079 0.14996144727293315 -0.03181950979447178
v 0.09743576330035261 0.15303053616540552 -0.03215624433197391
v 0.10470538198449993 0.1486641713763263 -0.03215624433197391
v 0.10281452345952434 0.14568121807739268 -0.03181950979447178
v 0.1066200285130363 0.1366587016969854 0.0291256478823602
v 0.09992917291471683 0.14112938359603455 0.0291256478823602
v 0.09956850169863166 0.14056040428586483 0.02736027587213627
v 0.09992917291471683 0.14112938359603455 0.0291256478823602
v 0.1066200285130363 0.1366587016969854 0.0291256478823602
v 0.10784947023174722 0.1384061080093588 0.030751538741866678
v 0.1010730593520727 0.14293394346454383 0.030751538741866678
v 0.10784947023174722 0.1384061080093588 0.030751538741866678
v 0.10972119763853652 0.14106633579466157 0.03181950979447178
v 0.11175348927339271 0.1439548133109049 0.03215624433197391
v 0.10470538198449993 0.1486641713763263 0.03215624433197391
v 0.10281452345952434 0.14568121807739268 0.03181950979447178
v 0.09992917291471683 0.14112938359603455 -0.0291256478823602
v 0.1066200285130363 0.1366587016969854 -0.0291256478823602
v 0.10623237997436455 0.13610776002419311 -0.02736027587213627
v 0.1066200285130363 0.1366587016969854 -0.0291256478823602
v 0.09992917291471683 0.14112938359603455 -0.0291256478823602
v 0.1010730593520727 0.14293394346454383 -0.030751538741866678
v 0.10784947023174722 0.1384061080093588 -0.030751538741866678
v 0.1010730593520727 0.14293394346454383 -0.030751538741866678
v 0.10281452345952434 0.14568121807739268 -0.03181950979447178
v 0.10470538198449993 0.1486641713763263 -0.03215624433197391
v 0.11175348927339271 0.1439548133109049 -0.03215624433197391
v 0.10972119763853652 0.14106633579466157 -0.03181950979447178
v 0.11309637003408417 0.13186474754390093 0.0291256478823602
v 0.1066200285130363 0.1366587016969854 0.0291256478823602
v 0.10623237997436455 0.13610776002419311 0.02736027587213627
v 0.1066200285130363 0.1366587016969854 0.0291256478823602
v 0.11309637003408417 0.13186474754390093 0.0291256478823602
v 0.1144071561738424 0.1335519260843557 0.030751538741866678
v 0.10784947023174722 0.1384061080093588 0.030751538741866678
v 0.1144071561738424 0.1335519260843557 0.030751538741866678
v 0.1164026915064224 0.13612053168820165 0.03181950979447178
v 0.11856942372914477 0.13890948326696642 0.03215624433197391
v 0.11175348927339271 0.1439548133109049 0.03215624433197391
v 0.10972119763853652 0.14106633579466157 0.03181950979447178
v 0.1066200285130363 0.1366587016969854 -0.0291256478823602
v 0.11309637003408417 0.13186474754390093 -0.0291256478823602
v 0.11268309183996303 0.1313327931102411 -0.02736027587213627
v 0.11309637003408417 0.13186474754390093 -0.0291256478823602
v 0.1066200285130363 0.1366587016969854 -0.0291256478823602
v 0.10784947023174722 0.1384061080093588 -0.030751538741866678
v 0.1144071561738424 0.1335519260843557 -0.030751538741866678
v 0.10784947023174722 0.1384061080093588 -0.030751538741866678
v 0.10972119763853652 0.14106633579466157 -0.03181950979447178
v 0.11175348927339271 0.1439548133109049 -0.03215624433197391
v 0.11856942372914477 0.13890948326696642 -0.03215624433197391
v 0.1164026915064224 0.13612053168820165 -0.03181950979447178
v 0.11936685899689888 0.12675475825318694 0.0291256478823602
v 0.11309637003408417 0.13186474754390093 0.0291256478823602
v 0.11268309183996303 0.1313327931102411 0.02736027587213627
v 0.11309637003408417 0.13186474754390093 0.0291256478823602
v 0.11936685899689888 0.12675475825318694 0.0291256478823602
v 0.12075228479379757 0.12838112391357095 0.030751538741866678
v 0.1144071561738424 0.1335519260843557 0.030751538741866678
v 0.12075228479379757 0.12838112391357095 0.030751538741866678
v 0.12286146059903343 0.1308571193664575 0.03181950979447178
v 0.12515157870232202 0.1335454850987141 0.03215624433197391
v 0.11856942372914477 0.13890948326696642 0.03215624433197391
v 0.1164026915064224 0.13612053168820165 0.03181950979447178
v 0.11309637003408417 0.13186474754390093 -0.0291256478823602
v 0.11936685899689888 0.12675475825318694 -0.0291256478823602
v 0.11893003259763994 0.12624198289739805 -0.02736027587213627
v 0.11936685899689888 0.12675475825318694 -0.0291256478823602
v 0.11309637003408417 0.13186474754390093 -0.0291256478823602
v 0.1144071561738424 0.1335519260843557 -0.030751538741866678
v 0.12075228479379757 0.12838112391357095 -0.030751538741866678
v 0.1144071561738424 0.1335519260843557 -0.030751538741866678
v 0.1164026915064224 0.13612053168820165 -0.03181950979447178
v 0.11856942372914477 0.13890948326696642 -0.03215624433197391
v 0.12515157870232202 0.1335454850987141 -0.03215624433197391
v 0.12286146059903343 0.1308571193664575 -0.03181950979447178
v 0.12544302970562637 0.12134586502418208 0.0291256478823602
v 0.11936685899689888 0.12675475825318694 0.0291256478823602
v 0.11893003259763994 0.12624198289739805 0.02736027587213627
v 0.11936685899689888 0.12675475825318694 0.0291256478823602
v 0.12544302970562637 0.12134586502418208 0.0291256478823602
v 0.12689487007375685 0.12291310118942472 0.030751538741866678
v 0.12075228479379757 0.12838112391357095 0.030751538741866678
v 0.12689487007375685 0.12291310118942472 0.030751538741866678
v 0.12910516407799993 0.12529908590625707 0.03181950979447178
v 0.13150507628723962 0.12788971939323907 0.03215624433197391
v 0.12515157870232202 0.1335454850987141 0.03215624433197391
v 0.12286146059903343 0.1308571193664575 0.03181950979447178
v 0.11936685899689888 0.12675475825318694 -0.0291256478823602
v 0.12544302970562637 0.12134586502418208 -0.0291256478823602
v 0.1249852593121033 0.12085171241392269 -0.02736027587213627
v 0.12544302970562637 0.12134586502418208 -0.0291256478823602
v 0.11936685899689888 0.12675475825318694 -0.0291256478823602
v 0.12075228479379757 0.12838112391357095 -0.030751538741866678
v 0.12689487007375685 0.12291310118942472 -0.030751538741866678
v 0.12075228479379757 0.12838112391357095 -0.030751538741866678
v 0.12286146059903343 0.1308571193664575 -0.03181950979447178
v 0.12515157870232202 0.1335454850987141 -0.03215624433197391
v 0.13150507628723962 0.12788971939323907 -0.03215624433197391
v 0.12910516407799993 0.12529908590625707 -0.03181950979447178
v 0.12927020294463987 0.11765679169696958 0.0291256478823602
v 0.12544302970562637 0.12134586502418208 0.0291256478823602
v 0.1249852593121033 0.12085171241392269 0.02736027587213627
v 0.12544302970562637 0.12134586502418208 0.0291256478823602
v 0.12927020294463987 0.11765679169696958 0.0291256478823602
v 0.1319231600417575 0.11806623791229132 0.030751538741866678
v 0.12689487007375685 0.12291310118942472 0.030751538741866678
v 0.1319231600417575 0.11806623791229132 0.030751538741866678
v 0.13494880705192064 0.11966625931792543 0.03181950979447178
v 0.13764158027919185 0.12197463567314061 0.03215624433197391
v 0.13150507628723962 0.12788971939323907 0.03215624433197391
v 0.12910516407799993 0.12529908590625707 0.03181950979447178
v 0.12927020294463987 0.11765679169696958 -0.0291256478823602
v 0.12927020294463987 0.11765679169696958 0.0291256478823602
v 0.12753179866506562 0.11839704942874556 0.02736027587213627
v 0.12927020294463987 0.11765679169696958 0.0291256478823602
v 0.12927020294463987 0.11765679169696958 -0.0291256478823602
v 0.1319231600417575 0.11806623791229132 -0.030751538741866678
v 0.1319231600417575 0.11806623791229132 0.030751538741866678
v 0.1319231600417575 0.11806623791229132 -0.030751538741866678
v 0.13494880705192064 0.11966625931792543 -0.03181950979447178
v 0.13764158027919185 0.12197463567314061 -0.03215624433197391
v 0.13764158027919185 0.12197463567314061 0.03215624433197391
v 0.13494880705192064 0.11966625931792543 0.03181950979447178
v 0.12544302970562637 0.12134586502418208 -0.0291256478823602
v 0.12927020294463987 0.11765679169696958 -0.0291256478823602
v 0.12753179866506562 0.11839704942874556 -0.02736027587213627
v 0.12927020294463987 0.11765679169696958 -0.0291256478823602
v 0.12544302970562637 0.12134586502418208 -0.0291256478823602
v 0.12689487007375685 0.12291310118942472 -0.030751538741866678
v 0.1319231600417575 0.11806623791229132 -0.030751538741866678
v 0.12689487007375685 0.12291310118942472 -0.030751538741866678
v 0.12910516407799993 0.12529908590625707 -0.03181950979447178
v 0.13150507628723962 0.12788971939323907 -0.03215624433197391
v 0.13764158027919185 0.12197463567314061 -0.03215624433197391
v 0.13494880705192064 0.11966625931792543 -0.03181950979447178
v -0.19188950851562123 0.01818172025990403 -0.03215624433197391
v -0.20083562511846323 0.019738271007418203 -0.03215624433197391
v -0.2027641943434385 0.02012188613661525 -0.034122591400507336
v -0.19188950851562123 0.01818172025990403 0.03215624433197391
v -0.19188950851562123 0.01818172025990403 -0.03215624433197391
v -0.18996096327048823 0.01779807155892778 -0.034122591400507336
v -0.20083562511846323 0.019738271007418203 0.03215624433197391
v -0.19188950851562123 0.01818172025990403 0.03215624433197391
v -0.18996096327048823 0.01779807155892778 0.034122591400507336
v -0.20083562511846323 0.019738271007418203 -0.03215624433197391
v -0.20083562511846323 0.019738271007418203 0.03215624433197391
v -0.2027641943434385 0.02012188613661525 0.034122591400507336
v -0.18822502411870232 0.062299383300915244 -0.03215624433197391
v -0.17983570027017365 0.058824435577529095 -0.03215624433197391
v -0.17800552513412038 0.05810543357796716 -0.034122591400507336
v -0.17983570027017365 0.058824435577529095 -0.03215624433197391
v -0.17983570027017365 0.058824435577529095 0.03215624433197391
v -0.17800552513412038 0.05810543357796716 0.034122591400507336
v -0.17983570027017365 0.058824435577529095 0.03215624433197391
v -0.18822502411870232 0.062299383300915244 0.03215624433197391
v -0.1900552184386294 0.06301834693272947 0.034122591400507336
v -0.18822502411870232 0.062299383300915244 0.03215624433197391
v -0.18822502411870232 0.062299383300915244 -0.03215624433197391
v -0.1900552184386294 0.06301834693272947 -0.034122591400507336
v 0.17983717742845926 0.05882446914930829 -0.03215624433197391
v 0.18822648209311407 0.06229945524044209 -0.03215624433197391
v 0.19005669559691504 0.06301838050450867 -0.034122591400507336
v 0.17983717742845926 0.05882446914930829 0.03215624433197391
v 0.17983717742845926 0.05882446914930829 -0.03215624433197391
v 0.178007002292406 0.05810550551749408 -0.034122591400507336
v 0.18822648209311407 0.06229945524044209 0.03215624433197391
v 0.17983717742845926 0.05882446914930829 0.03215624433197391
v 0.178007002292406 0.05810550551749408 0.034122591400507336
v 0.18822648209311407 0.06229945524044209 -0.03215624433197391
v 0.18822648209311407 0.06229945524044209 0.03215624433197391
v 0.19005669559691504 0.06301838050450867 0.034122591400507336
v 0.20083712146062266 0.01973834774291357 -0.03215624433197391
v 0.19189100485778068 0.01818175383168323 -0.03215624433197391
v 0.18996244042877386 0.017798143498454704 -0.034122591400507336
v 0.19189100485778068 0.01818175383168323 -0.03215624433197391
v 0.19189100485778068 0.01818175383168323 0.03215624433197391
v 0.18996244042877386 0.017798143498454704 0.034122591400507336
v 0.19189100485778068 0.01818175383168323 0.03215624433197391
v 0.20083712146062266 0.01973834774291357 0.03215624433197391
v 0.20276567150172412 0.020121958076142102 0.034122591400507336
v 0.20083712146062266 0.01973834774291357 0.03215624433197391
v 0.20083712146062266 0.01973834774291357 -0.03215624433197391
v 0.20276567150172412 0.020121958076142102 -0.034122591400507336
v -0.20357015204714576 -0.006797549110661231 -0.03215624433197391
v -0.19449626125259678 -0.007144499060982835 -0.03215624433197391
v -0.2037325771109751 -0.015582780155549508 -0.03215624433197391
v -0.19449626125259678 -0.007144499060982835 -0.03215624433197391
v -0.19449626125259678 -0.007144499060982835 0.03215624433197391
v -0.19465359779389022 -0.015749742205541834 -0.03215624433197391
v -0.19449626125259678 -0.007144499060982835 0.03215624433197391
v -0.20357015204714576 -0.006797549110661231 0.03215624433197391
v -0.19465359779389022 -0.015749742205541834 0.03215624433197391
v -0.20357015204714576 -0.006797549110661231 0.03215624433197391
v -0.20357015204714576 -0.006797549110661231 -0.03215624433197391
v -0.2037325771109751 -0.015582780155549508 0.03215624433197391
v -0.20305449911028095 0.0020716161782426447 -0.03215624433197391
v -0.19400291436503866 0.0013473482053118118 -0.03215624433197391
v -0.20357015204714576 -0.006797549110661231 -0.03215624433197391
v -0.19400291436503866 0.0013473482053118118 -0.03215624433197391
v -0.19400291436503866 0.0013473482053118118 0.03215624433197391
v -0.19449626125259678 -0.007144499060982835 -0.03215624433197391
v -0.19400291436503866 0.0013473482053118118 0.03215624433197391
v -0.20305449911028095 0.0020716161782426447 0.03215624433197391
v -0.19449626125259678 -0.007144499060982835 0.03215624433197391
v -0.20305449911028095 0.0020716161782426447 0.03215624433197391
v -0.20305449911028095 0.0020716161782426447 -0.03215624433197391
v -0.20357015204714576 -0.006797549110661231 0.03215624433197391
v -0.20215128875814511 0.010925856413299566 -0.03215624433197391
v -0.19314152006190413 0.009794521025403067 -0.03215624433197391
v -0.20305449911028095 0.0020716161782426447 -0.03215624433197391
v -0.19314152006190413 0.009794521025403067 -0.03215624433197391
v -0.19314152006190413 0.009794521025403067 0.03215624433197391
v -0.19400291436503866 0.0013473482053118118 -0.03215624433197391
v -0.19314152006190413 0.009794521025403067 0.03215624433197391
v -0.20215128875814511 0.010925856413299566 0.03215624433197391
v -0.19400291436503866 0.0013473482053118118 0.03215624433197391
v -0.20215128875814511 0.010925856413299566 0.03215624433197391
v -0.20215128875814511 0.010925856413299566 -0.03215624433197391
v -0.20305449911028095 0.0020716161782426447 0.03215624433197391
v -0.20083562511846323 0.019738271007418203 -0.03215624433197391
v -0.19188950851562123 0.01818172025990403 -0.03215624433197391
v -0.20215128875814511 0.010925856413299566 -0.03215624433197391
v -0.19188950851562123 0.01818172025990403 -0.03215624433197391
v -0.19188950851562123 0.01818172025990403 0.03215624433197391
v -0.19314152006190413 0.009794521025403067 -0.03215624433197391
v -0.19188950851562123 0.01818172025990403 0.03215624433197391
v -0.20083562511846323 0.019738271007418203 0.03215624433197391
v -0.19314152006190413 0.009794521025403067 0.03215624433197391
v -0.20083562511846323 0.019738271007418203 0.03215624433197391
v -0.20083562511846323 0.019738271007418203 -0.03215624433197391
v -0.20215128875814511 0.010925856413299566 0.03215624433197391
v -0.20101590557286853 0.028910992324019037 -0.03313998379051888
v -0.1883164832372314 0.02606543872549125 -0.03313998379051888
v -0.2027641943434385 0.02012188613661525 -0.034122591400507336
v -0.1883164832372314 0.02606543872549125 -0.03313998379051888
v -0.1883164832372314 0.02606543872549125 0.03313998379051888
v -0.18996096327048823 0.01779807155892778 -0.034122591400507336
v -0.1883164832372314 0.02606543872549125 0.03313998379051888
v -0.20101590557286853 0.028910992324019037 0.03313998379051888
v -0.18996096327048823 0.01779807155892778 0.034122591400507336
v -0.20101590557286853 0.028910992324019037 0.03313998379051888
v -0.20101590557286853 0.028910992324019037 -0.03313998379051888
v -0.2027641943434385 0.02012188613661525 0.034122591400507336
v -0.19883653117728603 0.03764642203242035 -0.03313995021873966
v -0.1862860860099169 0.03420290708632002 -0.03313995021873966
v -0.20101590557286853 0.028910992324019037 -0.03313998379051888
v -0.1862860860099169 0.03420290708632002 -0.03313995021873966
v -0.1862860860099169 0.03420290708632002 0.03313995021873966
v -0.1883164832372314 0.02606543872549125 -0.03313998379051888
v -0.1862860860099169 0.03420290708632002 0.03313995021873966
v -0.19883653117728603 0.03764642203242035 0.03313995021873966
v -0.1883164832372314 0.02606543872549125 0.03313998379051888
v -0.19883653117728603 0.03764642203242035 0.03313995021873966
v -0.19883653117728603 0.03764642203242035 -0.03313995021873966
v -0.20101590557286853 0.028910992324019037 0.03313998379051888
v -0.19625718740005843 0.04625722850039283 -0.03313987827921276
v -0.1838747450078374 0.042251832277443266 -0.033139883075181224
v -0.19883653117728603 0.03764642203242035 -0.03313995021873966
v -0.1838747450078374 0.042251832277443266 -0.033139883075181224
v -0.1838747450078374 0.042251832277443266 0.033139883075181224
v -0.1862860860099169 0.03420290708632002 -0.03313995021873966
v -0.1838747450078374 0.042251832277443266 0.033139883075181224
v -0.19625718740005843 0.04625722850039283 0.03313987827921276
v -0.1862860860099169 0.03420290708632002 0.03313995021873966
v -0.19625718740005843 0.04625722850039283 0.03313987827921276
v -0.19625718740005843 0.04625722850039283 -0.03313987827921276
v -0.19883653117728603 0.03764642203242035 0.03313995021873966
v -0.1933126354205827 0.054725916034994916 -0.033139806339685864
v -0.18110776376058713 0.0502087276297907 -0.03313980154371741
v -0.19625718740005843 0.04625722850039283 -0.03313987827921276
v -0.18110776376058713 0.0502087276297907 -0.03313980154371741
v -0.18110776376058713 0.0502087276297907 0.03313980154371741
v -0.1838747450078374 0.042251832277443266 -0.033139883075181224
v -0.18110776376058713 0.0502087276297907 0.03313980154371741
v -0.1933126354205827 0.054725916034994916 0.033139806339685864
v -0.1838747450078374 0.042251832277443266 0.033139883075181224
v -0.1933126354205827 0.054725916034994916 0.033139806339685864
v -0.1933126354205827 0.054725916034994916 -0.033139806339685864
v -0.19625718740005843 0.04625722850039283 0.03313987827921276
v -0.1900552184386294 0.06301834693272947 -0.034122591400507336
v -0.17800552513412038 0.05810543357796716 -0.034122591400507336
v -0.1933126354205827 0.054725916034994916 -0.033139806339685864
v -0.17800552513412038 0.05810543357796716 -0.034122591400507336
v -0.17800552513412038 0.05810543357796716 0.034122591400507336
v -0.18110776376058713 0.0502087276297907 -0.03313980154371741
v -0.17800552513412038 0.05810543357796716 0.034122591400507336
v -0.1900552184386294 0.06301834693272947 0.034122591400507336
v -0.18110776376058713 0.0502087276297907 0.03313980154371741
v -0.1900552184386294 0.06301834693272947 0.034122591400507336
v -0.1900552184386294 0.06301834693272947 -0.034122591400507336
v -0.1933126354205827 0.054725916034994916 0.033139806339685864
v -0.18468033342197326 0.07043055935112472 -0.03215624433197391
v -0.17642992959585224 0.06663760534707214 -0.03215624433197391
v -0.18822502411870232 0.062299383300915244 -0.03215624433197391
v -0.17642992959585224 0.06663760534707214 -0.03215624433197391
v -0.17642992959585224 0.06663760534707214 0.03215624433197391
v -0.17983570027017365 0.058824435577529095 -0.03215624433197391
v -0.17642992959585224 0.06663760534707214 0.03215624433197391
v -0.18468033342197326 0.07043055935112472 0.03215624433197391
v -0.17983570027017365 0.058824435577529095 0.03215624433197391
v -0.18468033342197326 0.07043055935112472 0.03215624433197391
v -0.18468033342197326 0.07043055935112472 -0.03215624433197391
v -0.18822502411870232 0.062299383300915244 0.03215624433197391
v -0.18080984779179896 0.0784272660376572 -0.03215624433197391
v -0.1727244444645702 0.07429424429802296 -0.03215624433197391
v -0.18468033342197326 0.07043055935112472 -0.03215624433197391
v -0.1727244444645702 0.07429424429802296 -0.03215624433197391
v -0.1727244444645702 0.07429424429802296 0.03215624433197391
v -0.17642992959585224 0.06663760534707214 -0.03215624433197391
v -0.1727244444645702 0.07429424429802296 0.03215624433197391
v -0.18080984779179896 0.0784272660376572 0.03215624433197391
v -0.17642992959585224 0.06663760534707214 0.03215624433197391
v -0.18080984779179896 0.0784272660376572 0.03215624433197391
v -0.18080984779179896 0.0784272660376572 -0.03215624433197391
v -0.18468033342197326 0.07043055935112472 0.03215624433197391
v -0.1765870119508173 0.08626187858218416 -0.03215624433197391
v -0.16869603238898187 0.08176877073461679 -0.03215624433197391
v -0.18080984779179896 0.0784272660376572 -0.03215624433197391
v -0.16869603238898187 0.08176877073461679 -0.03215624433197391
v -0.16869603238898187 0.08176877073461679 0.03215624433197391
v -0.1727244444645702 0.07429424429802296 -0.03215624433197391
v -0.16869603238898187 0.08176877073461679 0.03215624433197391
v -0.1765870119508173 0.08626187858218416 0.03215624433197391
v -0.1727244444645702 0.07429424429802296 0.03215624433197391
v -0.1765870119508173 0.08626187858218416 0.03215624433197391
v -0.1765870119508173 0.08626187858218416 -0.03215624433197391
v -0.18080984779179896 0.0784272660376572 0.03215624433197391
v -0.17199915015438894 0.09390000509488 -0.03215624433197391
v -0.1643296867837765 0.08903839421473261 -0.03215624433197391
v -0.1765870119508173 0.08626187858218416 -0.03215624433197391
v -0.1643296867837765 0.08903839421473261 -0.03215624433197391
v -0.1643296867837765 0.08903839421473261 0.03215624433197391
v -0.16869603238898187 0.08176877073461679 -0.03215624433197391
v -0.1643296867837765 0.08903839421473261 0.03215624433197391
v -0.17199915015438894 0.09390000509488 0.03215624433197391
v -0.16869603238898187 0.08176877073461679 0.03215624433197391
v -0.17199915015438894 0.09390000509488 0.03215624433197391
v -0.17199915015438894 0.09390000509488 -0.03215624433197391
v -0.1765870119508173 0.08626187858218416 0.03215624433197391
v -0.16704682832679213 0.10131170434465005 -0.03215624433197391
v -0.15962029035060737 0.09608649670765694 -0.03215624433197391
v -0.17199915015438894 0.09390000509488 -0.03215624433197391
v -0.15962029035060737 0.09608649670765694 -0.03215624433197391
v -0.15962029035060737 0.09608649670765694 0.03215624433197391
v -0.1643296867837765 0.08903839421473261 -0.03215624433197391
v -0.15962029035060737 0.09608649670765694 0.03215624433197391
v -0.16704682832679213 0.10131170434465005 0.03215624433197391
v -0.1643296867837765 0.08903839421473261 0.03215624433197391
v -0.16704682832679213 0.10131170434465005 0.03215624433197391
v -0.16704682832679213 0.10131170434465005 -0.03215624433197391
v -0.17199915015438894 0.09390000509488 0.03215624433197391
v -0.16174582520425976 0.10847331302311329 -0.03215624433197391
v -0.15457496030666895 0.1029024359593774 -0.03215624433197391
v -0.16704682832679213 0.10131170434465005 -0.03215624433197391
v -0.15457496030666895 0.1029024359593774 -0.03215624433197391
v -0.15457496030666895 0.1029024359593774 0.03215624433197391
v -0.15962029035060737 0.09608649670765694 -0.03215624433197391
v -0.15457496030666895 0.1029024359593774 0.03215624433197391
v -0.16174582520425976 0.10847331302311329 0.03215624433197391
v -0.15962029035060737 0.09608649670765694 0.03215624433197391
v -0.16174582520425976 0.10847331302311329 0.03215624433197391
v -0.16174582520425976 0.10847331302311329 -0.03215624433197391
v -0.16704682832679213 0.10131170434465005 0.03215624433197391
v -0.15612359291025593 0.11537289396477336 -0.03215624433197391
v -0.1492110005061643 0.10948459572852316 -0.03215624433197391
v -0.16174582520425976 0.10847331302311329 -0.03215624433197391
v -0.1492110005061643 0.10948459572852316 -0.03215624433197391
v -0.1492110005061643 0.10948459572852316 0.03215624433197391
v -0.15457496030666895 0.1029024359593774 -0.03215624433197391
v -0.1492110005061643 0.10948459572852316 0.03215624433197391
v -0.15612359291025593 0.11537289396477336 0.03215624433197391
v -0.15457496030666895 0.1029024359593774 0.03215624433197391
v -0.15612359291025593 0.11537289396477336 0.03215624433197391
v -0.15612359291025593 0.11537289396477336 -0.03215624433197391
v -0.16174582520425976 0.10847331302311329 0.03215624433197391
v -0.15021675825590838 0.12200895562343925 -0.03215624433197391
v -0.1435552060248785 0.11583806933359846 -0.03215624433197391
v -0.15612359291025593 0.11537289396477336 -0.03215624433197391
v -0.1435552060248785 0.11583806933359846 -0.03215624433197391
v -0.1435552060248785 0.11583806933359846 0.03215624433197391
v -0.1492110005061643 0.10948459572852316 -0.03215624433197391
v -0.1435552060248785 0.11583806933359846 0.03215624433197391
v -0.15021675825590838 0.12200895562343925 0.03215624433197391
v -0.1492110005061643 0.10948459572852316 0.03215624433197391
v -0.15021675825590838 0.12200895562343925 0.03215624433197391
v -0.15021675825590838 0.12200895562343925 -0.03215624433197391
v -0.15612359291025593 0.11537289396477336 0.03215624433197391
v -0.14406102722640066 0.12839546865523438 -0.03215624433197391
v -0.13764012230478004 0.12197459730539296 -0.03215624433197391
v -0.15021675825590838 0.12200895562343925 -0.03215624433197391
v -0.13764012230478004 0.12197459730539296 -0.03215624433197391
v -0.13764012230478004 0.12197459730539296 0.03215624433197391
v -0.1435552060248785 0.11583806933359846 -0.03215624433197391
v -0.13764012230478004 0.12197459730539296 0.03215624433197391
v -0.14406102722640066 0.12839546865523438 0.03215624433197391
v -0.1435552060248785 0.11583806933359846 0.03215624433197391
v -0.14406102722640066 0.12839546865523438 0.03215624433197391
v -0.14406102722640066 0.12839546865523438 -0.03215624433197391
v -0.15021675825590838 0.12200895562343925 0.03215624433197391
v -0.1376744950107317 0.1345512428484582 -0.03215624433197391
v -0.1315036183128278 0.12788968102549142 -0.03215624433197391
v -0.14406102722640066 0.12839546865523438 -0.03215624433197391
v -0.12498379654172305 0.12085167404617504 -0.02736027587213627
v -0.12498379654172305 0.12085167404617504 0.02736027587213627
v -0.12753034548662226 0.11839701585696628 -0.02736027587213627
v -0.1315036183128278 0.12788968102549142 0.03215624433197391
v -0.1376744950107317 0.1345512428484582 0.03215624433197391
v -0.13764012230478004 0.12197459730539296 0.03215624433197391
v -0.1376744950107317 0.1345512428484582 0.03215624433197391
v -0.1376744950107317 0.1345512428484582 -0.03215624433197391
v -0.14406102722640066 0.12839546865523438 0.03215624433197391
v -0.1310384285560974 0.1404580583189319 -0.03215624433197391
v -0.1251501255238787 0.1335454515269349 -0.03215624433197391
v -0.1376744950107317 0.1345512428484582 -0.03215624433197391
v -0.11892857941919663 0.12624194452965035 -0.02736027587213627
v -0.11892857941919663 0.12624194452965035 0.02736027587213627
v -0.12498379654172305 0.12085167404617504 -0.02736027587213627
v -0.1251501255238787 0.1335454515269349 0.03215624433197391
v -0.1310384285560974 0.1404580583189319 0.03215624433197391
v -0.1315036183128278 0.12788968102549142 0.03215624433197391
v -0.1310384285560974 0.1404580583189319 0.03215624433197391
v -0.1310384285560974 0.1404580583189319 -0.03215624433197391
v -0.1376744950107317 0.1345512428484582 0.03215624433197391
v -0.12413885241040577 0.14608027142906188 -0.03215624433197391
v -0.11856797534666988 0.13890941132743956 -0.03215624433197391
v -0.1310384285560974 0.1404580583189319 -0.03215624433197391
v -0.11268164345748817 0.13133272117071418 -0.02736027587213627
v -0.11268164345748817 0.13133272117071418 0.02736027587213627
v -0.11892857941919663 0.12624194452965035 -0.02736027587213627
v -0.11856797534666988 0.13890941132743956 0.03215624433197391
v -0.12413885241040577 0.14608027142906188 0.03215624433197391
v -0.1251501255238787 0.1335454515269349 0.03215624433197391
v -0.12413885241040577 0.14608027142906188 0.03215624433197391
v -0.12413885241040577 0.14608027142906188 -0.03215624433197391
v -0.1310384285560974 0.1404580583189319 0.03215624433197391
v -0.1169772293440371 0.15138129853143656 -0.03215624433197391
v -0.1117520456868863 0.14395477973912568 -0.03215624433197391
v -0.12413885241040577 0.14608027142906188 -0.03215624433197391
v -0.10623093159188966 0.13610772165644547 -0.02736027587213627
v -0.10623093159188966 0.13610772165644547 0.02736027587213627
v -0.11268164345748817 0.13133272117071418 -0.02736027587213627
v -0.1117520456868863 0.14395477973912568 0.03215624433197391
v -0.1169772293440371 0.15138129853143656 0.03215624433197391
v -0.11856797534666988 0.13890941132743956 0.03215624433197391
v -0.1169772293440371 0.15138129853143656 0.03215624433197391
v -0.1169772293440371 0.15138129853143656 -0.03215624433197391
v -0.12413885241040577 0.14608027142906188 0.03215624433197391
v -0.10956556366604632 0.1563336155630649 -0.03215624433197391
v -0.10470394319396198 0.1486641713763263 -0.03215624433197391
v -0.1169772293440371 0.15138129853143656 -0.03215624433197391
v -0.0995670629080937 0.1405603659181171 -0.02736027587213627
v -0.0995670629080937 0.1405603659181171 0.02736027587213627
v -0.10623093159188966 0.13610772165644547 -0.02736027587213627
v -0.10470394319396198 0.1486641713763263 0.03215624433197391
v -0.10956556366604632 0.1563336155630649 0.03215624433197391
v -0.1117520456868863 0.14395477973912568 0.03215624433197391
v -0.10956556366604632 0.1563336155630649 0.03215624433197391
v -0.10956556366604632 0.1563336155630649 -0.03215624433197391
v -0.1169772293440371 0.15138129853143656 0.03215624433197391
v -0.10192744194931892 0.1609214965433671 -0.03215624433197391
v -0.0974343197138462 0.15303049779765787 -0.03215624433197391
v -0.10956556366604632 0.1563336155630649 -0.03215624433197391
v -0.0926869727822544 0.1446927689778201 -0.02736027587213627
v -0.0926869727822544 0.1446927689778201 0.02736027587213627
v -0.0995670629080937 0.1405603659181171 -0.02736027587213627
v -0.0974343197138462 0.15303049779765787 0.03215624433197391
v -0.10192744194931892 0.1609214965433671 0.03215624433197391
v -0.10470394319396198 0.1486641713763263 0.03215624433197391
v -0.10192744194931892 0.1609214965433671 0.03215624433197391
v -0.10192744194931892 0.1609214965433671 -0.03215624433197391
v -0.10956556366604632 0.1563336155630649 0.03215624433197391
v -0.09409281981285507 0.1651443132004749 -0.03215624433197391
v -0.08995977409337848 0.15705890987324617 -0.03215624433197391
v -0.10192744194931892 0.1609214965433671 -0.03215624433197391
v -0.08559308317844401 0.14851601911463344 -0.02736027587213627
v -0.08559308317844401 0.14851601911463344 0.02736027587213627
v -0.0926869727822544 0.1446927689778201 -0.02736027587213627
v -0.08995977409337848 0.15705890987324617 0.03215624433197391
v -0.09409281981285507 0.1651443132004749 0.03215624433197391
v -0.0974343197138462 0.15303049779765787 0.03215624433197391
v -0.09409281981285507 0.1651443132004749 0.03215624433197391
v -0.09409281981285507 0.1651443132004749 -0.03215624433197391
v -0.10192744194931892 0.1609214965433671 0.03215624433197391
v -0.08609612751422792 0.16901480362661767 -0.03215624433197391
v -0.08230313993839612 0.16076441418840204 -0.03215624433197391
v -0.09409281981285507 0.1651443132004749 -0.03215624433197391
v -0.07829590206355799 0.15204753528600334 -0.02736027587213627
v -0.07829590206355799 0.15204753528600334 0.02736027587213627
v -0.08559308317844401 0.14851601911463344 -0.02736027587213627
v -0.08230313993839612 0.16076441418840204 0.03215624433197391
v -0.08609612751422792 0.16901480362661767 0.03215624433197391
v -0.08995977409337848 0.15705890987324617 0.03215624433197391
v -0.08609612751422792 0.16901480362661767 0.03215624433197391
v -0.08609612751422792 0.16901480362661767 -0.03215624433197391
v -0.09409281981285507 0.1651443132004749 0.03215624433197391
v -0.07796494187208153 0.17255949432334675 -0.03215624433197391
v -0.07448996537288465 0.1641701704748181 -0.03215624433197391
v -0.08609612751422792 0.16901480362661767 -0.03215624433197391
v -0.07081867549672125 0.15530689463518282 -0.02736027587213627
v -0.07081867549672125 0.15530689463518282 0.02736027587213627
v -0.07829590206355799 0.15204753528600334 -0.02736027587213627
v -0.07448996537288465 0.1641701704748181 0.03215624433197391
v -0.07796494187208153 0.17255949432334675 0.03215624433197391
v -0.08230313993839612 0.16076441418840204 0.03215624433197391
v -0.07796494187208153 0.17255949432334675 0.03215624433197391
v -0.07796494187208153 0.17255949432334675 -0.03215624433197391
v -0.08609612751422792 0.16901480362661767 0.03215624433197391
v -0.06970884523139867 0.17580263850316355 -0.03215624433197391
v -0.06655697792330952 0.16728667710745287 -0.03215624433197391
v -0.07796494187208153 0.17255949432334675 -0.03215624433197391
v -0.06322677732400976 0.15828937313323904 -0.02736027587213627
v -0.06322677732400976 0.15828937313323904 0.02736027587213627
v -0.07081867549672125 0.15530689463518282 -0.02736027587213627
v -0.06655697792330952 0.16728667710745287 0.03215624433197391
v -0.06970884523139867 0.17580263850316355 0.03215624433197391
v -0.07448996537288465 0.1641701704748181 0.03215624433197391
v -0.06970884523139867 0.17580263850316355 0.03215624433197391
v -0.06970884523139867 0.17580263850316355 -0.03215624433197391
v -0.07796494187208153 0.17255949432334675 0.03215624433197391
v -0.061317483096274564 0.17872031867135885 -0.03215624433197391
v -0.058522733191641835 0.17008056853373127 -0.03215624433197391
v -0.06970884523139867 0.17580263850316355 -0.03215624433197391
v -0.055569716327834466 0.16095212359795164 -0.02736027587213627
v -0.055569716327834466 0.16095212359795164 0.02736027587213627
v -0.06322677732400976 0.15828937313323904 -0.02736027587213627
v -0.058522733191641835 0.17008056853373127 0.03215624433197391
v -0.061317483096274564 0.17872031867135885 0.03215624433197391
v -0.06655697792330952 0.16728667710745287 0.03215624433197391
v -0.061317483096274564 0.17872031867135885 0.03215624433197391
v -0.061317483096274564 0.17872031867135885 -0.03215624433197391
v -0.06970884523139867 0.17580263850316355 0.03215624433197391
v -0.05279157965794662 0.18127421024397003 -0.03215624433197391
v -0.05038892415474792 0.1725173377605848 -0.03215624433197391
v -0.061317483096274564 0.17872031867135885 -0.03215624433197391
v -0.047850130290848274 0.16326477795703304 -0.02736027587213627
v -0.047850130290848274 0.16326477795703304 0.02736027587213627
v -0.055569716327834466 0.16095212359795164 -0.02736027587213627
v -0.05038892415474792 0.1725173377605848 0.03215624433197391
v -0.05279157965794662 0.18127421024397003 0.03215624433197391
v -0.058522733191641835 0.17008056853373127 0.03215624433197391
v -0.05279157965794662 0.18127421024397003 0.03215624433197391
v -0.05279157965794662 0.18127421024397003 -0.03215624433197391
v -0.061317483096274564 0.17872031867135885 0.03215624433197391
v -0.04414649160742326 0.1834310675676336 -0.03215624433197391
v -0.042161056584419675 0.1745702760396606 -0.03215624433197391
v -0.05279157965794662 0.18127421024397003 -0.03215624433197391
v -0.04006314650909598 0.16520772549545087 -0.02736027587213627
v -0.04006314650909598 0.16520772549545087 0.02736027587213627
v -0.047850130290848274 0.16326477795703304 -0.02736027587213627
v -0.042161056584419675 0.1745702760396606 0.03215624433197391
v -0.04414649160742326 0.1834310675676336 0.03215624433197391
v -0.05038892415474792 0.1725173377605848 0.03215624433197391
v -0.04414649160742326 0.1834310675676336 0.03215624433197391
v -0.04414649160742326 0.1834310675676336 -0.03215624433197391
v -0.05279157965794662 0.18127421024397003 0.03215624433197391
v -0.0354038295785845 0.18517009532310763 -0.03215624433197391
v -0.0338472500552596 0.17622397872026566 -0.03215624433197391
v -0.04414649160742326 0.1834310675676336 -0.03215624433197391
v -0.032202568591327474 0.1667713023367587 -0.02736027587213627
v -0.032202568591327474 0.1667713023367587 0.02736027587213627
v -0.04006314650909598 0.16520772549545087 -0.02736027587213627
v -0.0338472500552596 0.17622397872026566 0.03215624433197391
v -0.0354038295785845 0.18517009532310763 0.03215624433197391
v -0.042161056584419675 0.1745702760396606 0.03215624433197391
v -0.0354038295785845 0.18517009532310763 0.03215624433197391
v -0.0354038295785845 0.18517009532310763 -0.03215624433197391
v -0.04414649160742326 0.1834310675676336 0.03215624433197391
v -0.02659142457640278 0.18648577335069494 -0.03215624433197391
v -0.025460070004632462 0.17747599026654856 -0.03215624433197391
v -0.0354038295785845 0.18517009532310763 -0.03215624433197391
v -0.024264809153134805 0.16795620869235153 -0.02736027587213627
v -0.024264809153134805 0.16795620869235153 0.02736027587213627
v -0.032202568591327474 0.1667713023367587 -0.02736027587213627
v -0.025460070004632462 0.17747599026654856 0.03215624433197391
v -0.02659142457640278 0.18648577335069494 0.03215624433197391
v -0.0338472500552596 0.17622397872026566 0.03215624433197391
v -0.02659142457640278 0.18648577335069494 0.03215624433197391
v -0.02659142457640278 0.18648577335069494 -0.03215624433197391
v -0.0354038295785845 0.18517009532310763 0.03215624433197391
v -0.017737169953440515 0.18738896931492538 -0.03215624433197391
v -0.017012887592604293 0.1783373989575885 -0.03215624433197391
v -0.02659142457640278 0.18648577335069494 -0.03215624433197391
v -0.016247815520017157 0.16877371029214164 -0.02736027587213627
v -0.016247815520017157 0.16877371029214164 0.02736027587213627
v -0.024264809153134805 0.16795620869235153 -0.02736027587213627
v -0.017012887592604293 0.1783373989575885 0.03215624433197391
v -0.017737169953440515 0.18738896931492538 0.03215624433197391
v -0.025460070004632462 0.17747599026654856 0.03215624433197391
v -0.017737169953440515 0.18738896931492538 0.03215624433197391
v -0.017737169953440515 0.18738896931492538 -0.03215624433197391
v -0.02659142457640278 0.18648577335069494 0.03215624433197391
v -0.008868014256473537 0.1879046366396956 -0.03215624433197391
v -0.008521045122278123 0.17883074584514663 -0.03215624433197391
v -0.017737169953440515 0.18738896931492538 -0.03215624433197391
v -0.008154637927914987 0.1692439310197864 -0.02736027587213627
v -0.008154637927914987 0.1692439310197864 0.02736027587213627
v -0.016247815520017157 0.16877371029214164 -0.02736027587213627
v -0.008521045122278123 0.17883074584514663 0.03215624433197391
v -0.008868014256473537 0.1879046366396956 0.03215624433197391
v -0.017012887592604293 0.1783373989575885 0.03215624433197391
v -0.008868014256473537 0.1879046366396956 0.03215624433197391
v -0.008868014256473537 0.1879046366396956 -0.03215624433197391
v -0.017737169953440515 0.18738896931492538 0.03215624433197391
v 7.145993005158075e-7 0.18806782905847846 -0.03215624433197391
v 7.145993005158075e-7 0.1789873150314865 -0.03215624433197391
v -0.008868014256473537 0.1879046366396956 -0.03215624433197391
v 7.193952689756451e-7 0.16939377146237714 -0.02736027587213627
v 7.193952689756451e-7 0.16939377146237714 0.02736027587213627
v -0.008154637927914987 0.1692439310197864 -0.02736027587213627
v 7.145993005158075e-7 0.1789873150314865 0.03215624433197391
v 7.145993005158075e-7 0.18806782905847846 0.03215624433197391
v -0.008521045122278123 0.17883074584514663 0.03215624433197391
v 7.145993005158075e-7 0.18806782905847846 0.03215624433197391
v 7.145993005158075e-7 0.18806782905847846 -0.03215624433197391
v -0.008868014256473537 0.1879046366396956 0.03215624433197391
v 0.008869443455074568 0.1879046366396956 -0.03215624433197391
v 0.008522474320879155 0.17883074584514663 -0.03215624433197391
v 7.145993005158075e-7 0.18806782905847846 -0.03215624433197391
v 0.008156071922484479 0.1692439310197864 -0.02736027587213627
v 0.008156071922484479 0.1692439310197864 0.02736027587213627
v 7.193952689756451e-7 0.16939377146237714 -0.02736027587213627
v 0.008522474320879155 0.17883074584514663 0.03215624433197391
v 0.008869443455074568 0.1879046366396956 0.03215624433197391
v 7.145993005158075e-7 0.1789873150314865 0.03215624433197391
v 0.008869443455074568 0.1879046366396956 0.03215624433197391
v 0.008869443455074568 0.1879046366396956 -0.03215624433197391
v 7.145993005158075e-7 0.18806782905847846 0.03215624433197391
v 0.017738599152041547 0.18738896931492538 -0.03215624433197391
v 0.01701431679120533 0.1783373989575885 -0.03215624433197391
v 0.008869443455074568 0.1879046366396956 -0.03215624433197391
v 0.016249249514586648 0.16877374386392083 -0.02736027587213627
v 0.016249249514586648 0.16877374386392083 0.02736027587213627
v 0.008156071922484479 0.1692439310197864 -0.02736027587213627
v 0.01701431679120533 0.1783373989575885 0.03215624433197391
v 0.017738599152041547 0.18738896931492538 0.03215624433197391
v 0.008522474320879155 0.17883074584514663 0.03215624433197391
v 0.017738599152041547 0.18738896931492538 0.03215624433197391
v 0.017738599152041547 0.18738896931492538 -0.03215624433197391
v 0.008869443455074568 0.1879046366396956 0.03215624433197391
v 0.02659285377500381 0.18648577335069494 -0.03215624433197391
v 0.02546150399920195 0.17747599026654856 -0.03215624433197391
v 0.017738599152041547 0.18738896931492538 -0.03215624433197391
v 0.024266243147704297 0.16795620869235153 -0.02736027587213627
v 0.024266243147704297 0.16795620869235153 0.02736027587213627
v 0.016249249514586648 0.16877374386392083 -0.02736027587213627
v 0.02546150399920195 0.17747599026654856 0.03215624433197391
v 0.02659285377500381 0.18648577335069494 0.03215624433197391
v 0.01701431679120533 0.1783373989575885 0.03215624433197391
v 0.02659285377500381 0.18648577335069494 0.03215624433197391
v 0.02659285377500381 0.18648577335069494 -0.03215624433197391
v 0.017738599152041547 0.18738896931492538 0.03215624433197391
v 0.035405258777185526 0.18517013369085536 -0.03215624433197391
v 0.03384868404982908 0.17622401229204493 -0.03215624433197391
v 0.02659285377500381 0.18648577335069494 -0.03215624433197391
v 0.03220400738186543 0.1667713023367587 -0.02736027587213627
v 0.03220400738186543 0.1667713023367587 0.02736027587213627
v 0.024266243147704297 0.16795620869235153 -0.02736027587213627
v 0.03384868404982908 0.17622401229204493 0.03215624433197391
v 0.035405258777185526 0.18517013369085536 0.03215624433197391
v 0.02546150399920195 0.17747599026654856 0.03215624433197391
v 0.035405258777185526 0.18517013369085536 0.03215624433197391
v 0.035405258777185526 0.18517013369085536 -0.03215624433197391
v 0.02659285377500381 0.18648577335069494 0.03215624433197391
v 0.04414792560199275 0.18343110113941283 -0.03215624433197391
v 0.042162490578989166 0.1745702760396606 -0.03215624433197391
v 0.035405258777185526 0.18517013369085536 -0.03215624433197391
v 0.04006458050366547 0.16520772549545087 -0.02736027587213627
v 0.04006458050366547 0.16520772549545087 0.02736027587213627
v 0.03220400738186543 0.1667713023367587 -0.02736027587213627
v 0.042162490578989166 0.1745702760396606 0.03215624433197391
v 0.04414792560199275 0.18343110113941283 0.03215624433197391
v 0.03384868404982908 0.17622401229204493 0.03215624433197391
v 0.04414792560199275 0.18343110113941283 0.03215624433197391
v 0.04414792560199275 0.18343110113941283 -0.03215624433197391
v 0.035405258777185526 0.18517013369085536 0.03215624433197391
v 0.052793008856547655 0.18127424861171776 -0.03215624433197391
v 0.050390358149317416 0.1725173377605848 -0.03215624433197391
v 0.04414792560199275 0.18343110113941283 -0.03215624433197391
v 0.04785156908138623 0.16326481632478068 -0.02736027587213627
v 0.04785156908138623 0.16326481632478068 0.02736027587213627
v 0.04006458050366547 0.16520772549545087 -0.02736027587213627
v 0.050390358149317416 0.1725173377605848 0.03215624433197391
v 0.052793008856547655 0.18127424861171776 0.03215624433197391
v 0.042162490578989166 0.1745702760396606 0.03215624433197391
v 0.052793008856547655 0.18127424861171776 0.03215624433197391
v 0.052793008856547655 0.18127424861171776 -0.03215624433197391
v 0.04414792560199275 0.18343110113941283 0.03215624433197391
v 0.061318917090844055 0.17872031867135885 -0.03215624433197391
v 0.05852417198217979 0.17008056853373127 -0.03215624433197391
v 0.052793008856547655 0.18127424861171776 -0.03215624433197391
v 0.055571150322403964 0.16095212359795164 -0.02736027587213627
v 0.055571150322403964 0.16095212359795164 0.02736027587213627
v 0.04785156908138623 0.16326481632478068 -0.02736027587213627
v 0.05852417198217979 0.17008056853373127 0.03215624433197391
v 0.061318917090844055 0.17872031867135885 0.03215624433197391
v 0.050390358149317416 0.1725173377605848 0.03215624433197391
v 0.061318917090844055 0.17872031867135885 0.03215624433197391
v 0.061318917090844055 0.17872031867135885 -0.03215624433197391
v 0.052793008856547655 0.18127424861171776 0.03215624433197391
v 0.06971027922596816 0.17580263850316355 -0.03215624433197391
v 0.06655840712191055 0.16728671547520052 -0.03215624433197391
v 0.061318917090844055 0.17872031867135885 -0.03215624433197391
v 0.06322821611454772 0.15828940670501823 -0.02736027587213627
v 0.06322821611454772 0.15828940670501823 0.02736027587213627
v 0.055571150322403964 0.16095212359795164 -0.02736027587213627
v 0.06655840712191055 0.16728671547520052 0.03215624433197391
v 0.06971027922596816 0.17580263850316355 0.03215624433197391
v 0.05852417198217979 0.17008056853373127 0.03215624433197391
v 0.06971027922596816 0.17580263850316355 0.03215624433197391
v 0.06971027922596816 0.17580263850316355 -0.03215624433197391
v 0.061318917090844055 0.17872031867135885 0.03215624433197391
v 0.07796637586665102 0.172559527895126 -0.03215624433197391
v 0.07449140895939106 0.16417020404659732 -0.03215624433197391
v 0.06971027922596816 0.17580263850316355 -0.03215624433197391
v 0.07082011428725919 0.1553069282069621 -0.02736027587213627
v 0.07082011428725919 0.1553069282069621 0.02736027587213627
v 0.06322821611454772 0.15828940670501823 -0.02736027587213627
v 0.07449140895939106 0.16417020404659732 0.03215624433197391
v 0.07796637586665102 0.172559527895126 0.03215624433197391
v 0.06655840712191055 0.16728671547520052 0.03215624433197391
v 0.07796637586665102 0.172559527895126 0.03215624433197391
v 0.07796637586665102 0.172559527895126 -0.03215624433197391
v 0.06971027922596816 0.17580263850316355 0.03215624433197391
v 0.0860975615087974 0.1690148419943654 -0.03215624433197391
v 0.08230457872893408 0.16076441418840204 -0.03215624433197391
v 0.07796637586665102 0.172559527895126 -0.03215624433197391
v 0.07829734085409595 0.15204757365375107 -0.02736027587213627
v 0.07829734085409595 0.15204757365375107 0.02736027587213627
v 0.07082011428725919 0.1553069282069621 -0.02736027587213627
v 0.08230457872893408 0.16076441418840204 0.03215624433197391
v 0.0860975615087974 0.1690148419943654 0.03215624433197391
v 0.07449140895939106 0.16417020404659732 0.03215624433197391
v 0.0860975615087974 0.1690148419943654 0.03215624433197391
v 0.0860975615087974 0.1690148419943654 -0.03215624433197391
v 0.07796637586665102 0.172559527895126 0.03215624433197391
v 0.09409425860339302 0.16514435156822263 -0.03215624433197391
v 0.0899612176798849 0.1570589482409938 -0.03215624433197391
v 0.0860975615087974 0.1690148419943654 -0.03215624433197391
v 0.08559452676495041 0.14851605748238117 -0.02736027587213627
v 0.08559452676495041 0.14851605748238117 0.02736027587213627
v 0.07829734085409595 0.15204757365375107 -0.02736027587213627
v 0.0899612176798849 0.1570589482409938 0.03215624433197391
v 0.09409425860339302 0.16514435156822263 0.03215624433197391
v 0.08230457872893408 0.16076441418840204 0.03215624433197391
v 0.09409425860339302 0.16514435156822263 0.03215624433197391
v 0.09409425860339302 0.16514435156822263 -0.03215624433197391
v 0.0860975615087974 0.1690148419943654 0.03215624433197391
v 0.10192888073985687 0.1609214965433671 -0.03215624433197391
v 0.09743576330035261 0.15303053616540552 -0.03215624433197391
v 0.09409425860339302 0.16514435156822263 -0.03215624433197391
v 0.09268841157279235 0.1446927689778201 -0.02736027587213627
v 0.09268841157279235 0.1446927689778201 0.02736027587213627
v 0.08559452676495041 0.14851605748238117 -0.02736027587213627
v 0.09743576330035261 0.15303053616540552 0.03215624433197391
v 0.10192888073985687 0.1609214965433671 0.03215624433197391
v 0.0899612176798849 0.1570589482409938 0.03215624433197391
v 0.10192888073985687 0.1609214965433671 0.03215624433197391
v 0.10192888073985687 0.1609214965433671 -0.03215624433197391
v 0.09409425860339302 0.16514435156822263 0.03215624433197391
v 0.10956700245658427 0.15633365393081258 -0.03215624433197391
v 0.10470538198449993 0.1486641713763263 -0.03215624433197391
v 0.10192888073985687 0.1609214965433671 -0.03215624433197391
v 0.09956850169863166 0.14056040428586483 -0.02736027587213627
v 0.09956850169863166 0.14056040428586483 0.02736027587213627
v 0.09268841157279235 0.1446927689778201 -0.02736027587213627
v 0.10470538198449993 0.1486641713763263 0.03215624433197391
v 0.10956700245658427 0.15633365393081258 0.03215624433197391
v 0.09743576330035261 0.15303053616540552 0.03215624433197391
v 0.10956700245658427 0.15633365393081258 0.03215624433197391
v 0.10956700245658427 0.15633365393081258 -0.03215624433197391
v 0.10192888073985687 0.1609214965433671 0.03215624433197391
v 0.11697867772651198 0.15138133689918423 -0.03215624433197391
v 0.11175348927339271 0.1439548133109049 -0.03215624433197391
v 0.10956700245658427 0.15633365393081258 -0.03215624433197391
v 0.10623237997436455 0.13610776002419311 -0.02736027587213627
v 0.10623237997436455 0.13610776002419311 0.02736027587213627
v 0.09956850169863166 0.14056040428586483 -0.02736027587213627
v 0.11175348927339271 0.1439548133109049 0.03215624433197391
v 0.11697867772651198 0.15138133689918423 0.03215624433197391
v 0.10470538198449993 0.1486641713763263 0.03215624433197391
v 0.11697867772651198 0.15138133689918423 0.03215624433197391
v 0.11697867772651198 0.15138133689918423 -0.03215624433197391
v 0.10956700245658427 0.15633365393081258 0.03215624433197391
v 0.12414030558884911 0.14608030979680958 -0.03215624433197391
v 0.11856942372914477 0.13890948326696642 -0.03215624433197391
v 0.11697867772651198 0.15138133689918423 -0.03215624433197391
v 0.11268309183996303 0.1313327931102411 -0.02736027587213627
v 0.11268309183996303 0.1313327931102411 0.02736027587213627
v 0.10623237997436455 0.13610776002419311 -0.02736027587213627
v 0.11856942372914477 0.13890948326696642 0.03215624433197391
v 0.12414030558884911 0.14608030979680958 0.03215624433197391
v 0.11175348927339271 0.1439548133109049 0.03215624433197391
v 0.12414030558884911 0.14608030979680958 0.03215624433197391
v 0.12414030558884911 0.14608030979680958 -0.03215624433197391
v 0.11697867772651198 0.15138133689918423 0.03215624433197391
v 0.13103986734663536 0.14045809668667958 -0.03215624433197391
v 0.12515157870232202 0.1335454850987141 -0.03215624433197391
v 0.12414030558884911 0.14608030979680958 -0.03215624433197391
v 0.11893003259763994 0.12624198289739805 -0.02736027587213627
v 0.11893003259763994 0.12624198289739805 0.02736027587213627
v 0.11268309183996303 0.1313327931102411 -0.02736027587213627
v 0.12515157870232202 0.1335454850987141 0.03215624433197391
v 0.13103986734663536 0.14045809668667958 0.03215624433197391
v 0.11856942372914477 0.13890948326696642 0.03215624433197391
v 0.13103986734663536 0.14045809668667958 0.03215624433197391
v 0.13103986734663536 0.14045809668667958 -0.03215624433197391
v 0.12414030558884911 0.14608030979680958 0.03215624433197391
v 0.13767593859723812 0.13455128121620585 -0.03215624433197391
v 0.13150507628723962 0.12788971939323907 -0.03215624433197391
v 0.13103986734663536 0.14045809668667958 -0.03215624433197391
v 0.1249852593121033 0.12085171241392269 -0.02736027587213627
v 0.1249852593121033 0.12085171241392269 0.02736027587213627
v 0.11893003259763994 0.12624198289739805 -0.02736027587213627
v 0.13150507628723962 0.12788971939323907 0.03215624433197391
v 0.13767593859723812 0.13455128121620585 0.03215624433197391
v 0.12515157870232202 0.1335454850987141 0.03215624433197391
v 0.13767593859723812 0.13455128121620585 0.03215624433197391
v 0.13767593859723812 0.13455128121620585 -0.03215624433197391
v 0.13103986734663536 0.14045809668667958 0.03215624433197391
v 0.14406247081290705 0.12839554059476121 -0.03215624433197391
v 0.13764158027919185 0.12197463567314061 -0.03215624433197391
v 0.13767593859723812 0.13455128121620585 -0.03215624433197391
v 0.12753179866506562 0.11839704942874556 -0.02736027587213627
v 0.12753179866506562 0.11839704942874556 0.02736027587213627
v 0.1249852593121033 0.12085171241392269 -0.02736027587213627
v 0.13764158027919185 0.12197463567314061 0.03215624433197391
v 0.14406247081290705 0.12839554059476121 0.03215624433197391
v 0.13150507628723962 0.12788971939323907 0.03215624433197391
v 0.14406247081290705 0.12839554059476121 0.03215624433197391
v 0.14406247081290705 0.12839554059476121 -0.03215624433197391
v 0.13767593859723812 0.13455128121620585 0.03215624433197391
v 0.15021821623032017 0.1220089939911869 -0.03215624433197391
v 0.1435566639992903 0.1158381412731253 -0.03215624433197391
v 0.14406247081290705 0.12839554059476121 -0.03215624433197391
v 0.1435566639992903 0.1158381412731253 -0.03215624433197391
v 0.1435566639992903 0.1158381412731253 0.03215624433197391
v 0.13764158027919185 0.12197463567314061 -0.03215624433197391
v 0.1435566639992903 0.1158381412731253 0.03215624433197391
v 0.15021821623032017 0.1220089939911869 0.03215624433197391
v 0.13764158027919185 0.12197463567314061 0.03215624433197391
v 0.15021821623032017 0.1220089939911869 0.03215624433197391
v 0.15021821623032017 0.1220089939911869 -0.03215624433197391
v 0.14406247081290705 0.12839554059476121 0.03215624433197391
v 0.15612503170079384 0.11537293233252108 -0.03215624433197391
v 0.14921244888863916 0.10948463409627081 -0.03215624433197391
v 0.15021821623032017 0.1220089939911869 -0.03215624433197391
v 0.14921244888863916 0.10948463409627081 -0.03215624433197391
v 0.14921244888863916 0.10948463409627081 0.03215624433197391
v 0.1435566639992903 0.1158381412731253 -0.03215624433197391
v 0.14921244888863916 0.10948463409627081 0.03215624433197391
v 0.15612503170079384 0.11537293233252108 0.03215624433197391
v 0.1435566639992903 0.1158381412731253 0.03215624433197391
v 0.15612503170079384 0.11537293233252108 0.03215624433197391
v 0.15612503170079384 0.11537293233252108 -0.03215624433197391
v 0.15021821623032017 0.1220089939911869 0.03215624433197391
v 0.1617472639947977 0.10847338496264021 -0.03215624433197391
v 0.1545764182810807 0.10290246953115667 -0.03215624433197391
v 0.15612503170079384 0.11537293233252108 -0.03215624433197391
v 0.1545764182810807 0.10290246953115667 -0.03215624433197391
v 0.1545764182810807 0.10290246953115667 0.03215624433197391
v 0.14921244888863916 0.10948463409627081 -0.03215624433197391
v 0.1545764182810807 0.10290246953115667 0.03215624433197391
v 0.1617472639947977 0.10847338496264021 0.03215624433197391
v 0.14921244888863916 0.10948463409627081 0.03215624433197391
v 0.1617472639947977 0.10847338496264021 0.03215624433197391
v 0.1617472639947977 0.10847338496264021 -0.03215624433197391
v 0.15612503170079384 0.11537293233252108 0.03215624433197391
v 0.1670482719132985 0.10131174271239769 -0.03215624433197391
v 0.15962175312098761 0.09608656864718379 -0.03215624433197391
v 0.1617472639947977 0.10847338496264021 -0.03215624433197391
v 0.15962175312098761 0.09608656864718379 -0.03215624433197391
v 0.15962175312098761 0.09608656864718379 0.03215624433197391
v 0.1545764182810807 0.10290246953115667 -0.03215624433197391
v 0.15962175312098761 0.09608656864718379 0.03215624433197391
v 0.1670482719132985 0.10131174271239769 0.03215624433197391
v 0.1545764182810807 0.10290246953115667 0.03215624433197391
v 0.1670482719132985 0.10131174271239769 0.03215624433197391
v 0.1670482719132985 0.10131174271239769 -0.03215624433197391
v 0.1617472639947977 0.10847338496264021 0.03215624433197391
v 0.1720006081288007 0.09390007703440692 -0.03215624433197391
v 0.16433114475818825 0.08903846615425946 -0.03215624433197391
v 0.1670482719132985 0.10131174271239769 -0.03215624433197391
v 0.16433114475818825 0.08903846615425946 -0.03215624433197391
v 0.16433114475818825 0.08903846615425946 0.03215624433197391
v 0.15962175312098761 0.09608656864718379 -0.03215624433197391
v 0.16433114475818825 0.08903846615425946 0.03215624433197391
v 0.1720006081288007 0.09390007703440692 0.03215624433197391
v 0.15962175312098761 0.09608656864718379 0.03215624433197391
v 0.1720006081288007 0.09390007703440692 0.03215624433197391
v 0.1720006081288007 0.09390007703440692 -0.03215624433197391
v 0.1670482719132985 0.10131174271239769 0.03215624433197391
v 0.17658846992522906 0.08626195531767952 -0.03215624433197391
v 0.16869749036339363 0.08176884267414371 -0.03215624433197391
v 0.1720006081288007 0.09390007703440692 -0.03215624433197391
v 0.16869749036339363 0.08176884267414371 -0.03215624433197391
v 0.16869749036339363 0.08176884267414371 0.03215624433197391
v 0.16433114475818825 0.08903846615425946 -0.03215624433197391
v 0.16869749036339363 0.08176884267414371 0.03215624433197391
v 0.17658846992522906 0.08626195531767952 0.03215624433197391
v 0.16433114475818825 0.08903846615425946 0.03215624433197391
v 0.17658846992522906 0.08626195531767952 0.03215624433197391
v 0.17658846992522906 0.08626195531767952 -0.03215624433197391
v 0.1720006081288007 0.09390007703440692 0.03215624433197391
v 0.1808113057662107 0.07842734277315258 -0.03215624433197391
v 0.17272590243898195 0.07429427786980217 -0.03215624433197391
v 0.17658846992522906 0.08626195531767952 -0.03215624433197391
v 0.17272590243898195 0.07429427786980217 -0.03215624433197391
v 0.17272590243898195 0.07429427786980217 0.03215624433197391
v 0.16869749036339363 0.08176884267414371 -0.03215624433197391
v 0.17272590243898195 0.07429427786980217 0.03215624433197391
v 0.1808113057662107 0.07842734277315258 0.03215624433197391
v 0.16869749036339363 0.08176884267414371 0.03215624433197391
v 0.1808113057662107 0.07842734277315258 0.03215624433197391
v 0.1808113057662107 0.07842734277315258 -0.03215624433197391
v 0.17658846992522906 0.08626195531767952 0.03215624433197391
v 0.18468179619235348 0.07043063129065157 -0.03215624433197391
v 0.17643140675413782 0.06663764371481978 -0.03215624433197391
v 0.1808113057662107 0.07842734277315258 -0.03215624433197391
v 0.17643140675413782 0.06663764371481978 -0.03215624433197391
v 0.17643140675413782 0.06663764371481978 0.03215624433197391
v 0.17272590243898195 0.07429427786980217 -0.03215624433197391
v 0.17643140675413782 0.06663764371481978 0.03215624433197391
v 0.18468179619235348 0.07043063129065157 0.03215624433197391
v 0.17272590243898195 0.07429427786980217 0.03215624433197391
v 0.18468179619235348 0.07043063129065157 0.03215624433197391
v 0.18468179619235348 0.07043063129065157 -0.03215624433197391
v 0.1808113057662107 0.07842734277315258 0.03215624433197391
v 0.18822648209311407 0.06229945524044209 -0.03215624433197391
v 0.17983717742845926 0.05882446914930829 -0.03215624433197391
v 0.18468179619235348 0.07043063129065157 -0.03215624433197391
v 0.17983717742845926 0.05882446914930829 -0.03215624433197391
v 0.17983717742845926 0.05882446914930829 0.03215624433197391
v 0.17643140675413782 0.06663764371481978 -0.03215624433197391
v 0.17983717742845926 0.05882446914930829 0.03215624433197391
v 0.18822648209311407 0.06229945524044209 0.03215624433197391
v 0.17643140675413782 0.06663764371481978 0.03215624433197391
v 0.18822648209311407 0.06229945524044209 0.03215624433197391
v 0.18822648209311407 0.06229945524044209 -0.03215624433197391
v 0.18468179619235348 0.07043063129065157 0.03215624433197391
v 0.19331409339499445 0.054725987974521766 -0.033139806339685864
v 0.18110922653096737 0.050208799569317626 -0.03313980154371741
v 0.19005669559691504 0.06301838050450867 -0.034122591400507336
v 0.18110922653096737 0.050208799569317626 -0.03313980154371741
v 0.18110922653096737 0.050208799569317626 0.03313980154371741
v 0.178007002292406 0.05810550551749408 -0.034122591400507336
v 0.18110922653096737 0.050208799569317626 0.03313980154371741
v 0.19331409339499445 0.054725987974521766 0.033139806339685864
v 0.178007002292406 0.05810550551749408 0.034122591400507336
v 0.19331409339499445 0.054725987974521766 0.033139806339685864
v 0.19331409339499445 0.054725987974521766 -0.033139806339685864
v 0.19005669559691504 0.06301838050450867 0.034122591400507336
v 0.19625866455834404 0.04625730043991975 -0.03313987827921276
v 0.18387622216612304 0.04225186584922247 -0.033139883075181224
v 0.19331409339499445 0.054725987974521766 -0.033139806339685864
v 0.18387622216612304 0.04225186584922247 -0.033139883075181224
v 0.18387622216612304 0.04225186584922247 0.033139883075181224
v 0.18110922653096737 0.050208799569317626 -0.03313980154371741
v 0.18387622216612304 0.04225186584922247 0.033139883075181224
v 0.19625866455834404 0.04625730043991975 0.03313987827921276
v 0.18110922653096737 0.050208799569317626 0.03313980154371741
v 0.19625866455834404 0.04625730043991975 0.03313987827921276
v 0.19625866455834404 0.04625730043991975 -0.03313987827921276
v 0.19331409339499445 0.054725987974521766 0.033139806339685864
v 0.19883800833557164 0.03764649876791572 -0.03313995021873966
v 0.18628756316820247 0.03420297902584694 -0.03313995021873966
v 0.19625866455834404 0.04625730043991975 -0.03313987827921276
v 0.18628756316820247 0.03420297902584694 -0.03313995021873966
v 0.18628756316820247 0.03420297902584694 0.03313995021873966
v 0.18387622216612304 0.04225186584922247 -0.033139883075181224
v 0.18628756316820247 0.03420297902584694 0.03313995021873966
v 0.19883800833557164 0.03764649876791572 0.03313995021873966
v 0.18387622216612304 0.04225186584922247 0.033139883075181224
v 0.19883800833557164 0.03764649876791572 0.03313995021873966
v 0.19883800833557164 0.03764649876791572 -0.03313995021873966
v 0.19625866455834404 0.04625730043991975 0.03313987827921276
v 0.2010174210989018 0.02891106905951441 -0.03313998379051888
v 0.18831796039551704 0.026065510665018173 -0.03313998379051888
v 0.19883800833557164 0.03764649876791572 -0.03313995021873966
v 0.18831796039551704 0.026065510665018173 -0.03313998379051888
v 0.18831796039551704 0.026065510665018173 0.03313998379051888
v 0.18628756316820247 0.03420297902584694 -0.03313995021873966
v 0.18831796039551704 0.026065510665018173 0.03313998379051888
v 0.2010174210989018 0.02891106905951441 0.03313998379051888
v 0.18628756316820247 0.03420297902584694 0.03313995021873966
v 0.2010174210989018 0.02891106905951441 0.03313998379051888
v 0.2010174210989018 0.02891106905951441 -0.03313998379051888
v 0.19883800833557164 0.03764649876791572 0.03313995021873966
v 0.20276567150172412 0.020121958076142102 -0.034122591400507336
v 0.18996244042877386 0.017798143498454704 -0.034122591400507336
v 0.2010174210989018 0.02891106905951441 -0.03313998379051888
v 0.18996244042877386 0.017798143498454704 -0.034122591400507336
v 0.18996244042877386 0.017798143498454704 0.034122591400507336
v 0.18831796039551704 0.026065510665018173 -0.03313998379051888
v 0.18996244042877386 0.017798143498454704 0.034122591400507336
v 0.20276567150172412 0.020121958076142102 0.034122591400507336
v 0.18831796039551704 0.026065510665018173 0.03313998379051888
v 0.20276567150172412 0.020121958076142102 0.034122591400507336
v 0.20276567150172412 0.020121958076142102 -0.034122591400507336
v 0.2010174210989018 0.02891106905951441 0.03313998379051888
v 0.20215278510030454 0.010925928352826419 -0.03215624433197391
v 0.19314299722018977 0.009794592964929986 -0.03215624433197391
v 0.20083712146062266 0.01973834774291357 -0.03215624433197391
v 0.19314299722018977 0.009794592964929986 -0.03215624433197391
v 0.19314299722018977 0.009794592964929986 0.03215624433197391
v 0.19189100485778068 0.01818175383168323 -0.03215624433197391
v 0.19314299722018977 0.009794592964929986 0.03215624433197391
v 0.20215278510030454 0.010925928352826419 0.03215624433197391
v 0.19189100485778068 0.01818175383168323 0.03215624433197391
v 0.20215278510030454 0.010925928352826419 0.03215624433197391
v 0.20215278510030454 0.010925928352826419 -0.03215624433197391
v 0.20083712146062266 0.01973834774291357 0.03215624433197391
v 0.203055981064535 0.0020716881177695653 -0.03215624433197391
v 0.19400439152332424 0.0013473865730595298 -0.03215624433197391
v 0.20215278510030454 0.010925928352826419 -0.03215624433197391
v 0.19400439152332424 0.0013473865730595298 -0.03215624433197391
v 0.19400439152332424 0.0013473865730595298 0.03215624433197391
v 0.19314299722018977 0.009794592964929986 -0.03215624433197391
v 0.19400439152332424 0.0013473865730595298 0.03215624433197391
v 0.203055981064535 0.0020716881177695653 0.03215624433197391
v 0.19314299722018977 0.009794592964929986 0.03215624433197391
v 0.203055981064535 0.0020716881177695653 0.03215624433197391
v 0.203055981064535 0.0020716881177695653 -0.03215624433197391
v 0.20215278510030454 0.010925928352826419 0.03215624433197391
v 0.20357164838930522 -0.006797151045279047 -0.03215624433197391
v 0.19449777677863006 -0.007144758043279626 -0.03215624433197391
v 0.203055981064535 0.0020716881177695653 -0.03215624433197391
v 0.19449777677863006 -0.007144758043279626 -0.03215624433197391
v 0.19449777677863006 -0.007144758043279626 0.03215624433197391
v 0.19400439152332424 0.0013473865730595298 -0.03215624433197391
v 0.19449777677863006 -0.007144758043279626 0.03215624433197391
v 0.20357164838930522 -0.006797151045279047 0.03215624433197391
v 0.19400439152332424 0.0013473865730595298 0.03215624433197391
v 0.20357164838930522 -0.006797151045279047 0.03215624433197391
v 0.20357164838930522 -0.006797151045279047 -0.03215624433197391
v 0.203055981064535 0.0020716881177695653 0.03215624433197391
v 0.20373405426926067 -0.015519406228321191 -0.03215624433197391
v 0.19465509413604964 -0.01568753849461776 -0.03215624433197391
v 0.20357164838930522 -0.006797151045279047 -0.03215624433197391
v 0.19465509413604964 -0.01568753849461776 -0.03215624433197391
v 0.19465509413604964 -0.01568753849461776 0.03215624433197391
v 0.19449777677863006 -0.007144758043279626 -0.03215624433197391
v 0.19465509413604964 -0.01568753849461776 0.03215624433197391
v 0.20373405426926067 -0.015519406228321191 0.03215624433197391
v 0.19449777677863006 -0.007144758043279626 0.03215624433197391
v 0.20373405426926067 -0.015519406228321191 0.03215624433197391
v 0.20373405426926067 -0.015519406228321191 -0.03215624433197391
v 0.20357164838930522 -0.006797151045279047 0.03215624433197391
v -0.2037325771109751 -0.015582780155549508 -0.03215624433197391
v -0.19465359779389022 -0.015749742205541834 -0.03215624433197391
v -0.2037325771109751 -0.015582780155549508 0.03215624433197391
v 0.20373405426926067 -0.015519406228321191 0.03215624433197391
v 0.19465509413604964 -0.01568753849461776 0.03215624433197391
v 0.20373405426926067 -0.015519406228321191 -0.03215624433197391
v -0.12753034548662226 0.11839701585696628 0.02736027587213627
v -0.1292687641541019 0.11765671975744273 0.0291256478823602
v -0.12753034548662226 0.11839701585696628 -0.02736027587213627
v -0.13192170686331417 0.11806619954454367 -0.030751538741866678
v -0.1292687641541019 0.11765671975744273 -0.0291256478823602
v -0.13192170686331417 0.11806619954454367 0.030751538741866678
v -0.1349473538734773 0.11966622095017772 -0.03181950979447178
v -0.13192170686331417 0.11806619954454367 -0.030751538741866678
v -0.1349473538734773 0.11966622095017772 0.03181950979447178
v -0.1349473538734773 0.11966622095017772 0.03181950979447178
v -0.13764012230478004 0.12197459730539296 0.03215624433197391
v -0.1349473538734773 0.11966622095017772 -0.03181950979447178
v -0.12498379654172305 0.12085167404617504 0.02736027587213627
v -0.12544158132315147 0.12134582665643437 0.0291256478823602
v -0.12753034548662226 0.11839701585696628 0.02736027587213627
v -0.13192170686331417 0.11806619954454367 0.030751538741866678
v -0.1292687641541019 0.11765671975744273 0.0291256478823602
v -0.12689341209934507 0.12291306761764552 0.030751538741866678
v -0.1349473538734773 0.11966622095017772 0.03181950979447178
v -0.13192170686331417 0.11806619954454367 0.030751538741866678
v -0.12910370610358815 0.12529901396673016 0.03181950979447178
v -0.12910370610358815 0.12529901396673016 0.03181950979447178
v -0.1315036183128278 0.12788968102549142 0.03215624433197391
v -0.1349473538734773 0.11966622095017772 0.03181950979447178
v -0.12753034548662226 0.11839701585696628 -0.02736027587213627
v -0.1292687641541019 0.11765671975744273 -0.0291256478823602
v -0.12498379654172305 0.12085167404617504 -0.02736027587213627
v -0.12689341209934507 0.12291306761764552 -0.030751538741866678
v -0.12544158132315147 0.12134582665643437 -0.0291256478823602
v -0.13192170686331417 0.11806619954454367 -0.030751538741866678
v -0.12910370610358815 0.12529901396673016 -0.03181950979447178
v -0.12689341209934507 0.12291306761764552 -0.030751538741866678
v -0.1349473538734773 0.11966622095017772 -0.03181950979447178
v -0.1349473538734773 0.11966622095017772 -0.03181950979447178
v -0.13764012230478004 0.12197459730539296 -0.03215624433197391
v -0.12910370610358815 0.12529901396673016 -0.03181950979447178
v -0.11892857941919663 0.12624194452965035 0.02736027587213627
v -0.11936540581845555 0.1267547198854393 0.0291256478823602
v -0.12498379654172305 0.12085167404617504 0.02736027587213627
v -0.12689341209934507 0.12291306761764552 0.030751538741866678
v -0.12544158132315147 0.12134582665643437 0.0291256478823602
v -0.12075083641132268 0.12838109034179176 0.030751538741866678
v -0.12910370610358815 0.12529901396673016 0.03181950979447178
v -0.12689341209934507 0.12291306761764552 0.030751538741866678
v -0.12286001221655854 0.1308570857946783 0.03181950979447178
v -0.12286001221655854 0.1308570857946783 0.03181950979447178
v -0.1251501255238787 0.1335454515269349 0.03215624433197391
v -0.12910370610358815 0.12529901396673016 0.03181950979447178
v -0.12498379654172305 0.12085167404617504 -0.02736027587213627
v -0.12544158132315147 0.12134582665643437 -0.0291256478823602
v -0.11892857941919663 0.12624194452965035 -0.02736027587213627
v -0.12075083641132268 0.12838109034179176 -0.030751538741866678
v -0.11936540581845555 0.1267547198854393 -0.0291256478823602
v -0.12689341209934507 0.12291306761764552 -0.030751538741866678
v -0.12286001221655854 0.1308570857946783 -0.03181950979447178
v -0.12075083641132268 0.12838109034179176 -0.030751538741866678
v -0.12910370610358815 0.12529901396673016 -0.03181950979447178
v -0.12910370610358815 0.12529901396673016 -0.03181950979447178
v -0.1315036183128278 0.12788968102549142 -0.03215624433197391
v -0.12286001221655854 0.1308570857946783 -0.03181950979447178
v -0.11268164345748817 0.13133272117071418 0.02736027587213627
v -0.11309493124354622 0.13186470917615328 0.0291256478823602
v -0.11892857941919663 0.12624194452965035 0.02736027587213627
v -0.12075083641132268 0.12838109034179176 0.030751538741866678
v -0.11936540581845555 0.1267547198854393 0.0291256478823602
v -0.11440571258733598 0.13355188771660798 0.030751538741866678
v -0.12286001221655854 0.1308570857946783 0.03181950979447178
v -0.12075083641132268 0.12838109034179176 0.030751538741866678
v -0.11640125271588443 0.136120493320454 0.03181950979447178
v -0.11640125271588443 0.136120493320454 0.03181950979447178
v -0.11856797534666988 0.13890941132743956 0.03215624433197391
v -0.12286001221655854 0.1308570857946783 0.03181950979447178
v -0.11892857941919663 0.12624194452965035 -0.02736027587213627
v -0.11936540581845555 0.1267547198854393 -0.0291256478823602
v -0.11268164345748817 0.13133272117071418 -0.02736027587213627
v -0.11440571258733598 0.13355188771660798 -0.030751538741866678
v -0.11309493124354622 0.13186470917615328 -0.0291256478823602
v -0.12075083641132268 0.12838109034179176 -0.030751538741866678
v -0.11640125271588443 0.136120493320454 -0.03181950979447178
v -0.11440571258733598 0.13355188771660798 -0.030751538741866678
v -0.12286001221655854 0.1308570857946783 -0.03181950979447178
v -0.12286001221655854 0.1308570857946783 -0.03181950979447178
v -0.1251501255238787 0.1335454515269349 -0.03215624433197391
v -0.11640125271588443 0.136120493320454 -0.03181950979447178
v -0.10623093159188966 0.13610772165644547 0.02736027587213627
v -0.10661857533459297 0.13665866332923776 0.0291256478823602
v -0.11268164345748817 0.13133272117071418 0.02736027587213627
v -0.11440571258733598 0.13355188771660798 0.030751538741866678
v -0.11309493124354622 0.13186470917615328 0.0291256478823602
v -0.10784803144120927 0.1384060744375796 0.030751538741866678
v -0.11640125271588443 0.136120493320454 0.03181950979447178
v -0.11440571258733598 0.13355188771660798 0.030751538741866678
v -0.10971975405203009 0.14106630222288236 0.03181950979447178
v -0.10971975405203009 0.14106630222288236 0.03181950979447178
v -0.1117520456868863 0.14395477973912568 0.03215624433197391
v -0.11640125271588443 0.136120493320454 0.03181950979447178
v -0.11268164345748817 0.13133272117071418 -0.02736027587213627
v -0.11309493124354622 0.13186470917615328 -0.0291256478823602
v -0.10623093159188966 0.13610772165644547 -0.02736027587213627
v -0.10784803144120927 0.1384060744375796 -0.030751538741866678
v -0.10661857533459297 0.13665866332923776 -0.0291256478823602
v -0.11440571258733598 0.13355188771660798 -0.030751538741866678
v -0.10971975405203009 0.14106630222288236 -0.03181950979447178
v -0.10784803144120927 0.1384060744375796 -0.030751538741866678
v -0.11640125271588443 0.136120493320454 -0.03181950979447178
v -0.11640125271588443 0.136120493320454 -0.03181950979447178
v -0.11856797534666988 0.13890941132743956 -0.03215624433197391
v -0.10971975405203009 0.14106630222288236 -0.03181950979447178
v -0.0995670629080937 0.1405603659181171 0.02736027587213627
v -0.09992773412417887 0.1411293452282869 0.0291256478823602
v -0.10623093159188966 0.13610772165644547 0.02736027587213627
v -0.10784803144120927 0.1384060744375796 0.030751538741866678
v -0.10661857533459297 0.13665866332923776 0.0291256478823602
v -0.10107162056153474 0.14293390509679618 0.030751538741866678
v -0.10971975405203009 0.14106630222288236 0.03181950979447178
v -0.10784803144120927 0.1384060744375796 0.030751538741866678
v -0.10281307987301792 0.1456811845056134 0.03181950979447178
v -0.10281307987301792 0.1456811845056134 0.03181950979447178
v -0.10470394319396198 0.1486641713763263 0.03215624433197391
v -0.10971975405203009 0.14106630222288236 0.03181950979447178
v -0.10623093159188966 0.13610772165644547 -0.02736027587213627
v -0.10661857533459297 0.13665866332923776 -0.0291256478823602
v -0.0995670629080937 0.1405603659181171 -0.02736027587213627
v -0.10107162056153474 0.14293390509679618 -0.030751538741866678
v -0.09992773412417887 0.1411293452282869 -0.0291256478823602
v -0.10784803144120927 0.1384060744375796 -0.030751538741866678
v -0.10281307987301792 0.1456811845056134 -0.03181950979447178
v -0.10107162056153474 0.14293390509679618 -0.030751538741866678
v -0.10971975405203009 0.14106630222288236 -0.03181950979447178
v -0.10971975405203009 0.14106630222288236 -0.03181950979447178
v -0.1117520456868863 0.14395477973912568 -0.03215624433197391
v -0.10281307987301792 0.1456811845056134 -0.03181950979447178
v -0.0926869727822544 0.1446927689778201 0.02736027587213627
v -0.0930202925902131 0.1452781744799648 0.0291256478823602
v -0.0995670629080937 0.1405603659181171 0.02736027587213627
v -0.10107162056153474 0.14293390509679618 0.030751538741866678
v -0.09992773412417887 0.1411293452282869 0.0291256478823602
v -0.09407743914200437 0.147134808974011 0.030751538741866678
v -0.10281307987301792 0.1456811845056134 0.03181950979447178
v -0.10107162056153474 0.14293390509679618 0.030751538741866678
v -0.09568685105388285 0.1499614089051855 0.03181950979447178
v -0.09568685105388285 0.1499614089051855 0.03181950979447178
v -0.0974343197138462 0.15303049779765787 0.03215624433197391
v -0.10281307987301792 0.1456811845056134 0.03181950979447178
v -0.0995670629080937 0.1405603659181171 -0.02736027587213627
v -0.09992773412417887 0.1411293452282869 -0.0291256478823602
v -0.0926869727822544 0.1446927689778201 -0.02736027587213627
v -0.09407743914200437 0.147134808974011 -0.030751538741866678
v -0.0930202925902131 0.1452781744799648 -0.0291256478823602
v -0.10107162056153474 0.14293390509679618 -0.030751538741866678
v -0.09568685105388285 0.1499614089051855 -0.03181950979447178
v -0.09407743914200437 0.147134808974011 -0.030751538741866678
v -0.10281307987301792 0.1456811845056134 -0.03181950979447178
v -0.10281307987301792 0.1456811845056134 -0.03181950979447178
v -0.10470394319396198 0.1486641713763263 -0.03215624433197391
v -0.09568685105388285 0.1499614089051855 -0.03181950979447178
v -0.08559308317844401 0.14851601911463344 0.02736027587213627
v -0.08589968464611296 0.1491158077261892 0.0291256478823602
v -0.0926869727822544 0.1446927689778201 0.02736027587213627
v -0.09407743914200437 0.147134808974011 0.030751538741866678
v -0.0930202925902131 0.1452781744799648 0.0291256478823602
v -0.08687206245537658 0.1510181765754684 0.030751538741866678
v -0.09568685105388285 0.1499614089051855 0.03181950979447178
v -0.09407743914200437 0.147134808974011 0.030751538741866678
v -0.08835242444793774 0.15391429886543675 0.03181950979447178
v -0.08835242444793774 0.15391429886543675 0.03181950979447178
v -0.08995977409337848 0.15705890987324617 0.03215624433197391
v -0.09568685105388285 0.1499614089051855 0.03181950979447178
v -0.0926869727822544 0.1446927689778201 -0.02736027587213627
v -0.0930202925902131 0.1452781744799648 -0.0291256478823602
v -0.08559308317844401 0.14851601911463344 -0.02736027587213627
v -0.08687206245537658 0.1510181765754684 -0.030751538741866678
v -0.08589968464611296 0.1491158077261892 -0.0291256478823602
v -0.09407743914200437 0.147134808974011 -0.030751538741866678
v -0.08835242444793774 0.15391429886543675 -0.03181950979447178
v -0.08687206245537658 0.1510181765754684 -0.030751538741866678
v -0.09568685105388285 0.1499614089051855 -0.03181950979447178
v -0.09568685105388285 0.1499614089051855 -0.03181950979447178
v -0.0974343197138462 0.15303049779765787 -0.03215624433197391
v -0.08835242444793774 0.15391429886543675 -0.03181950979447178
v -0.07829590206355799 0.15204753528600334 0.02736027587213627
v -0.07857726234922284 0.15265958239294244 0.0291256478823602
v -0.08559308317844401 0.14851601911463344 0.02736027587213627
v -0.08687206245537658 0.1510181765754684 0.030751538741866678
v -0.08589968464611296 0.1491158077261892 0.0291256478823602
v -0.07946959064892331 0.15460066429962951 0.030751538741866678
v -0.08835242444793774 0.15391429886543675 0.03181950979447178
v -0.08687206245537658 0.1510181765754684 0.030751538741866678
v -0.08082809667485691 0.15755577220568534 0.03181950979447178
v -0.08082809667485691 0.15755577220568534 0.03181950979447178
v -0.08230313993839612 0.16076441418840204 0.03215624433197391
v -0.08835242444793774 0.15391429886543675 0.03181950979447178
v -0.08559308317844401 0.14851601911463344 -0.02736027587213627
v -0.08589968464611296 0.1491158077261892 -0.0291256478823602
v -0.07829590206355799 0.15204753528600334 -0.02736027587213627
v -0.07946959064892331 0.15460066429962951 -0.030751538741866678
v -0.07857726234922284 0.15265958239294244 -0.0291256478823602
v -0.08687206245537658 0.1510181765754684 -0.030751538741866678
v -0.08082809667485691 0.15755577220568534 -0.03181950979447178
v -0.07946959064892331 0.15460066429962951 -0.030751538741866678
v -0.08835242444793774 0.15391429886543675 -0.03181950979447178
v -0.08835242444793774 0.15391429886543675 -0.03181950979447178
v -0.08995977409337848 0.15705890987324617 -0.03215624433197391
v -0.08082809667485691 0.15755577220568534 -0.03181950979447178
v -0.07081867549672125 0.15530689463518282 0.02736027587213627
v -0.07107644441353213 0.1559291859307522 0.0291256478823602
v -0.07829590206355799 0.15204753528600334 0.02736027587213627
v -0.07946959064892331 0.15460066429962951 0.030751538741866678
v -0.07857726234922284 0.15265958239294244 0.0291256478823602
v -0.07189396999316452 0.15790290440280835 0.030751538741866678
v -0.08082809667485691 0.15755577220568534 0.03181950979447178
v -0.07946959064892331 0.15460066429962951 0.030751538741866678
v -0.07313859095205082 0.16090766497032893 0.03181950979447178
v -0.07313859095205082 0.16090766497032893 0.03181950979447178
v -0.07448996537288465 0.1641701704748181 0.03215624433197391
v -0.08082809667485691 0.15755577220568534 0.03181950979447178
v -0.07829590206355799 0.15204753528600334 -0.02736027587213627
v -0.07857726234922284 0.15265958239294244 -0.0291256478823602
v -0.07081867549672125 0.15530689463518282 -0.02736027587213627
v -0.07189396999316452 0.15790290440280835 -0.030751538741866678
v -0.07107644441353213 0.1559291859307522 -0.0291256478823602
v -0.07946959064892331 0.15460066429962951 -0.030751538741866678
v -0.07313859095205082 0.16090766497032893 -0.03181950979447178
v -0.07189396999316452 0.15790290440280835 -0.030751538741866678
v -0.08082809667485691 0.15755577220568534 -0.03181950979447178
v -0.08082809667485691 0.15755577220568534 -0.03181950979447178
v -0.08230313993839612 0.16076441418840204 -0.03215624433197391
v -0.07313859095205082 0.16090766497032893 -0.03181950979447178
v -0.06322677732400976 0.15828937313323904 0.02736027587213627
v -0.06346059037836377 0.1589211028947373 0.0291256478823602
v -0.07081867549672125 0.15530689463518282 0.02736027587213627
v -0.07189396999316452 0.15790290440280835 0.030751538741866678
v -0.07107644441353213 0.1559291859307522 0.0291256478823602
v -0.06420216220549771 0.16092464269867676 0.030751538741866678
v -0.07313859095205082 0.16090766497032893 0.03181950979447178
v -0.07189396999316452 0.15790290440280835 0.030751538741866678
v -0.0653311427728804 0.16397481149557508 0.03181950979447178
v -0.0653311427728804 0.16397481149557508 0.03181950979447178
v -0.06655697792330952 0.16728667710745287 0.03215624433197391
v -0.07313859095205082 0.16090766497032893 0.03181950979447178
v -0.07081867549672125 0.15530689463518282 -0.02736027587213627
v -0.07107644441353213 0.1559291859307522 -0.0291256478823602
v -0.06322677732400976 0.15828937313323904 -0.02736027587213627
v -0.06420216220549771 0.16092464269867676 -0.030751538741866678
v -0.06346059037836377 0.1589211028947373 -0.0291256478823602
v -0.07189396999316452 0.15790290440280835 -0.030751538741866678
v -0.0653311427728804 0.16397481149557508 -0.03181950979447178
v -0.06420216220549771 0.16092464269867676 -0.030751538741866678
v -0.07313859095205082 0.16090766497032893 -0.03181950979447178
v -0.07313859095205082 0.16090766497032893 -0.03181950979447178
v -0.07448996537288465 0.1641701704748181 -0.03215624433197391
v -0.0653311427728804 0.16397481149557508 -0.03181950979447178
v -0.055569716327834466 0.16095212359795164 0.02736027587213627
v -0.05577705084032171 0.16159303763905047 0.0291256478823602
v -0.06322677732400976 0.15828937313323904 0.02736027587213627
v -0.06420216220549771 0.16092464269867676 0.030751538741866678
v -0.06346059037836377 0.1589211028947373 0.0291256478823602
v -0.05643463566778697 0.16362578009494191 0.030751538741866678
v -0.0653311427728804 0.16397481149557508 0.03181950979447178
v -0.06420216220549771 0.16092464269867676 0.030751538741866678
v -0.05743574132812501 0.16672040751946293 0.03181950979447178
v -0.05743574132812501 0.16672040751946293 0.03181950979447178
v -0.058522733191641835 0.17008056853373127 0.03215624433197391
v -0.0653311427728804 0.16397481149557508 0.03181950979447178
v -0.06322677732400976 0.15828937313323904 -0.02736027587213627
v -0.06346059037836377 0.1589211028947373 -0.0291256478823602
v -0.055569716327834466 0.16095212359795164 -0.02736027587213627
v -0.05643463566778697 0.16362578009494191 -0.030751538741866678
v -0.05577705084032171 0.16159303763905047 -0.0291256478823602
v -0.06420216220549771 0.16092464269867676 -0.030751538741866678
v -0.05743574132812501 0.16672040751946293 -0.03181950979447178
v -0.05643463566778697 0.16362578009494191 -0.030751538741866678
v -0.0653311427728804 0.16397481149557508 -0.03181950979447178
v -0.0653311427728804 0.16397481149557508 -0.03181950979447178
v -0.06655697792330952 0.16728667710745287 -0.03215624433197391
v -0.05743574132812501 0.16672040751946293 -0.03181950979447178
v -0.047850130290848274 0.16326477795703304 0.02736027587213627
v -0.04802838684656351 0.1639144398446026 0.0291256478823602
v -0.055569716327834466 0.16095212359795164 0.02736027587213627
v -0.05643463566778697 0.16362578009494191 0.030751538741866678
v -0.05577705084032171 0.16159303763905047 0.0291256478823602
v -0.04859372601667225 0.16597480707882267 0.030751538741866678
v -0.05743574132812501 0.16672040751946293 0.03181950979447178
v -0.05643463566778697 0.16362578009494191 0.030751538741866678
v -0.04945440572050626 0.16911150953464188 0.03181950979447178
v -0.04945440572050626 0.16911150953464188 0.03181950979447178
v -0.05038892415474792 0.1725173377605848 0.03215624433197391
v -0.05743574132812501 0.16672040751946293 0.03181950979447178
v -0.055569716327834466 0.16095212359795164 -0.02736027587213627
v -0.05577705084032171 0.16159303763905047 -0.0291256478823602
v -0.047850130290848274 0.16326477795703304 -0.02736027587213627
v -0.04859372601667225 0.16597480707882267 -0.030751538741866678
v -0.04802838684656351 0.1639144398446026 -0.0291256478823602
v -0.05643463566778697 0.16362578009494191 -0.030751538741866678
v -0.04945440572050626 0.16911150953464188 -0.03181950979447178
v -0.04859372601667225 0.16597480707882267 -0.030751538741866678
v -0.05743574132812501 0.16672040751946293 -0.03181950979447178
v -0.05743574132812501 0.16672040751946293 -0.03181950979447178
v -0.058522733191641835 0.17008056853373127 -0.03215624433197391
v -0.04945440572050626 0.16911150953464188 -0.03181950979447178
v -0.04006314650909598 0.16520772549545087 0.02736027587213627
v -0.04021044508840296 0.16586507052449315 0.0291256478823602
v -0.047850130290848274 0.16326477795703304 0.02736027587213627
v -0.04859372601667225 0.16597480707882267 0.030751538741866678
v -0.04802838684656351 0.1639144398446026 0.0291256478823602
v -0.04067761078413884 0.16794994995351145 0.030751538741866678
v -0.04945440572050626 0.16911150953464188 0.03181950979447178
v -0.04859372601667225 0.16597480707882267 0.030751538741866678
v -0.041388824130922 0.17112397943185356 0.03181950979447178
v -0.041388824130922 0.17112397943185356 0.03181950979447178
v -0.042161056584419675 0.1745702760396606 0.03215624433197391
v -0.04945440572050626 0.16911150953464188 0.03181950979447178
v -0.047850130290848274 0.16326477795703304 -0.02736027587213627
v -0.04802838684656351 0.1639144398446026 -0.0291256478823602
v -0.04006314650909598 0.16520772549545087 -0.02736027587213627
v -0.04067761078413884 0.16794994995351145 -0.030751538741866678
v -0.04021044508840296 0.16586507052449315 -0.0291256478823602
v -0.04859372601667225 0.16597480707882267 -0.030751538741866678
v -0.041388824130922 0.17112397943185356 -0.03181950979447178
v -0.04067761078413884 0.16794994995351145 -0.030751538741866678
v -0.04945440572050626 0.16911150953464188 -0.03181950979447178
v -0.04945440572050626 0.16911150953464188 -0.03181950979447178
v -0.05038892415474792 0.1725173377605848 -0.03215624433197391
v -0.041388824130922 0.17112397943185356 -0.03181950979447178
v -0.032202568591327474 0.1667713023367587 0.02736027587213627
v -0.03231804591990345 0.167434978044168 0.0291256478823602
v -0.04006314650909598 0.16520772549545087 0.02736027587213627
v -0.04067761078413884 0.16794994995351145 0.030751538741866678
v -0.04021044508840296 0.16586507052449315 0.0291256478823602
v -0.03268428525537049 0.16953990941731686 0.030751538741866678
v -0.041388824130922 0.17112397943185356 0.03181950979447178
v -0.04067761078413884 0.16794994995351145 0.030751538741866678
v -0.03324185495657429 0.17274449401071656 0.03181950979447178
v -0.03324185495657429 0.17274449401071656 0.03181950979447178
v -0.0338472500552596 0.17622397872026566 0.03215624433197391
v -0.041388824130922 0.17112397943185356 0.03181950979447178
v -0.04006314650909598 0.16520772549545087 -0.02736027587213627
v -0.04021044508840296 0.16586507052449315 -0.0291256478823602
v -0.032202568591327474 0.1667713023367587 -0.02736027587213627
v -0.03268428525537049 0.16953990941731686 -0.030751538741866678
v -0.03231804591990345 0.167434978044168 -0.0291256478823602
v -0.04067761078413884 0.16794994995351145 -0.030751538741866678
v -0.03324185495657429 0.17274449401071656 -0.03181950979447178
v -0.03268428525537049 0.16953990941731686 -0.030751538741866678
v -0.041388824130922 0.17112397943185356 -0.03181950979447178
v -0.041388824130922 0.17112397943185356 -0.03181950979447178
v -0.042161056584419675 0.1745702760396606 -0.03215624433197391
v -0.03324185495657429 0.17274449401071656 -0.03181950979447178
v -0.024264809153134805 0.16795620869235153 0.02736027587213627
v -0.024348729009245045 0.16862460363272533 0.0291256478823602
v -0.032202568591327474 0.1667713023367587 0.02736027587213627
v -0.03268428525537049 0.16953990941731686 0.030751538741866678
v -0.03231804591990345 0.167434978044168 0.0291256478823602
v -0.024614890870860655 0.17074450322343734 0.030751538741866678
v -0.03324185495657429 0.17274449401071656 0.03181950979447178
v -0.03268428525537049 0.16953990941731686 0.030751538741866678
v -0.025020102246032336 0.1739718063194313 0.03181950979447178
v -0.025020102246032336 0.1739718063194313 0.03181950979447178
v -0.025460070004632462 0.17747599026654856 0.03215624433197391
v -0.03324185495657429 0.17274449401071656 0.03181950979447178
v -0.032202568591327474 0.1667713023367587 -0.02736027587213627
v -0.03231804591990345 0.167434978044168 -0.0291256478823602
v -0.024264809153134805 0.16795620869235153 -0.02736027587213627
v -0.024614890870860655 0.17074450322343734 -0.030751538741866678
v -0.024348729009245045 0.16862460363272533 -0.0291256478823602
v -0.03268428525537049 0.16953990941731686 -0.030751538741866678
v -0.025020102246032336 0.1739718063194313 -0.03181950979447178
v -0.024614890870860655 0.17074450322343734 -0.030751538741866678
v -0.03324185495657429 0.17274449401071656 -0.03181950979447178
v -0.03324185495657429 0.17274449401071656 -0.03181950979447178
v -0.0338472500552596 0.17622397872026566 -0.03215624433197391
v -0.025020102246032336 0.1739718063194313 -0.03181950979447178
v -0.016247815520017157 0.16877371029214164 0.02736027587213627
v -0.01630153036676734 0.1694452130200774 0.0291256478823602
v -0.024264809153134805 0.16795620869235153 0.02736027587213627
v -0.024614890870860655 0.17074450322343734 0.030751538741866678
v -0.024348729009245045 0.16862460363272533 0.0291256478823602
v -0.01647189755436615 0.17157484363079445 0.030751538741866678
v -0.025020102246032336 0.1739718063194313 0.03181950979447178
v -0.024614890870860655 0.17074450322343734 0.030751538741866678
v -0.01673126832464263 0.17481704300482462 0.03181950979447178
v -0.01673126832464263 0.17481704300482462 0.03181950979447178
v -0.017012887592604293 0.1783373989575885 0.03215624433197391
v -0.025020102246032336 0.1739718063194313 0.03181950979447178
v -0.024264809153134805 0.16795620869235153 -0.02736027587213627
v -0.024348729009245045 0.16862460363272533 -0.0291256478823602
v -0.016247815520017157 0.16877371029214164 -0.02736027587213627
v -0.01647189755436615 0.17157484363079445 -0.030751538741866678
v -0.01630153036676734 0.1694452130200774 -0.0291256478823602
v -0.024614890870860655 0.17074450322343734 -0.030751538741866678
v -0.01673126832464263 0.17481704300482462 -0.03181950979447178
v -0.01647189755436615 0.17157484363079445 -0.030751538741866678
v -0.025020102246032336 0.1739718063194313 -0.03181950979447178
v -0.025020102246032336 0.1739718063194313 -0.03181950979447178
v -0.025460070004632462 0.17747599026654856 -0.03215624433197391
v -0.01673126832464263 0.17481704300482462 -0.03181950979447178
v -0.008154637927914987 0.1692439310197864 0.02736027587213627
v -0.008180363502733557 0.16991704998909313 0.0291256478823602
v -0.016247815520017157 0.16877371029214164 0.02736027587213627
v -0.01647189755436615 0.17157484363079445 0.030751538741866678
v -0.01630153036676734 0.1694452130200774 0.0291256478823602
v -0.008261952518172314 0.17205183626590453 0.030751538741866678
v -0.01673126832464263 0.17481704300482462 0.03181950979447178
v -0.01647189755436615 0.17157484363079445 0.030751538741866678
v -0.00838617289725057 0.1753019010282088 0.03181950979447178
v -0.00838617289725057 0.1753019010282088 0.03181950979447178
v -0.008521045122278123 0.17883074584514663 0.03215624433197391
v -0.01673126832464263 0.17481704300482462 0.03181950979447178
v -0.016247815520017157 0.16877371029214164 -0.02736027587213627
v -0.01630153036676734 0.1694452130200774 -0.0291256478823602
v -0.008154637927914987 0.1692439310197864 -0.02736027587213627
v -0.008261952518172314 0.17205183626590453 -0.030751538741866678
v -0.008180363502733557 0.16991704998909313 -0.0291256478823602
v -0.01647189755436615 0.17157484363079445 -0.030751538741866678
v -0.00838617289725057 0.1753019010282088 -0.03181950979447178
v -0.008261952518172314 0.17205183626590453 -0.030751538741866678
v -0.01673126832464263 0.17481704300482462 -0.03181950979447178
v -0.01673126832464263 0.17481704300482462 -0.03181950979447178
v -0.017012887592604293 0.1783373989575885 -0.03215624433197391
v -0.00838617289725057 0.1753019010282088 -0.03181950979447178
v 7.193952689756451e-7 0.16939377146237714 0.02736027587213627
v 7.145993005158075e-7 0.17006732206884517 0.0291256478823602
v -0.008154637927914987 0.1692439310197864 0.02736027587213627
v -0.008261952518172314 0.17205183626590453 0.030751538741866678
v -0.008180363502733557 0.16991704998909313 0.0291256478823602
v 7.145993005158075e-7 0.17220365264750068 0.030751538741866678
v -0.00838617289725057 0.1753019010282088 0.03181950979447178
v -0.008261952518172314 0.17205183626590453 0.030751538741866678
v 7.145993005158075e-7 0.175455981106918 0.03181950979447178
v 7.145993005158075e-7 0.175455981106918 0.03181950979447178
v 7.145993005158075e-7 0.1789873150314865 0.03215624433197391
v -0.00838617289725057 0.1753019010282088 0.03181950979447178
v -0.008154637927914987 0.1692439310197864 -0.02736027587213627
v -0.008180363502733557 0.16991704998909313 -0.0291256478823602
v 7.193952689756451e-7 0.16939377146237714 -0.02736027587213627
v 7.145993005158075e-7 0.17220365264750068 -0.030751538741866678
v 7.145993005158075e-7 0.17006732206884517 -0.0291256478823602
v -0.008261952518172314 0.17205183626590453 -0.030751538741866678
v 7.145993005158075e-7 0.175455981106918 -0.03181950979447178
v 7.145993005158075e-7 0.17220365264750068 -0.030751538741866678
v -0.00838617289725057 0.1753019010282088 -0.03181950979447178
v -0.00838617289725057 0.1753019010282088 -0.03181950979447178
v -0.008521045122278123 0.17883074584514663 -0.03215624433197391
v 7.145993005158075e-7 0.175455981106918 -0.03181950979447178
v 0.008156071922484479 0.1692439310197864 0.02736027587213627
v 0.008181797497303049 0.16991704998909313 0.0291256478823602
v 7.193952689756451e-7 0.16939377146237714 0.02736027587213627
v 7.145993005158075e-7 0.17220365264750068 0.030751538741866678
v 7.145993005158075e-7 0.17006732206884517 0.0291256478823602
v 0.008263386512741807 0.17205183626590453 0.030751538741866678
v 7.145993005158075e-7 0.175455981106918 0.03181950979447178
v 7.145993005158075e-7 0.17220365264750068 0.030751538741866678
v 0.0083876020958516 0.1753019010282088 0.03181950979447178
v 0.0083876020958516 0.1753019010282088 0.03181950979447178
v 0.008522474320879155 0.17883074584514663 0.03215624433197391
v 7.145993005158075e-7 0.175455981106918 0.03181950979447178
v 7.193952689756451e-7 0.16939377146237714 -0.02736027587213627
v 7.145993005158075e-7 0.17006732206884517 -0.0291256478823602
v 0.008156071922484479 0.1692439310197864 -0.02736027587213627
v 0.008263386512741807 0.17205183626590453 -0.030751538741866678
v 0.008181797497303049 0.16991704998909313 -0.0291256478823602
v 7.145993005158075e-7 0.17220365264750068 -0.030751538741866678
v 0.0083876020958516 0.1753019010282088 -0.03181950979447178
v 0.008263386512741807 0.17205183626590453 -0.030751538741866678
v 7.145993005158075e-7 0.175455981106918 -0.03181950979447178
v 7.145993005158075e-7 0.175455981106918 -0.03181950979447178
v 7.145993005158075e-7 0.1789873150314865 -0.03215624433197391
v 0.0083876020958516 0.1753019010282088 -0.03181950979447178
v 0.016249249514586648 0.16877374386392083 0.02736027587213627
v 0.016302969157305287 0.1694452130200774 0.0291256478823602
v 0.008156071922484479 0.1692439310197864 0.02736027587213627
v 0.008263386512741807 0.17205183626590453 0.030751538741866678
v 0.008181797497303049 0.16991704998909313 0.0291256478823602
v 0.0164733363449041 0.17157484363079445 0.030751538741866678
v 0.0083876020958516 0.1753019010282088 0.03181950979447178
v 0.008263386512741807 0.17205183626590453 0.030751538741866678
v 0.01673270231921212 0.17481704300482462 0.03181950979447178
v 0.01673270231921212 0.17481704300482462 0.03181950979447178
v 0.01701431679120533 0.1783373989575885 0.03215624433197391
v 0.0083876020958516 0.1753019010282088 0.03181950979447178
v 0.008156071922484479 0.1692439310197864 -0.02736027587213627
v 0.008181797497303049 0.16991704998909313 -0.0291256478823602
v 0.016249249514586648 0.16877374386392083 -0.02736027587213627
v 0.0164733363449041 0.17157484363079445 -0.030751538741866678
v 0.016302969157305287 0.1694452130200774 -0.0291256478823602
v 0.008263386512741807 0.17205183626590453 -0.030751538741866678
v 0.01673270231921212 0.17481704300482462 -0.03181950979447178
v 0.0164733363449041 0.17157484363079445 -0.030751538741866678
v 0.0083876020958516 0.1753019010282088 -0.03181950979447178
v 0.0083876020958516 0.1753019010282088 -0.03181950979447178
v 0.008522474320879155 0.17883074584514663 -0.03215624433197391
v 0.01673270231921212 0.17481704300482462 -0.03181950979447178
v 0.024266243147704297 0.16795620869235153 0.02736027587213627
v 0.024350163003814533 0.16862460363272533 0.0291256478823602
v 0.016249249514586648 0.16877374386392083 0.02736027587213627
v 0.0164733363449041 0.17157484363079445 0.030751538741866678
v 0.016302969157305287 0.1694452130200774 0.0291256478823602
v 0.024616324865430143 0.17074450322343734 0.030751538741866678
v 0.01673270231921212 0.17481704300482462 0.03181950979447178
v 0.0164733363449041 0.17157484363079445 0.030751538741866678
v 0.025021536240601824 0.1739718063194313 0.03181950979447178
v 0.025021536240601824 0.1739718063194313 0.03181950979447178
v 0.02546150399920195 0.17747599026654856 0.03215624433197391
v 0.01673270231921212 0.17481704300482462 0.03181950979447178
v 0.016249249514586648 0.16877374386392083 -0.02736027587213627
v 0.016302969157305287 0.1694452130200774 -0.0291256478823602
v 0.024266243147704297 0.16795620869235153 -0.02736027587213627
v 0.024616324865430143 0.17074450322343734 -0.030751538741866678
v 0.024350163003814533 0.16862460363272533 -0.0291256478823602
v 0.0164733363449041 0.17157484363079445 -0.030751538741866678
v 0.025021536240601824 0.1739718063194313 -0.03181950979447178
v 0.024616324865430143 0.17074450322343734 -0.030751538741866678
v 0.01673270231921212 0.17481704300482462 -0.03181950979447178
v 0.01673270231921212 0.17481704300482462 -0.03181950979447178
v 0.01701431679120533 0.1783373989575885 -0.03215624433197391
v 0.025021536240601824 0.1739718063194313 -0.03181950979447178
v 0.03220400738186543 0.1667713023367587 0.02736027587213627
v 0.032319484710441396 0.167434978044168 0.0291256478823602
v 0.024266243147704297 0.16795620869235153 0.02736027587213627
v 0.024616324865430143 0.17074450322343734 0.030751538741866678
v 0.024350163003814533 0.16862460363272533 0.0291256478823602
v 0.032685724045908436 0.16953994778506454 0.030751538741866678
v 0.025021536240601824 0.1739718063194313 0.03181950979447178
v 0.024616324865430143 0.17074450322343734 0.030751538741866678
v 0.03324328895114378 0.17274452758249575 0.03181950979447178
v 0.03324328895114378 0.17274452758249575 0.03181950979447178
v 0.03384868404982908 0.17622401229204493 0.03215624433197391
v 0.025021536240601824 0.1739718063194313 0.03181950979447178
v 0.024266243147704297 0.16795620869235153 -0.02736027587213627
v 0.024350163003814533 0.16862460363272533 -0.0291256478823602
v 0.03220400738186543 0.1667713023367587 -0.02736027587213627
v 0.032685724045908436 0.16953994778506454 -0.030751538741866678
v 0.032319484710441396 0.167434978044168 -0.0291256478823602
v 0.024616324865430143 0.17074450322343734 -0.030751538741866678
v 0.03324328895114378 0.17274452758249575 -0.03181950979447178
v 0.032685724045908436 0.16953994778506454 -0.030751538741866678
v 0.025021536240601824 0.1739718063194313 -0.03181950979447178
v 0.025021536240601824 0.1739718063194313 -0.03181950979447178
v 0.02546150399920195 0.17747599026654856 -0.03215624433197391
v 0.03324328895114378 0.17274452758249575 -0.03181950979447178
v 0.04006458050366547 0.16520772549545087 0.02736027587213627
v 0.04021187908297247 0.16586510889224088 0.0291256478823602
v 0.03220400738186543 0.1667713023367587 0.02736027587213627
v 0.032685724045908436 0.16953994778506454 0.030751538741866678
v 0.032319484710441396 0.167434978044168 0.0291256478823602
v 0.04067904477870833 0.16794994995351145 0.030751538741866678
v 0.03324328895114378 0.17274452758249575 0.03181950979447178
v 0.032685724045908436 0.16953994778506454 0.030751538741866678
v 0.041390262921459954 0.17112397943185356 0.03181950979447178
v 0.041390262921459954 0.17112397943185356 0.03181950979447178
v 0.042162490578989166 0.1745702760396606 0.03215624433197391
v 0.03324328895114378 0.17274452758249575 0.03181950979447178
v 0.03220400738186543 0.1667713023367587 -0.02736027587213627
v 0.032319484710441396 0.167434978044168 -0.0291256478823602
v 0.04006458050366547 0.16520772549545087 -0.02736027587213627
v 0.04067904477870833 0.16794994995351145 -0.030751538741866678
v 0.04021187908297247 0.16586510889224088 -0.0291256478823602
v 0.032685724045908436 0.16953994778506454 -0.030751538741866678
v 0.041390262921459954 0.17112397943185356 -0.03181950979447178
v 0.04067904477870833 0.16794994995351145 -0.030751538741866678
v 0.03324328895114378 0.17274452758249575 -0.03181950979447178
v 0.03324328895114378 0.17274452758249575 -0.03181950979447178
v 0.03384868404982908 0.17622401229204493 -0.03215624433197391
v 0.041390262921459954 0.17112397943185356 -0.03181950979447178
v 0.04785156908138623 0.16326481632478068 0.02736027587213627
v 0.04802982084113302 0.1639144398446026 0.0291256478823602
v 0.04006458050366547 0.16520772549545087 0.02736027587213627
v 0.04067904477870833 0.16794994995351145 0.030751538741866678
v 0.04021187908297247 0.16586510889224088 0.0291256478823602
v 0.048595160011241756 0.16597480707882267 0.030751538741866678
v 0.041390262921459954 0.17112397943185356 0.03181950979447178
v 0.04067904477870833 0.16794994995351145 0.030751538741866678
v 0.04945584451104422 0.16911154790238953 0.03181950979447178
v 0.04945584451104422 0.16911154790238953 0.03181950979447178
v 0.050390358149317416 0.1725173377605848 0.03215624433197391
v 0.041390262921459954 0.17112397943185356 0.03181950979447178
v 0.04006458050366547 0.16520772549545087 -0.02736027587213627
v 0.04021187908297247 0.16586510889224088 -0.0291256478823602
v 0.04785156908138623 0.16326481632478068 -0.02736027587213627
v 0.048595160011241756 0.16597480707882267 -0.030751538741866678
v 0.04802982084113302 0.1639144398446026 -0.0291256478823602
v 0.04067904477870833 0.16794994995351145 -0.030751538741866678
v 0.04945584451104422 0.16911154790238953 -0.03181950979447178
v 0.048595160011241756 0.16597480707882267 -0.030751538741866678
v 0.041390262921459954 0.17112397943185356 -0.03181950979447178
v 0.041390262921459954 0.17112397943185356 -0.03181950979447178
v 0.042162490578989166 0.1745702760396606 -0.03215624433197391
v 0.04945584451104422 0.16911154790238953 -0.03181950979447178
v 0.055571150322403964 0.16095212359795164 0.02736027587213627
v 0.055778489630859664 0.16159303763905047 0.0291256478823602
v 0.04785156908138623 0.16326481632478068 0.02736027587213627
v 0.048595160011241756 0.16597480707882267 0.030751538741866678
v 0.04802982084113302 0.1639144398446026 0.0291256478823602
v 0.05643606966235646 0.16362578009494191 0.030751538741866678
v 0.04945584451104422 0.16911154790238953 0.03181950979447178
v 0.048595160011241756 0.16597480707882267 0.030751538741866678
v 0.05743718011866297 0.16672044109124212 0.03181950979447178
v 0.05743718011866297 0.16672044109124212 0.03181950979447178
v 0.05852417198217979 0.17008056853373127 0.03215624433197391
v 0.04945584451104422 0.16911154790238953 0.03181950979447178
v 0.04785156908138623 0.16326481632478068 -0.02736027587213627
v 0.04802982084113302 0.1639144398446026 -0.0291256478823602
v 0.055571150322403964 0.16095212359795164 -0.02736027587213627
v 0.05643606966235646 0.16362578009494191 -0.030751538741866678
v 0.055778489630859664 0.16159303763905047 -0.0291256478823602
v 0.048595160011241756 0.16597480707882267 -0.030751538741866678
v 0.05743718011866297 0.16672044109124212 -0.03181950979447178
v 0.05643606966235646 0.16362578009494191 -0.030751538741866678
v 0.04945584451104422 0.16911154790238953 -0.03181950979447178
v 0.04945584451104422 0.16911154790238953 -0.03181950979447178
v 0.050390358149317416 0.1725173377605848 -0.03215624433197391
v 0.05743718011866297 0.16672044109124212 -0.03181950979447178
v 0.06322821611454772 0.15828940670501823 0.02736027587213627
v 0.06346202916890173 0.15892114126248494 0.0291256478823602
v 0.055571150322403964 0.16095212359795164 0.02736027587213627
v 0.05643606966235646 0.16362578009494191 0.030751538741866678
v 0.055778489630859664 0.16159303763905047 0.0291256478823602
v 0.06420361058797257 0.16092464269867676 0.030751538741866678
v 0.05743718011866297 0.16672044109124212 0.03181950979447178
v 0.05643606966235646 0.16362578009494191 0.030751538741866678
v 0.06533258635938682 0.16397484986332272 0.03181950979447178
v 0.06533258635938682 0.16397484986332272 0.03181950979447178
v 0.06655840712191055 0.16728671547520052 0.03215624433197391
v 0.05743718011866297 0.16672044109124212 0.03181950979447178
v 0.055571150322403964 0.16095212359795164 -0.02736027587213627
v 0.055778489630859664 0.16159303763905047 -0.0291256478823602
v 0.06322821611454772 0.15828940670501823 -0.02736027587213627
v 0.06420361058797257 0.16092464269867676 -0.030751538741866678
v 0.06346202916890173 0.15892114126248494 -0.0291256478823602
v 0.05643606966235646 0.16362578009494191 -0.030751538741866678
v 0.06533258635938682 0.16397484986332272 -0.03181950979447178
v 0.06420361058797257 0.16092464269867676 -0.030751538741866678
v 0.05743718011866297 0.16672044109124212 -0.03181950979447178
v 0.05743718011866297 0.16672044109124212 -0.03181950979447178
v 0.05852417198217979 0.17008056853373127 -0.03215624433197391
v 0.06533258635938682 0.16397484986332272 -0.03181950979447178
v 0.07082011428725919 0.1553069282069621 0.02736027587213627
v 0.07107788320407009 0.15592921950253139 0.0291256478823602
v 0.06322821611454772 0.15828940670501823 0.02736027587213627
v 0.06420361058797257 0.16092464269867676 0.030751538741866678
v 0.06346202916890173 0.15892114126248494 0.0291256478823602
v 0.07189540398773402 0.15790290440280835 0.030751538741866678
v 0.06533258635938682 0.16397484986332272 0.03181950979447178
v 0.06420361058797257 0.16092464269867676 0.030751538741866678
v 0.07314002494662032 0.16090766497032893 0.03181950979447178
v 0.07314002494662032 0.16090766497032893 0.03181950979447178
v 0.07449140895939106 0.16417020404659732 0.03215624433197391
v 0.06533258635938682 0.16397484986332272 0.03181950979447178
v 0.06322821611454772 0.15828940670501823 -0.02736027587213627
v 0.06346202916890173 0.15892114126248494 -0.0291256478823602
v 0.07082011428725919 0.1553069282069621 -0.02736027587213627
v 0.07189540398773402 0.15790290440280835 -0.030751538741866678
v 0.07107788320407009 0.15592921950253139 -0.0291256478823602
v 0.06420361058797257 0.16092464269867676 -0.030751538741866678
v 0.07314002494662032 0.16090766497032893 -0.03181950979447178
v 0.07189540398773402 0.15790290440280835 -0.030751538741866678
v 0.06533258635938682 0.16397484986332272 -0.03181950979447178
v 0.06533258635938682 0.16397484986332272 -0.03181950979447178
v 0.06655840712191055 0.16728671547520052 -0.03215624433197391
v 0.07314002494662032 0.16090766497032893 -0.03181950979447178
v 0.07829734085409595 0.15204757365375107 0.02736027587213627
v 0.07857869634379235 0.15265958239294244 0.0291256478823602
v 0.07082011428725919 0.1553069282069621 0.02736027587213627
v 0.07189540398773402 0.15790290440280835 0.030751538741866678
v 0.07107788320407009 0.15592921950253139 0.0291256478823602
v 0.07947103423542971 0.15460066429962951 0.030751538741866678
v 0.07314002494662032 0.16090766497032893 0.03181950979447178
v 0.07189540398773402 0.15790290440280835 0.030751538741866678
v 0.0808295306694264 0.15755580577746453 0.03181950979447178
v 0.0808295306694264 0.15755580577746453 0.03181950979447178
v 0.08230457872893408 0.16076441418840204 0.03215624433197391
v 0.07314002494662032 0.16090766497032893 0.03181950979447178
v 0.07082011428725919 0.1553069282069621 -0.02736027587213627
v 0.07107788320407009 0.15592921950253139 -0.0291256478823602
v 0.07829734085409595 0.15204757365375107 -0.02736027587213627
v 0.07947103423542971 0.15460066429962951 -0.030751538741866678
v 0.07857869634379235 0.15265958239294244 -0.0291256478823602
v 0.07189540398773402 0.15790290440280835 -0.030751538741866678
v 0.0808295306694264 0.15755580577746453 -0.03181950979447178
v 0.07947103423542971 0.15460066429962951 -0.030751538741866678
v 0.07314002494662032 0.16090766497032893 -0.03181950979447178
v 0.07314002494662032 0.16090766497032893 -0.03181950979447178
v 0.07449140895939106 0.16417020404659732 -0.03215624433197391
v 0.0808295306694264 0.15755580577746453 -0.03181950979447178
v 0.08559452676495041 0.14851605748238117 0.02736027587213627
v 0.08590112343665092 0.14911584609393694 0.0291256478823602
v 0.07829734085409595 0.15204757365375107 0.02736027587213627
v 0.07947103423542971 0.15460066429962951 0.030751538741866678
v 0.07857869634379235 0.15265958239294244 0.0291256478823602
v 0.08687350604188299 0.15101821494321613 0.030751538741866678
v 0.0808295306694264 0.15755580577746453 0.03181950979447178
v 0.07947103423542971 0.15460066429962951 0.030751538741866678
v 0.08835385844250723 0.1539143372331844 0.03181950979447178
v 0.08835385844250723 0.1539143372331844 0.03181950979447178
v 0.0899612176798849 0.1570589482409938 0.03215624433197391
v 0.0808295306694264 0.15755580577746453 0.03181950979447178
v 0.07829734085409595 0.15204757365375107 -0.02736027587213627
v 0.07857869634379235 0.15265958239294244 -0.0291256478823602
v 0.08559452676495041 0.14851605748238117 -0.02736027587213627
v 0.08687350604188299 0.15101821494321613 -0.030751538741866678
v 0.08590112343665092 0.14911584609393694 -0.0291256478823602
v 0.07947103423542971 0.15460066429962951 -0.030751538741866678
v 0.08835385844250723 0.1539143372331844 -0.03181950979447178
v 0.08687350604188299 0.15101821494321613 -0.030751538741866678
v 0.0808295306694264 0.15755580577746453 -0.03181950979447178
v 0.0808295306694264 0.15755580577746453 -0.03181950979447178
v 0.08230457872893408 0.16076441418840204 -0.03215624433197391
v 0.08835385844250723 0.1539143372331844 -0.03181950979447178
v 0.09268841157279235 0.1446927689778201 0.02736027587213627
v 0.09302173138075108 0.1452781744799648 0.0291256478823602
v 0.08559452676495041 0.14851605748238117 0.02736027587213627
v 0.08687350604188299 0.15101821494321613 0.030751538741866678
v 0.08590112343665092 0.14911584609393694 0.0291256478823602
v 0.09407888272851078 0.14713484254579018 0.030751538741866678
v 0.08835385844250723 0.1539143372331844 0.03181950979447178
v 0.08687350604188299 0.15101821494321613 0.030751538741866678
v 0.09568828984442079 0.14996144727293315 0.03181950979447178
v 0.09568828984442079 0.14996144727293315 0.03181950979447178
v 0.09743576330035261 0.15303053616540552 0.03215624433197391
v 0.08835385844250723 0.1539143372331844 0.03181950979447178
v 0.08559452676495041 0.14851605748238117 -0.02736027587213627
v 0.08590112343665092 0.14911584609393694 -0.0291256478823602
v 0.09268841157279235 0.1446927689778201 -0.02736027587213627
v 0.09407888272851078 0.14713484254579018 -0.030751538741866678
v 0.09302173138075108 0.1452781744799648 -0.0291256478823602
v 0.08687350604188299 0.15101821494321613 -0.030751538741866678
v 0.09568828984442079 0.14996144727293315 -0.03181950979447178
v 0.09407888272851078 0.14713484254579018 -0.030751538741866678
v 0.08835385844250723 0.1539143372331844 -0.03181950979447178
v 0.08835385844250723 0.1539143372331844 -0.03181950979447178
v 0.0899612176798849 0.1570589482409938 -0.03215624433197391
v 0.09568828984442079 0.14996144727293315 -0.03181950979447178
v 0.09956850169863166 0.14056040428586483 0.02736027587213627
v 0.09992917291471683 0.14112938359603455 0.0291256478823602
v 0.09268841157279235 0.1446927689778201 0.02736027587213627
v 0.09407888272851078 0.14713484254579018 0.030751538741866678
v 0.09302173138075108 0.1452781744799648 0.0291256478823602
v 0.1010730593520727 0.14293394346454383 0.030751538741866678
v 0.09568828984442079 0.14996144727293315 0.03181950979447178
v 0.09407888272851078 0.14713484254579018 0.030751538741866678
v 0.10281452345952434 0.14568121807739268 0.03181950979447178
v 0.10281452345952434 0.14568121807739268 0.03181950979447178
v 0.10470538198449993 0.1486641713763263 0.03215624433197391
v 0.09568828984442079 0.14996144727293315 0.03181950979447178
v 0.09268841157279235 0.1446927689778201 -0.02736027587213627
v 0.09302173138075108 0.1452781744799648 -0.0291256478823602
v 0.09956850169863166 0.14056040428586483 -0.02736027587213627
v 0.1010730593520727 0.14293394346454383 -0.030751538741866678
v 0.09992917291471683 0.14112938359603455 -0.0291256478823602
v 0.09407888272851078 0.14713484254579018 -0.030751538741866678
v 0.10281452345952434 0.14568121807739268 -0.03181950979447178
v 0.1010730593520727 0.14293394346454383 -0.030751538741866678
v 0.09568828984442079 0.14996144727293315 -0.03181950979447178
v 0.09568828984442079 0.14996144727293315 -0.03181950979447178
v 0.09743576330035261 0.15303053616540552 -0.03215624433197391
v 0.10281452345952434 0.14568121807739268 -0.03181950979447178
v 0.10623237997436455 0.13610776002419311 0.02736027587213627
v 0.1066200285130363 0.1366587016969854 0.0291256478823602
v 0.09956850169863166 0.14056040428586483 0.02736027587213627
v 0.1010730593520727 0.14293394346454383 0.030751538741866678
v 0.09992917291471683 0.14112938359603455 0.0291256478823602
v 0.10784947023174722 0.1384061080093588 0.030751538741866678
v 0.10281452345952434 0.14568121807739268 0.03181950979447178
v 0.1010730593520727 0.14293394346454383 0.030751538741866678
v 0.10972119763853652 0.14106633579466157 0.03181950979447178
v 0.10972119763853652 0.14106633579466157 0.03181950979447178
v 0.11175348927339271 0.1439548133109049 0.03215624433197391
v 0.10281452345952434 0.14568121807739268 0.03181950979447178
v 0.09956850169863166 0.14056040428586483 -0.02736027587213627
v 0.09992917291471683 0.14112938359603455 -0.0291256478823602
v 0.10623237997436455 0.13610776002419311 -0.02736027587213627
v 0.10784947023174722 0.1384061080093588 -0.030751538741866678
v 0.1066200285130363 0.1366587016969854 -0.0291256478823602
v 0.1010730593520727 0.14293394346454383 -0.030751538741866678
v 0.10972119763853652 0.14106633579466157 -0.03181950979447178
v 0.10784947023174722 0.1384061080093588 -0.030751538741866678
v 0.10281452345952434 0.14568121807739268 -0.03181950979447178
v 0.10281452345952434 0.14568121807739268 -0.03181950979447178
v 0.10470538198449993 0.1486641713763263 -0.03215624433197391
v 0.10972119763853652 0.14106633579466157 -0.03181950979447178
v 0.11268309183996303 0.1313327931102411 0.02736027587213627
v 0.11309637003408417 0.13186474754390093 0.0291256478823602
v 0.10623237997436455 0.13610776002419311 0.02736027587213627
v 0.10784947023174722 0.1384061080093588 0.030751538741866678
v 0.1066200285130363 0.1366587016969854 0.0291256478823602
v 0.1144071561738424 0.1335519260843557 0.030751538741866678
v 0.10972119763853652 0.14106633579466157 0.03181950979447178
v 0.10784947023174722 0.1384061080093588 0.030751538741866678
v 0.1164026915064224 0.13612053168820165 0.03181950979447178
v 0.1164026915064224 0.13612053168820165 0.03181950979447178
v 0.11856942372914477 0.13890948326696642 0.03215624433197391
v 0.10972119763853652 0.14106633579466157 0.03181950979447178
v 0.10623237997436455 0.13610776002419311 -0.02736027587213627
v 0.1066200285130363 0.1366587016969854 -0.0291256478823602
v 0.11268309183996303 0.1313327931102411 -0.02736027587213627
v 0.1144071561738424 0.1335519260843557 -0.030751538741866678
v 0.11309637003408417 0.13186474754390093 -0.0291256478823602
v 0.10784947023174722 0.1384061080093588 -0.030751538741866678
v 0.1164026915064224 0.13612053168820165 -0.03181950979447178
v 0.1144071561738424 0.1335519260843557 -0.030751538741866678
v 0.10972119763853652 0.14106633579466157 -0.03181950979447178
v 0.10972119763853652 0.14106633579466157 -0.03181950979447178
v 0.11175348927339271 0.1439548133109049 -0.03215624433197391
v 0.1164026915064224 0.13612053168820165 -0.03181950979447178
v 0.11893003259763994 0.12624198289739805 0.02736027587213627
v 0.11936685899689888 0.12675475825318694 0.0291256478823602
v 0.11268309183996303 0.1313327931102411 0.02736027587213627
v 0.1144071561738424 0.1335519260843557 0.030751538741866678
v 0.11309637003408417 0.13186474754390093 0.0291256478823602
v 0.12075228479379757 0.12838112391357095 0.030751538741866678
v 0.1164026915064224 0.13612053168820165 0.03181950979447178
v 0.1144071561738424 0.1335519260843557 0.030751538741866678
v 0.12286146059903343 0.1308571193664575 0.03181950979447178
v 0.12286146059903343 0.1308571193664575 0.03181950979447178
v 0.12515157870232202 0.1335454850987141 0.03215624433197391
v 0.1164026915064224 0.13612053168820165 0.03181950979447178
v 0.11268309183996303 0.1313327931102411 -0.02736027587213627
v 0.11309637003408417 0.13186474754390093 -0.0291256478823602
v 0.11893003259763994 0.12624198289739805 -0.02736027587213627
v 0.12075228479379757 0.12838112391357095 -0.030751538741866678
v 0.11936685899689888 0.12675475825318694 -0.0291256478823602
v 0.1144071561738424 0.1335519260843557 -0.030751538741866678
v 0.12286146059903343 0.1308571193664575 -0.03181950979447178
v 0.12075228479379757 0.12838112391357095 -0.030751538741866678
v 0.1164026915064224 0.13612053168820165 -0.03181950979447178
v 0.1164026915064224 0.13612053168820165 -0.03181950979447178
v 0.11856942372914477 0.13890948326696642 -0.03215624433197391
v 0.12286146059903343 0.1308571193664575 -0.03181950979447178
v 0.1249852593121033 0.12085171241392269 0.02736027587213627
v 0.12544302970562637 0.12134586502418208 0.0291256478823602
v 0.11893003259763994 0.12624198289739805 0.02736027587213627
v 0.12075228479379757 0.12838112391357095 0.030751538741866678
v 0.11936685899689888 0.12675475825318694 0.0291256478823602
v 0.12689487007375685 0.12291310118942472 0.030751538741866678
v 0.12286146059903343 0.1308571193664575 0.03181950979447178
v 0.12075228479379757 0.12838112391357095 0.030751538741866678
v 0.12910516407799993 0.12529908590625707 0.03181950979447178
v 0.12910516407799993 0.12529908590625707 0.03181950979447178
v 0.13150507628723962 0.12788971939323907 0.03215624433197391
v 0.12286146059903343 0.1308571193664575 0.03181950979447178
v 0.11893003259763994 0.12624198289739805 -0.02736027587213627
v 0.11936685899689888 0.12675475825318694 -0.0291256478823602
v 0.1249852593121033 0.12085171241392269 -0.02736027587213627
v 0.12689487007375685 0.12291310118942472 -0.030751538741866678
v 0.12544302970562637 0.12134586502418208 -0.0291256478823602
v 0.12075228479379757 0.12838112391357095 -0.030751538741866678
v 0.12910516407799993 0.12529908590625707 -0.03181950979447178
v 0.12689487007375685 0.12291310118942472 -0.030751538741866678
v 0.12286146059903343 0.1308571193664575 -0.03181950979447178
v 0.12286146059903343 0.1308571193664575 -0.03181950979447178
v 0.12515157870232202 0.1335454850987141 -0.03215624433197391
v 0.12910516407799993 0.12529908590625707 -0.03181950979447178
v 0.12753179866506562 0.11839704942874556 0.02736027587213627
v 0.12927020294463987 0.11765679169696958 0.0291256478823602
v 0.1249852593121033 0.12085171241392269 0.02736027587213627
v 0.12689487007375685 0.12291310118942472 0.030751538741866678
v 0.12544302970562637 0.12134586502418208 0.0291256478823602
v 0.1319231600417575 0.11806623791229132 0.030751538741866678
v 0.12910516407799993 0.12529908590625707 0.03181950979447178
v 0.12689487007375685 0.12291310118942472 0.030751538741866678
v 0.13494880705192064 0.11966625931792543 0.03181950979447178
v 0.13494880705192064 0.11966625931792543 0.03181950979447178
v 0.13764158027919185 0.12197463567314061 0.03215624433197391
v 0.12910516407799993 0.12529908590625707 0.03181950979447178
v 0.12753179866506562 0.11839704942874556 -0.02736027587213627
v 0.12927020294463987 0.11765679169696958 -0.0291256478823602
v 0.12753179866506562 0.11839704942874556 0.02736027587213627
v 0.1319231600417575 0.11806623791229132 0.030751538741866678
v 0.12927020294463987 0.11765679169696958 0.0291256478823602
v 0.1319231600417575 0.11806623791229132 -0.030751538741866678
v 0.13494880705192064 0.11966625931792543 0.03181950979447178
v 0.1319231600417575 0.11806623791229132 0.030751538741866678
v 0.13494880705192064 0.11966625931792543 -0.03181950979447178
v 0.13494880705192064 0.11966625931792543 -0.03181950979447178
v 0.13764158027919185 0.12197463567314061 -0.03215624433197391
v 0.13494880705192064 0.11966625931792543 0.03181950979447178
v 0.1249852593121033 0.12085171241392269 -0.02736027587213627
v 0.12544302970562637 0.12134586502418208 -0.0291256478823602
v 0.12753179866506562 0.11839704942874556 -0.02736027587213627
v 0.1319231600417575 0.11806623791229132 -0.030751538741866678
v 0.12927020294463987 0.11765679169696958 -0.0291256478823602
v 0.12689487007375685 0.12291310118942472 -0.030751538741866678
v 0.13494880705192064 0.11966625931792543 -0.03181950979447178
v 0.1319231600417575 0.11806623791229132 -0.030751538741866678
v 0.12910516407799993 0.12529908590625707 -0.03181950979447178
v 0.12910516407799993 0.12529908590625707 -0.03181950979447178
v 0.13150507628723962 0.12788971939323907 -0.03215624433197391
v 0.13494880705192064 0.11966625931792543 -0.03181950979447178
v -0.18996096327048823 0.01779807155892778 -0.034122591400507336
v -0.19188950851562123 0.01818172025990403 -0.03215624433197391
v -0.2027641943434385 0.02012188613661525 -0.034122591400507336
v -0.18996096327048823 0.01779807155892778 0.034122591400507336
v -0.19188950851562123 0.01818172025990403 0.03215624433197391
v -0.18996096327048823 0.01779807155892778 -0.034122591400507336
v -0.2027641943434385 0.02012188613661525 0.034122591400507336
v -0.20083562511846323 0.019738271007418203 0.03215624433197391
v -0.18996096327048823 0.01779807155892778 0.034122591400507336
v -0.2027641943434385 0.02012188613661525 -0.034122591400507336
v -0.20083562511846323 0.019738271007418203 -0.03215624433197391
v -0.2027641943434385 0.02012188613661525 0.034122591400507336
v -0.1900552184386294 0.06301834693272947 -0.034122591400507336
v -0.18822502411870232 0.062299383300915244 -0.03215624433197391
v -0.17800552513412038 0.05810543357796716 -0.034122591400507336
v -0.17800552513412038 0.05810543357796716 -0.034122591400507336
v -0.17983570027017365 0.058824435577529095 -0.03215624433197391
v -0.17800552513412038 0.05810543357796716 0.034122591400507336
v -0.17800552513412038 0.05810543357796716 0.034122591400507336
v -0.17983570027017365 0.058824435577529095 0.03215624433197391
v -0.1900552184386294 0.06301834693272947 0.034122591400507336
v -0.1900552184386294 0.06301834693272947 0.034122591400507336
v -0.18822502411870232 0.062299383300915244 0.03215624433197391
v -0.1900552184386294 0.06301834693272947 -0.034122591400507336
v 0.178007002292406 0.05810550551749408 -0.034122591400507336
v 0.17983717742845926 0.05882446914930829 -0.03215624433197391
v 0.19005669559691504 0.06301838050450867 -0.034122591400507336
v 0.178007002292406 0.05810550551749408 0.034122591400507336
v 0.17983717742845926 0.05882446914930829 0.03215624433197391
v 0.178007002292406 0.05810550551749408 -0.034122591400507336
v 0.19005669559691504 0.06301838050450867 0.034122591400507336
v 0.18822648209311407 0.06229945524044209 0.03215624433197391
v 0.178007002292406 0.05810550551749408 0.034122591400507336
v 0.19005669559691504 0.06301838050450867 -0.034122591400507336
v 0.18822648209311407 0.06229945524044209 -0.03215624433197391
v 0.19005669559691504 0.06301838050450867 0.034122591400507336
v 0.20276567150172412 0.020121958076142102 -0.034122591400507336
v 0.20083712146062266 0.01973834774291357 -0.03215624433197391
v 0.18996244042877386 0.017798143498454704 -0.034122591400507336
v 0.18996244042877386 0.017798143498454704 -0.034122591400507336
v 0.19189100485778068 0.01818175383168323 -0.03215624433197391
v 0.18996244042877386 0.017798143498454704 0.034122591400507336
v 0.18996244042877386 0.017798143498454704 0.034122591400507336
v 0.19189100485778068 0.01818175383168323 0.03215624433197391
v 0.20276567150172412 0.020121958076142102 0.034122591400507336
v 0.20276567150172412 0.020121958076142102 0.034122591400507336
v 0.20083712146062266 0.01973834774291357 0.03215624433197391
v 0.20276567150172412 0.020121958076142102 -0.034122591400507336
vt 0.796462 0.559943
vt 0.795431 0.57399
vt 0.777825 0.573771
vt 0.810185 0.679648
vt 0.793597 0.679471
vt 0.795431 0.57399
vt 0.777067 0.693563
vt 0.77599 0.679252
vt 0.793597 0.679471
vt 0.760891 0.573592
vt 0.777825 0.573771
vt 0.77599 0.679252
vt 0.797481 0.546054
vt 0.796462 0.559943
vt 0.778887 0.559431
vt 0.826588 0.679823
vt 0.810185 0.679648
vt 0.81202 0.574167
vt 0.778156 0.70804
vt 0.777067 0.693563
vt 0.794642 0.69349
vt 0.74376 0.57341
vt 0.760891 0.573592
vt 0.759056 0.679072
vt 0.798497 0.532207
vt 0.797481 0.546054
vt 0.779961 0.544926
vt 0.842939 0.679997
vt 0.826588 0.679823
vt 0.828422 0.574342
vt 0.779246 0.722524
vt 0.778156 0.70804
vt 0.795676 0.707352
vt 0.726621 0.573229
vt 0.74376 0.57341
vt 0.741925 0.678891
vt 0.799508 0.518427
vt 0.798497 0.532207
vt 0.781035 0.530413
vt 0.859213 0.680171
vt 0.842939 0.679997
vt 0.844774 0.574517
vt 0.780333 0.736973
vt 0.779246 0.722524
vt 0.796706 0.721171
vt 0.709523 0.573048
vt 0.726621 0.573229
vt 0.724786 0.67871
vt 0.805695 0.98204
vt 0.808293 0.99551
vt 0.787594 0.999875
vt 0.85591 0.817935
vt 0.869613 0.816336
vt 0.869613 0.927417
vt 0.784832 0.758198
vt 0.787594 0.743878
vt 0.808293 0.748243
vt 0.905334 0.925817
vt 0.890765 0.927417
vt 0.890765 0.816336
vt 0.803757 0.968528
vt 0.805695 0.98204
vt 0.784832 0.985555
vt 0.84229 0.817935
vt 0.85591 0.817935
vt 0.85591 0.925817
vt 0.782751 0.772702
vt 0.784832 0.758198
vt 0.805695 0.761713
vt 0.919954 0.925817
vt 0.905334 0.925817
vt 0.905334 0.817935
vt 0.802446 0.954916
vt 0.803757 0.968528
vt 0.782751 0.97105
vt 0.828692 0.817935
vt 0.84229 0.817935
vt 0.84229 0.925817
vt 0.781349 0.787264
vt 0.782751 0.772702
vt 0.803757 0.775224
vt 0.934502 0.925817
vt 0.919954 0.925817
vt 0.919954 0.817935
vt 0.801728 0.941224
vt 0.802446 0.954916
vt 0.781349 0.956488
vt 0.815127 0.817935
vt 0.828692 0.817935
vt 0.828692 0.925817
vt 0.780584 0.801837
vt 0.781349 0.787264
vt 0.802446 0.788836
vt 0.948939 0.925817
vt 0.934502 0.925817
vt 0.934502 0.817935
vt 0.801551 0.927417
vt 0.801728 0.941224
vt 0.780584 0.941916
vt 0.801551 0.816336
vt 0.815127 0.817935
vt 0.815127 0.925817
vt 0.780398 0.816336
vt 0.780584 0.801837
vt 0.801728 0.802528
vt 0.963195 0.927417
vt 0.948939 0.925817
vt 0.948939 0.817935
vt 0.087196 0.952988
vt 0.100985 0.952988
vt 0.100985 0.967746
vt 0.874373 0.032411999999999996
vt 0.874373 0.018398000000000025
vt 0.979993 0.018398000000000025
vt 0.704746 0.976105
vt 0.711395 0.989949
vt 0.697926 0.999875
vt 0.014523 0.842236
vt 0.000125 0.842236
vt 0.000125 0.737724
vt 0.073454 0.952988
vt 0.087196 0.952988
vt 0.087173 0.967746
vt 0.874373 0.046386999999999956
vt 0.874373 0.032411999999999996
vt 0.979993 0.032411999999999996
vt 0.69741 0.962318
vt 0.704746 0.976105
vt 0.691534 0.986491
vt 0.028943 0.842236
vt 0.014523 0.842236
vt 0.014523 0.737724
vt 0.667632 0.97935
vt 0.681287 0.975722
vt 0.681398 0.992287
vt 0.874373 0.06030000000000002
vt 0.874373 0.046386999999999956
vt 0.979993 0.046386999999999956
vt 0.689107 0.948349
vt 0.69741 0.962318
vt 0.684472 0.973222
vt 0.043389 0.842236
vt 0.028943 0.842236
vt 0.028943 0.737724
vt 0.654083 0.983123
vt 0.667632 0.97935
vt 0.667712 0.996002
vt 0.874373 0.07412600000000003
vt 0.874373 0.06030000000000002
vt 0.979993 0.06030000000000002
vt 0.679931 0.934377
vt 0.689107 0.948349
vt 0.676508 0.959786
vt 0.057851 0.842236
vt 0.043389 0.842236
vt 0.043389 0.737724
vt 0.640622 0.983479
vt 0.654083 0.983123
vt 0.654134 0.999875
vt 0.874373 0.087843
vt 0.874373 0.07412600000000003
vt 0.979993 0.07412600000000003
vt 0.669892 0.920487
vt 0.679931 0.934377
vt 0.667704 0.946377
vt 0.072319 0.842236
vt 0.057851 0.842236
vt 0.057851 0.737724
vt 0.627222 0.98382
vt 0.640622 0.983479
vt 0.640655 0.999875
vt 0.874373 0.10143199999999997
vt 0.874373 0.087843
vt 0.979993 0.087843
vt 0.659071 0.90674
vt 0.669892 0.920487
vt 0.658084 0.933007
vt 0.086782 0.842236
vt 0.072319 0.842236
vt 0.072319 0.737724
vt 0.613871 0.984241
vt 0.627222 0.98382
vt 0.627245 0.999875
vt 0.874373 0.114877
vt 0.874373 0.10143199999999997
vt 0.979993 0.10143199999999997
vt 0.647543 0.89264
vt 0.659071 0.90674
vt 0.647689 0.918884
vt 0.101228 0.842236
vt 0.086782 0.842236
vt 0.086782 0.737724
vt 0.600481 0.984583
vt 0.613871 0.984241
vt 0.613883 0.999875
vt 0.874373 0.12816899999999998
vt 0.874373 0.114877
vt 0.979993 0.114877
vt 0.635394 0.878756
vt 0.647543 0.89264
vt 0.636638 0.904552
vt 0.115648 0.842236
vt 0.101228 0.842236
vt 0.101228 0.737724
vt 0.587208 0.985386
vt 0.600481 0.984583
vt 0.600546 0.999875
vt 0.874373 0.14130500000000001
vt 0.874373 0.12816899999999998
vt 0.979993 0.12816899999999998
vt 0.622795 0.865761
vt 0.635394 0.878756
vt 0.624879 0.891299
vt 0.130045 0.842236
vt 0.115648 0.842236
vt 0.115648 0.737724
vt 0.573393 0.985931
vt 0.587208 0.985386
vt 0.587273 0.999875
vt 0.589852 0.881593
vt 0.5955 0.882642
vt 0.576122 0.970323
vt 0.60914 0.854762
vt 0.622795 0.865761
vt 0.613063 0.877409
vt 0.144443 0.842236
vt 0.130045 0.842236
vt 0.130045 0.737724
vt 0.560482 0.985441
vt 0.573393 0.985931
vt 0.573817 0.999875
vt 0.577016 0.878987
vt 0.589852 0.881593
vt 0.571204 0.969342
vt 0.59355 0.847969
vt 0.60914 0.854762
vt 0.600253 0.867159
vt 0.158863 0.842236
vt 0.144443 0.842236
vt 0.144443 0.737724
vt 0.547585 0.985485
vt 0.560482 0.985441
vt 0.560661 0.999875
vt 0.563773 0.877632
vt 0.577016 0.878987
vt 0.559421 0.967884
vt 0.577198 0.844387
vt 0.59355 0.847969
vt 0.586504 0.861827
vt 0.173309 0.842236
vt 0.158863 0.842236
vt 0.158863 0.737724
vt 0.534938 0.985399
vt 0.547585 0.985485
vt 0.54776 0.999875
vt 0.550195 0.877292
vt 0.563773 0.877632
vt 0.547434 0.966692
vt 0.560652 0.842987
vt 0.577198 0.844387
vt 0.571688 0.858855
vt 0.187771 0.842236
vt 0.173309 0.842236
vt 0.173309 0.737724
vt 0.522329 0.985381
vt 0.534938 0.985399
vt 0.535022 0.999875
vt 0.536372 0.877275
vt 0.550195 0.877292
vt 0.535248 0.965902
vt 0.544261 0.842987
vt 0.560652 0.842987
vt 0.556666 0.85768
vt 0.20224 0.842236
vt 0.187771 0.842236
vt 0.187771 0.737724
vt 0.509718 0.985348
vt 0.522329 0.985381
vt 0.522367 0.999875
vt 0.522346 0.877304
vt 0.536372 0.877275
vt 0.522891 0.965525
vt 0.528126 0.842987
vt 0.544261 0.842987
vt 0.541474 0.857534
vt 0.216702 0.842236
vt 0.20224 0.842236
vt 0.20224 0.737724
vt 0.497044 0.985321
vt 0.509718 0.985348
vt 0.509714 0.999875
vt 0.508162 0.877313
vt 0.522346 0.877304
vt 0.510416 0.965384
vt 0.512302 0.842987
vt 0.528126 0.842987
vt 0.526302 0.857498
vt 0.231148 0.842236
vt 0.216702 0.842236
vt 0.216702 0.737724
vt 0.484291 0.985289
vt 0.497044 0.985321
vt 0.49702 0.999875
vt 0.49386 0.877292
vt 0.508162 0.877313
vt 0.497818 0.96537
vt 0.496798 0.842987
vt 0.512302 0.842987
vt 0.511199 0.857511
vt 0.245568 0.842236
vt 0.231148 0.842236
vt 0.231148 0.737724
vt 0.471456 0.985261
vt 0.484291 0.985289
vt 0.484268 0.999875
vt 0.479487 0.877245
vt 0.49386 0.877292
vt 0.485083 0.965409
vt 0.481606 0.842987
vt 0.496798 0.842987
vt 0.49621 0.857544
vt 0.259966 0.842236
vt 0.245568 0.842236
vt 0.245568 0.737724
vt 0.458569 0.985233
vt 0.471456 0.985261
vt 0.471455 0.999875
vt 0.465163 0.877189
vt 0.479487 0.877245
vt 0.472204 0.965473
vt 0.46669 0.842987
vt 0.481606 0.842987
vt 0.481349 0.857578
vt 0.274363 0.842236
vt 0.259966 0.842236
vt 0.259966 0.737724
vt 0.445662 0.985206
vt 0.458569 0.985233
vt 0.458593 0.999875
vt 0.450993 0.877124
vt 0.465163 0.877189
vt 0.459247 0.965536
vt 0.452014 0.842987
vt 0.46669 0.842987
vt 0.466654 0.857609
vt 0.288784 0.842236
vt 0.274363 0.842236
vt 0.274363 0.737724
vt 0.432744 0.98518
vt 0.445662 0.985206
vt 0.445695 0.999875
vt 0.436986 0.877055
vt 0.450993 0.877124
vt 0.446284 0.965587
vt 0.437553 0.842987
vt 0.452014 0.842987
vt 0.452149 0.857634
vt 0.30323 0.842236
vt 0.288784 0.842236
vt 0.288784 0.737724
vt 0.419813 0.985155
vt 0.432744 0.98518
vt 0.432771 0.999875
vt 0.423115 0.876983
vt 0.436986 0.877055
vt 0.433313 0.965632
vt 0.423287 0.842987
vt 0.437553 0.842987
vt 0.437823 0.857658
vt 0.317692 0.842236
vt 0.30323 0.842236
vt 0.30323 0.737724
vt 0.406865 0.985131
vt 0.419813 0.985155
vt 0.419828 0.999875
vt 0.409335 0.87691
vt 0.423115 0.876983
vt 0.420325 0.965676
vt 0.409192 0.842987
vt 0.423287 0.842987
vt 0.423654 0.857679
vt 0.33216 0.842236
vt 0.317692 0.842236
vt 0.317692 0.737724
vt 0.393891 0.98511
vt 0.406865 0.985131
vt 0.406866 0.999875
vt 0.395596 0.876842
vt 0.409335 0.87691
vt 0.407307 0.965724
vt 0.395238 0.842987
vt 0.409192 0.842987
vt 0.409611 0.857699
vt 0.346623 0.842236
vt 0.33216 0.842236
vt 0.33216 0.737724
vt 0.380884 0.985092
vt 0.393891 0.98511
vt 0.393882 0.999875
vt 0.381846 0.876782
vt 0.395596 0.876842
vt 0.394248 0.965773
vt 0.381393 0.842987
vt 0.395238 0.842987
vt 0.39566 0.857716
vt 0.361069 0.842236
vt 0.346623 0.842236
vt 0.346623 0.737724
vt 0.367842 0.985079
vt 0.380884 0.985092
vt 0.380873 0.999875
vt 0.368041 0.876737
vt 0.381846 0.876782
vt 0.381133 0.965818
vt 0.36763 0.842987
vt 0.381393 0.842987
vt 0.381762 0.857731
vt 0.375489 0.842236
vt 0.361069 0.842236
vt 0.361069 0.737724
vt 0.354771 0.985074
vt 0.367842 0.985079
vt 0.367845 0.999875
vt 0.354163 0.876719
vt 0.368041 0.876737
vt 0.36795 0.965849
vt 0.35391 0.842987
vt 0.36763 0.842987
vt 0.367886 0.857741
vt 0.389886 0.842236
vt 0.375489 0.842236
vt 0.375489 0.737724
vt 0.3417 0.985078
vt 0.354771 0.985074
vt 0.354806 0.999875
vt 0.340281 0.87674
vt 0.354163 0.876719
vt 0.3547 0.965861
vt 0.340184 0.842987
vt 0.35391 0.842987
vt 0.354002 0.857745
vt 0.404284 0.842236
vt 0.389886 0.842236
vt 0.389886 0.737724
vt 0.328663 0.985089
vt 0.3417 0.985078
vt 0.341767 0.999875
vt 0.326466 0.876786
vt 0.340281 0.87674
vt 0.341456 0.965856
vt 0.326404 0.842987
vt 0.340184 0.842987
vt 0.340116 0.857743
vt 0.418704 0.842236
vt 0.404284 0.842236
vt 0.404284 0.737724
vt 0.315663 0.985105
vt 0.328663 0.985089
vt 0.328742 0.999875
vt 0.312702 0.876844
vt 0.326466 0.876786
vt 0.328289 0.965831
vt 0.312539 0.842987
vt 0.326404 0.842987
vt 0.326235 0.857736
vt 0.43315 0.842236
vt 0.418704 0.842236
vt 0.418704 0.737724
vt 0.3027 0.985124
vt 0.315663 0.985105
vt 0.31574 0.999875
vt 0.29895 0.876907
vt 0.312702 0.876844
vt 0.315196 0.965792
vt 0.298563 0.842987
vt 0.312539 0.842987
vt 0.312331 0.857723
vt 0.447612 0.842236
vt 0.43315 0.842236
vt 0.43315 0.737724
vt 0.289765 0.985145
vt 0.3027 0.985124
vt 0.302765 0.999875
vt 0.285161 0.876971
vt 0.29895 0.876907
vt 0.302165 0.965749
vt 0.28445 0.842987
vt 0.298563 0.842987
vt 0.298375 0.857706
vt 0.462081 0.842236
vt 0.447612 0.842236
vt 0.447612 0.737724
vt 0.276851 0.985168
vt 0.289765 0.985145
vt 0.289816 0.999875
vt 0.271286 0.877037
vt 0.285161 0.876971
vt 0.289179 0.965709
vt 0.270177 0.842987
vt 0.28445 0.842987
vt 0.284331 0.857688
vt 0.476543 0.842236
vt 0.462081 0.842236
vt 0.462081 0.737724
vt 0.263951 0.985191
vt 0.276851 0.985168
vt 0.27689 0.999875
vt 0.257282 0.877101
vt 0.271286 0.877037
vt 0.276227 0.965674
vt 0.255723 0.842987
vt 0.270177 0.842987
vt 0.270171 0.857669
vt 0.490989 0.842236
vt 0.476543 0.842236
vt 0.476543 0.737724
vt 0.251062 0.985215
vt 0.263951 0.985191
vt 0.263982 0.999875
vt 0.243125 0.877162
vt 0.257282 0.877101
vt 0.263294 0.965641
vt 0.241073 0.842987
vt 0.255723 0.842987
vt 0.255865 0.85765
vt 0.505409 0.842236
vt 0.490989 0.842236
vt 0.490989 0.737724
vt 0.23819 0.985239
vt 0.251062 0.985215
vt 0.251101 0.999875
vt 0.228823 0.877217
vt 0.243125 0.877162
vt 0.25037 0.965601
vt 0.226206 0.842987
vt 0.241073 0.842987
vt 0.241398 0.85763
vt 0.519807 0.842236
vt 0.505409 0.842236
vt 0.505409 0.737724
vt 0.225365 0.985263
vt 0.23819 0.985239
vt 0.238253 0.999875
vt 0.214486 0.877257
vt 0.228823 0.877217
vt 0.237455 0.96555
vt 0.211093 0.842987
vt 0.226206 0.842987
vt 0.226762 0.857606
vt 0.534204 0.842236
vt 0.519807 0.842236
vt 0.519807 0.737724
vt 0.212616 0.985289
vt 0.225365 0.985263
vt 0.225451 0.999875
vt 0.200239 0.877264
vt 0.214486 0.877257
vt 0.224614 0.965494
vt 0.195708 0.842987
vt 0.211093 0.842987
vt 0.211985 0.857577
vt 0.548624 0.842236
vt 0.534204 0.842236
vt 0.534204 0.737724
vt 0.199938 0.985312
vt 0.212616 0.985289
vt 0.212701 0.999875
vt 0.186136 0.877224
vt 0.200239 0.877264
vt 0.211908 0.965452
vt 0.180049 0.842987
vt 0.195708 0.842987
vt 0.197108 0.857547
vt 0.563071 0.842236
vt 0.548624 0.842236
vt 0.548624 0.737724
vt 0.187312 0.985343
vt 0.199938 0.985312
vt 0.200002 0.999875
vt 0.172225 0.877152
vt 0.186136 0.877224
vt 0.199316 0.965449
vt 0.164136 0.842987
vt 0.180049 0.842987
vt 0.182148 0.857533
vt 0.577533 0.842236
vt 0.563071 0.842236
vt 0.563071 0.737724
vt 0.174677 0.985361
vt 0.187312 0.985343
vt 0.187335 0.999875
vt 0.158552 0.877118
vt 0.172225 0.877152
vt 0.186812 0.965566
vt 0.148024 0.842987
vt 0.164136 0.842987
vt 0.167148 0.85756
vt 0.592001 0.842236
vt 0.577533 0.842236
vt 0.577533 0.737724
vt 0.161985 0.98545
vt 0.174677 0.985361
vt 0.174651 0.999875
vt 0.145165 0.877405
vt 0.158552 0.877118
vt 0.174382 0.96592
vt 0.131813 0.844325
vt 0.148024 0.842987
vt 0.152151 0.85769
vt 0.606463 0.842236
vt 0.592001 0.842236
vt 0.592001 0.737724
vt 0.149023 0.985414
vt 0.161985 0.98545
vt 0.16187 0.999875
vt 0.132142 0.878763
vt 0.145165 0.877405
vt 0.16208 0.96672
vt 0.115804 0.84771
vt 0.131813 0.844325
vt 0.137327 0.858796
vt 0.62091 0.842236
vt 0.606463 0.842236
vt 0.606463 0.737724
vt 0.136002 0.985913
vt 0.149023 0.985414
vt 0.148903 0.999875
vt 0.119569 0.881497
vt 0.132142 0.878763
vt 0.149968 0.968025
vt 0.100453 0.854049
vt 0.115804 0.84771
vt 0.12273 0.861665
vt 0.63533 0.842236
vt 0.62091 0.842236
vt 0.62091 0.737724
vt 0.122097 0.985423
vt 0.136002 0.985913
vt 0.135666 0.999875
vt 0.114074 0.882732
vt 0.119569 0.881497
vt 0.138124 0.96978
vt 0.08684 0.864718
vt 0.100453 0.854049
vt 0.109153 0.866824
vt 0.649727 0.842236
vt 0.63533 0.842236
vt 0.63533 0.737724
vt 0.108938 0.98451
vt 0.122097 0.985423
vt 0.122195 0.999875
vt 0.659472 0.37996699999999994
vt 0.677446 0.37996699999999994
vt 0.677446 0.4857119999999999
vt 0.074546 0.877665
vt 0.08684 0.864718
vt 0.096549 0.876624
vt 0.664125 0.842236
vt 0.649727 0.842236
vt 0.649727 0.737724
vt 0.095571 0.984156
vt 0.108938 0.98451
vt 0.108946 0.999875
vt 0.641548 0.37996699999999994
vt 0.659472 0.37996699999999994
vt 0.659472 0.4857119999999999
vt 0.0627 0.891501
vt 0.074546 0.877665
vt 0.085067 0.890414
vt 0.678545 0.842236
vt 0.664125 0.842236
vt 0.664125 0.737724
vt 0.082255 0.983699
vt 0.095571 0.984156
vt 0.095641 0.999875
vt 0.623704 0.37996699999999994
vt 0.641548 0.37996699999999994
vt 0.641548 0.4857119999999999
vt 0.051451 0.905684
vt 0.0627 0.891501
vt 0.073622 0.903586
vt 0.692991 0.842236
vt 0.678545 0.842236
vt 0.678545 0.737724
vt 0.068874 0.983337
vt 0.082255 0.983699
vt 0.082302 0.999875
vt 0.605971 0.37996699999999994
vt 0.623704 0.37996699999999994
vt 0.623704 0.4857119999999999
vt 0.040881 0.91951
vt 0.051451 0.905684
vt 0.062855 0.917864
vt 0.707453 0.842236
vt 0.692991 0.842236
vt 0.692991 0.737724
vt 0.05543 0.982952
vt 0.068874 0.983337
vt 0.068914 0.999875
vt 0.588377 0.37996699999999994
vt 0.605971 0.37996699999999994
vt 0.605971 0.4857119999999999
vt 0.031062 0.933516
vt 0.040881 0.91951
vt 0.052711 0.932164
vt 0.721922 0.842236
vt 0.707453 0.842236
vt 0.707453 0.737724
vt 0.041893 0.979212
vt 0.05543 0.982952
vt 0.05545 0.999875
vt 0.570949 0.37996699999999994
vt 0.588377 0.37996699999999994
vt 0.588377 0.4857119999999999
vt 0.02207 0.94764
vt 0.031062 0.933516
vt 0.043309 0.945636
vt 0.736384 0.842236
vt 0.721922 0.842236
vt 0.721922 0.737724
vt 0.028245 0.975635
vt 0.041893 0.979212
vt 0.041884 0.996073
vt 0.553705 0.37996699999999994
vt 0.570949 0.37996699999999994
vt 0.570949 0.4857119999999999
vt 0.013916 0.961797
vt 0.02207 0.94764
vt 0.034688 0.959181
vt 0.75083 0.842236
vt 0.736384 0.842236
vt 0.736384 0.737724
vt 0.087243 0.93748
vt 0.100985 0.93748
vt 0.100985 0.952237
vt 0.536656 0.37996699999999994
vt 0.553705 0.37996699999999994
vt 0.553705 0.4857119999999999
vt 0.006686 0.97581
vt 0.013916 0.961797
vt 0.026872 0.972786
vt 0.76525 0.842236
vt 0.75083 0.842236
vt 0.75083 0.737724
vt 0.073454 0.93748
vt 0.087243 0.93748
vt 0.087267 0.952237
vt 0.519809 0.37996699999999994
vt 0.536656 0.37996699999999994
vt 0.536656 0.4857119999999999
vt 0.000125 0.989906
vt 0.006686 0.97581
vt 0.019915 0.986262
vt 0.779648 0.842236
vt 0.76525 0.842236
vt 0.76525 0.737724
vt 0.771982 0.317855
vt 0.771806 0.331661
vt 0.750654 0.331661
vt 0.785598 0.441133
vt 0.771806 0.442732
vt 0.771806 0.331661
vt 0.75084 0.45723
vt 0.750654 0.442732
vt 0.771806 0.442732
vt 0.736171 0.33326100000000003
vt 0.750654 0.331661
vt 0.750654 0.442732
vt 0.772701 0.304164
vt 0.771982 0.317855
vt 0.75084 0.317163
vt 0.799281 0.441133
vt 0.785598 0.441133
vt 0.785598 0.33326100000000003
vt 0.751605 0.471801
vt 0.75084 0.45723
vt 0.771982 0.456538
vt 0.721608 0.33326
vt 0.736171 0.33326100000000003
vt 0.736171 0.441133
vt 0.774011 0.29055300000000006
vt 0.772701 0.304164
vt 0.751605 0.30259199999999997
vt 0.812893 0.441133
vt 0.799281 0.441133
vt 0.799281 0.33326
vt 0.753007 0.48636199999999996
vt 0.751605 0.471801
vt 0.772701 0.470229
vt 0.707046 0.33326
vt 0.721608 0.33326
vt 0.721608 0.441133
vt 0.775948 0.27704299999999993
vt 0.774011 0.29055300000000006
vt 0.753007 0.2880309999999999
vt 0.826412 0.441133
vt 0.812893 0.441133
vt 0.812893 0.33326
vt 0.755087 0.500865
vt 0.753007 0.48636199999999996
vt 0.774011 0.48384000000000005
vt 0.692534 0.33326
vt 0.707046 0.33326
vt 0.707046 0.441133
vt 0.778547 0.263574
vt 0.775948 0.27704299999999993
vt 0.755087 0.273528
vt 0.839898 0.442732
vt 0.826412 0.441133
vt 0.826412 0.33326
vt 0.75785 0.515184
vt 0.755087 0.500865
vt 0.775948 0.49734999999999996
vt 0.678196 0.331661
vt 0.692534 0.33326
vt 0.692534 0.441133
vt 0.340915 0.528377
vt 0.341772 0.542579
vt 0.327155 0.544655
vt 0.381382 0.37778899999999993
vt 0.395103 0.37799800000000006
vt 0.393317 0.486507
vt 0.328056 0.33248199999999994
vt 0.328973 0.31752899999999995
vt 0.343589 0.3201320000000001
vt 0.280719 0.48475899999999994
vt 0.266301 0.48453999999999997
vt 0.268087 0.3760319999999999
vt 0.340055 0.514151
vt 0.340915 0.528377
vt 0.326246 0.529733
vt 0.367637 0.37758
vt 0.381382 0.37778899999999993
vt 0.379597 0.486298
vt 0.327139 0.347426
vt 0.328056 0.33248199999999994
vt 0.342724 0.334364
vt 0.295127 0.484978
vt 0.280719 0.48475899999999994
vt 0.282504 0.37625
vt 0.339196 0.4999199999999999
vt 0.340055 0.514151
vt 0.325337 0.514821
vt 0.353889 0.37737
vt 0.367637 0.37758
vt 0.365852 0.486089
vt 0.326225 0.36231900000000006
vt 0.327139 0.347426
vt 0.341857 0.34861999999999993
vt 0.309487 0.48519500000000004
vt 0.295127 0.484978
vt 0.296913 0.37646899999999994
vt 0.338336 0.48567000000000005
vt 0.339196 0.4999199999999999
vt 0.324432 0.49995900000000004
vt 0.340121 0.3771610000000001
vt 0.353889 0.37737
vt 0.352103 0.48587899999999995
vt 0.325331 0.3769
vt 0.326225 0.36231900000000006
vt 0.340989 0.362881
vt 0.323546 0.485409
vt 0.309487 0.48519500000000004
vt 0.311273 0.376687
vt 0.795431 0.57399
vt 0.793597 0.679471
vt 0.77599 0.679252
vt 0.340121 0.3771610000000001
vt 0.338336 0.48567000000000005
vt 0.323546 0.485409
vt 0.599133 0.880549
vt 0.57853 0.973651
vt 0.576122 0.970323
vt 0.57853 0.973651
vt 0.599133 0.880549
vt 0.603478 0.878764
vt 0.581402 0.977476
vt 0.603478 0.878764
vt 0.608296 0.877192
vt 0.613063 0.877409
vt 0.587208 0.985386
vt 0.584423 0.981803
vt 0.591155 0.878668
vt 0.599133 0.880549
vt 0.5955 0.882642
vt 0.599133 0.880549
vt 0.591155 0.878668
vt 0.593404 0.874686
vt 0.603478 0.878764
vt 0.593404 0.874686
vt 0.596638 0.870456
vt 0.600253 0.867159
vt 0.613063 0.877409
vt 0.608296 0.877192
vt 0.57853 0.973651
vt 0.571224 0.972466
vt 0.571204 0.969342
vt 0.571224 0.972466
vt 0.57853 0.973651
vt 0.581402 0.977476
vt 0.57149 0.976785
vt 0.581402 0.977476
vt 0.584423 0.981803
vt 0.587208 0.985386
vt 0.573393 0.985931
vt 0.572271 0.981713
vt 0.578399 0.875766
vt 0.591155 0.878668
vt 0.589852 0.881593
vt 0.591155 0.878668
vt 0.578399 0.875766
vt 0.580543 0.871579
vt 0.593404 0.874686
vt 0.580543 0.871579
vt 0.583419 0.866591
vt 0.586504 0.861827
vt 0.600253 0.867159
vt 0.596638 0.870456
vt 0.571224 0.972466
vt 0.559303 0.97112
vt 0.559421 0.967884
vt 0.559303 0.97112
vt 0.571224 0.972466
vt 0.57149 0.976785
vt 0.55944 0.975406
vt 0.57149 0.976785
vt 0.572271 0.981713
vt 0.573393 0.985931
vt 0.560482 0.985441
vt 0.559889 0.980545
vt 0.565086 0.874198
vt 0.578399 0.875766
vt 0.577016 0.878987
vt 0.578399 0.875766
vt 0.565086 0.874198
vt 0.566931 0.869688
vt 0.580543 0.871579
vt 0.566931 0.869688
vt 0.569297 0.864263
vt 0.571688 0.858855
vt 0.586504 0.861827
vt 0.583419 0.866591
vt 0.559303 0.97112
vt 0.547261 0.970106
vt 0.547434 0.966692
vt 0.547261 0.970106
vt 0.559303 0.97112
vt 0.55944 0.975406
vt 0.547228 0.974645
vt 0.55944 0.975406
vt 0.559889 0.980545
vt 0.560482 0.985441
vt 0.547585 0.985485
vt 0.547375 0.980086
vt 0.55136 0.873706
vt 0.565086 0.874198
vt 0.563773 0.877632
vt 0.565086 0.874198
vt 0.55136 0.873706
vt 0.552899 0.869045
vt 0.566931 0.869688
vt 0.552899 0.869045
vt 0.554793 0.863387
vt 0.556666 0.85768
vt 0.571688 0.858855
vt 0.569297 0.864263
vt 0.547261 0.970106
vt 0.535029 0.969443
vt 0.535248 0.965902
vt 0.535029 0.969443
vt 0.547261 0.970106
vt 0.547228 0.974645
vt 0.534918 0.974097
vt 0.547228 0.974645
vt 0.547375 0.980086
vt 0.547585 0.985485
vt 0.534938 0.985399
vt 0.534899 0.979735
vt 0.537364 0.873678
vt 0.55136 0.873706
vt 0.550195 0.877292
vt 0.55136 0.873706
vt 0.537364 0.873678
vt 0.538603 0.868981
vt 0.552899 0.869045
vt 0.538603 0.868981
vt 0.540078 0.863288
vt 0.541474 0.857534
vt 0.556666 0.85768
vt 0.554793 0.863387
vt 0.535029 0.969443
vt 0.522655 0.969117
vt 0.522891 0.965525
vt 0.522655 0.969117
vt 0.535029 0.969443
vt 0.534918 0.974097
vt 0.522495 0.973847
vt 0.534918 0.974097
vt 0.534899 0.979735
vt 0.534938 0.985399
vt 0.522329 0.985381
vt 0.52239 0.97958
vt 0.523177 0.873712
vt 0.537364 0.873678
vt 0.536372 0.877275
vt 0.537364 0.873678
vt 0.523177 0.873712
vt 0.524162 0.869002
vt 0.538603 0.868981
vt 0.524162 0.869002
vt 0.525283 0.863283
vt 0.526302 0.857498
vt 0.541474 0.857534
vt 0.540078 0.863288
vt 0.522655 0.969117
vt 0.510159 0.968988
vt 0.510416 0.965384
vt 0.510159 0.968988
vt 0.522655 0.969117
vt 0.522495 0.973847
vt 0.509971 0.973732
vt 0.522495 0.973847
vt 0.52239 0.97958
vt 0.522329 0.985381
vt 0.509718 0.985348
vt 0.509822 0.9795
vt 0.50886 0.873753
vt 0.523177 0.873712
vt 0.522346 0.877304
vt 0.523177 0.873712
vt 0.50886 0.873753
vt 0.509639 0.869047
vt 0.524162 0.869002
vt 0.509639 0.869047
vt 0.510478 0.863316
vt 0.511199 0.857511
vt 0.526302 0.857498
vt 0.525283 0.863283
vt 0.510159 0.968988
vt 0.497542 0.968952
vt 0.497818 0.96537
vt 0.497542 0.968952
vt 0.510159 0.968988
vt 0.509971 0.973732
vt 0.497334 0.973687
vt 0.509971 0.973732
vt 0.509822 0.9795
vt 0.509718 0.985348
vt 0.497044 0.985321
vt 0.497166 0.979457
vt 0.494453 0.873775
vt 0.50886 0.873753
vt 0.508162 0.877313
vt 0.50886 0.873753
vt 0.494453 0.873775
vt 0.495076 0.869089
vt 0.509639 0.869047
vt 0.495076 0.869089
vt 0.495705 0.863358
vt 0.49621 0.857544
vt 0.511199 0.857511
vt 0.510478 0.863316
vt 0.497542 0.968952
vt 0.484791 0.968951
vt 0.485083 0.965409
vt 0.484791 0.968951
vt 0.497542 0.968952
vt 0.497334 0.973687
vt 0.484575 0.973659
vt 0.497334 0.973687
vt 0.497166 0.979457
vt 0.497044 0.985321
vt 0.484291 0.985289
vt 0.484408 0.979421
vt 0.48 0.873779
vt 0.494453 0.873775
vt 0.49386 0.877292
vt 0.494453 0.873775
vt 0.48 0.873779
vt 0.480511 0.869121
vt 0.495076 0.869089
vt 0.480511 0.869121
vt 0.480992 0.863397
vt 0.481349 0.857578
vt 0.49621 0.857544
vt 0.495705 0.863358
vt 0.484791 0.968951
vt 0.471905 0.968966
vt 0.472204 0.965473
vt 0.471905 0.968966
vt 0.484791 0.968951
vt 0.484575 0.973659
vt 0.471693 0.973644
vt 0.484575 0.973659
vt 0.484408 0.979421
vt 0.484291 0.985289
vt 0.471456 0.985261
vt 0.471548 0.979394
vt 0.465608 0.87377
vt 0.48 0.873779
vt 0.479487 0.877245
vt 0.48 0.873779
vt 0.465608 0.87377
vt 0.466031 0.869141
vt 0.480511 0.869121
vt 0.466031 0.869141
vt 0.466402 0.863428
vt 0.466654 0.857609
vt 0.481349 0.857578
vt 0.480992 0.863397
vt 0.471905 0.968966
vt 0.458952 0.968984
vt 0.459247 0.965536
vt 0.458952 0.968984
vt 0.471905 0.968966
vt 0.471693 0.973644
vt 0.458752 0.973634
vt 0.471693 0.973644
vt 0.471548 0.979394
vt 0.471456 0.985261
vt 0.458569 0.985233
vt 0.458634 0.979373
vt 0.451371 0.873751
vt 0.465608 0.87377
vt 0.465163 0.877189
vt 0.465608 0.87377
vt 0.451371 0.873751
vt 0.451712 0.869152
vt 0.466031 0.869141
vt 0.451712 0.869152
vt 0.451986 0.863452
vt 0.452149 0.857634
vt 0.466654 0.857609
vt 0.466402 0.863428
vt 0.458952 0.968984
vt 0.446004 0.968993
vt 0.446284 0.965587
vt 0.446004 0.968993
vt 0.458952 0.968984
vt 0.458752 0.973634
vt 0.445818 0.97362
vt 0.458752 0.973634
vt 0.458634 0.979373
vt 0.458569 0.985233
vt 0.445662 0.985206
vt 0.445715 0.979349
vt 0.437294 0.873724
vt 0.451371 0.873751
vt 0.450993 0.877124
vt 0.451371 0.873751
vt 0.437294 0.873724
vt 0.437553 0.869156
vt 0.451712 0.869152
vt 0.437553 0.869156
vt 0.437739 0.86347
vt 0.437823 0.857658
vt 0.452149 0.857634
vt 0.451986 0.863452
vt 0.446004 0.968993
vt 0.433061 0.968997
vt 0.433313 0.965632
vt 0.433061 0.968997
vt 0.446004 0.968993
vt 0.445818 0.97362
vt 0.432891 0.973602
vt 0.445818 0.97362
vt 0.445715 0.979349
vt 0.445662 0.985206
vt 0.432744 0.98518
vt 0.432796 0.979324
vt 0.423351 0.873692
vt 0.437294 0.873724
vt 0.436986 0.877055
vt 0.437294 0.873724
vt 0.423351 0.873692
vt 0.423532 0.869154
vt 0.437553 0.869156
vt 0.423532 0.869154
vt 0.423637 0.863485
vt 0.423654 0.857679
vt 0.437823 0.857658
vt 0.437739 0.86347
vt 0.433061 0.968997
vt 0.420111 0.969003
vt 0.420325 0.965676
vt 0.420111 0.969003
vt 0.433061 0.968997
vt 0.432891 0.973602
vt 0.419962 0.973585
vt 0.432891 0.973602
vt 0.432796 0.979324
vt 0.432744 0.98518
vt 0.419813 0.985155
vt 0.41987 0.979299
vt 0.409501 0.873658
vt 0.423351 0.873692
vt 0.423115 0.876983
vt 0.423351 0.873692
vt 0.409501 0.873658
vt 0.40961 0.869149
vt 0.423532 0.869154
vt 0.40961 0.869149
vt 0.409647 0.863498
vt 0.409611 0.857699
vt 0.423654 0.857679
vt 0.423637 0.863485
vt 0.420111 0.969003
vt 0.407138 0.969015
vt 0.407307 0.965724
vt 0.407138 0.969015
vt 0.420111 0.969003
vt 0.419962 0.973585
vt 0.407014 0.973573
vt 0.419962 0.973585
vt 0.41987 0.979299
vt 0.419813 0.985155
vt 0.406865 0.985131
vt 0.406927 0.979276
vt 0.395699 0.873626
vt 0.409501 0.873658
vt 0.409335 0.87691
vt 0.409501 0.873658
vt 0.395699 0.873626
vt 0.395746 0.869143
vt 0.40961 0.869149
vt 0.395746 0.869143
vt 0.395731 0.863508
vt 0.39566 0.857716
vt 0.409611 0.857699
vt 0.409647 0.863498
vt 0.407138 0.969015
vt 0.394126 0.969031
vt 0.394248 0.965773
vt 0.394126 0.969031
vt 0.407138 0.969015
vt 0.407014 0.973573
vt 0.394031 0.973565
vt 0.407014 0.973573
vt 0.406927 0.979276
vt 0.406865 0.985131
vt 0.393891 0.98511
vt 0.393953 0.979257
vt 0.381893 0.873597
vt 0.395699 0.873626
vt 0.395596 0.876842
vt 0.395699 0.873626
vt 0.381893 0.873597
vt 0.381894 0.869137
vt 0.395746 0.869143
vt 0.381894 0.869137
vt 0.381847 0.863517
vt 0.381762 0.857731
vt 0.39566 0.857716
vt 0.395731 0.863508
vt 0.394126 0.969031
vt 0.381059 0.969046
vt 0.381133 0.965818
vt 0.381059 0.969046
vt 0.394126 0.969031
vt 0.394031 0.973565
vt 0.380996 0.973559
vt 0.394031 0.973565
vt 0.393953 0.979257
vt 0.393891 0.98511
vt 0.380884 0.985092
vt 0.380937 0.97924
vt 0.368043 0.873575
vt 0.381893 0.873597
vt 0.381846 0.876782
vt 0.381893 0.873597
vt 0.368043 0.873575
vt 0.368015 0.869132
vt 0.381894 0.869137
vt 0.368015 0.869132
vt 0.36796 0.863523
vt 0.367886 0.857741
vt 0.381762 0.857731
vt 0.381847 0.863517
vt 0.381059 0.969046
vt 0.367923 0.969055
vt 0.36795 0.965849
vt 0.367923 0.969055
vt 0.381059 0.969046
vt 0.380996 0.973559
vt 0.367899 0.973552
vt 0.380996 0.973559
vt 0.380937 0.97924
vt 0.380884 0.985092
vt 0.367842 0.985079
vt 0.367872 0.979225
vt 0.354129 0.873568
vt 0.368043 0.873575
vt 0.368041 0.876737
vt 0.368043 0.873575
vt 0.354129 0.873568
vt 0.354089 0.869131
vt 0.368015 0.869132
vt 0.354089 0.869131
vt 0.354044 0.863526
vt 0.354002 0.857745
vt 0.367886 0.857741
vt 0.36796 0.863523
vt 0.367923 0.969055
vt 0.354718 0.969058
vt 0.3547 0.965861
vt 0.354718 0.969058
vt 0.367923 0.969055
vt 0.367899 0.973552
vt 0.354739 0.973547
vt 0.367899 0.973552
vt 0.367872 0.979225
vt 0.367842 0.985079
vt 0.354771 0.985074
vt 0.35476 0.979218
vt 0.340213 0.87358
vt 0.354129 0.873568
vt 0.354163 0.876719
vt 0.354129 0.873568
vt 0.340213 0.87358
vt 0.340161 0.869137
vt 0.354089 0.869131
vt 0.340161 0.869137
vt 0.340127 0.863527
vt 0.340116 0.857743
vt 0.354002 0.857745
vt 0.354044 0.863526
vt 0.354718 0.969058
vt 0.341518 0.96906
vt 0.341456 0.965856
vt 0.341518 0.96906
vt 0.354718 0.969058
vt 0.354739 0.973547
vt 0.341583 0.973553
vt 0.354739 0.973547
vt 0.35476 0.979218
vt 0.354771 0.985074
vt 0.3417 0.985078
vt 0.341651 0.979225
vt 0.326357 0.873605
vt 0.340213 0.87358
vt 0.340281 0.87674
vt 0.340213 0.87358
vt 0.326357 0.873605
vt 0.326278 0.869146
vt 0.340161 0.869137
vt 0.326278 0.869146
vt 0.326235 0.863525
vt 0.326235 0.857736
vt 0.340116 0.857743
vt 0.340127 0.863527
vt 0.341518 0.96906
vt 0.328393 0.969054
vt 0.328289 0.965831
vt 0.328393 0.969054
vt 0.341518 0.96906
vt 0.341583 0.973553
vt 0.328495 0.973562
vt 0.341583 0.973553
vt 0.341651 0.979225
vt 0.3417 0.985078
vt 0.328663 0.985089
vt 0.328593 0.97924
vt 0.312543 0.873634
vt 0.326357 0.873605
vt 0.326466 0.876786
vt 0.326357 0.873605
vt 0.312543 0.873634
vt 0.312421 0.869154
vt 0.326278 0.869146
vt 0.312421 0.869154
vt 0.312347 0.863518
vt 0.312331 0.857723
vt 0.326235 0.857736
vt 0.326235 0.863525
vt 0.328393 0.969054
vt 0.315344 0.969042
vt 0.315196 0.965792
vt 0.315344 0.969042
vt 0.328393 0.969054
vt 0.328495 0.973562
vt 0.315474 0.973568
vt 0.328495 0.973562
vt 0.328593 0.97924
vt 0.328663 0.985089
vt 0.315663 0.985105
vt 0.315588 0.979255
vt 0.298732 0.873663
vt 0.312543 0.873634
vt 0.312702 0.876844
vt 0.312543 0.873634
vt 0.298732 0.873663
vt 0.298552 0.86916
vt 0.312421 0.869154
vt 0.298552 0.86916
vt 0.298427 0.863509
vt 0.298375 0.857706
vt 0.312331 0.857723
vt 0.312347 0.863518
vt 0.315344 0.969042
vt 0.302354 0.96903
vt 0.302165 0.965749
vt 0.302354 0.96903
vt 0.315344 0.969042
vt 0.315474 0.973568
vt 0.302509 0.973577
vt 0.315474 0.973568
vt 0.315588 0.979255
vt 0.315663 0.985105
vt 0.3027 0.985124
vt 0.302628 0.979273
vt 0.284879 0.873693
vt 0.298732 0.873663
vt 0.29895 0.876907
vt 0.298732 0.873663
vt 0.284879 0.873693
vt 0.284631 0.869163
vt 0.298552 0.86916
vt 0.284631 0.869163
vt 0.284439 0.863497
vt 0.284331 0.857688
vt 0.298375 0.857706
vt 0.298427 0.863509
vt 0.302354 0.96903
vt 0.289406 0.969022
vt 0.289179 0.965709
vt 0.289406 0.969022
vt 0.302354 0.96903
vt 0.302509 0.973577
vt 0.28958 0.97359
vt 0.302509 0.973577
vt 0.302628 0.979273
vt 0.3027 0.985124
vt 0.289765 0.985145
vt 0.289701 0.979294
vt 0.270939 0.873721
vt 0.284879 0.873693
vt 0.285161 0.876971
vt 0.284879 0.873693
vt 0.270939 0.873721
vt 0.270617 0.869165
vt 0.284631 0.869163
vt 0.270617 0.869165
vt 0.270347 0.863485
vt 0.270171 0.857669
vt 0.284331 0.857688
vt 0.284439 0.863497
vt 0.289406 0.969022
vt 0.276484 0.969021
vt 0.276227 0.965674
vt 0.276484 0.969021
vt 0.289406 0.969022
vt 0.28958 0.97359
vt 0.276673 0.973607
vt 0.28958 0.97359
vt 0.289701 0.979294
vt 0.289765 0.985145
vt 0.276851 0.985168
vt 0.276793 0.979317
vt 0.256873 0.873748
vt 0.270939 0.873721
vt 0.271286 0.877037
vt 0.270939 0.873721
vt 0.256873 0.873748
vt 0.256476 0.869165
vt 0.270617 0.869165
vt 0.256476 0.869165
vt 0.25612 0.86347
vt 0.255865 0.85765
vt 0.270171 0.857669
vt 0.270347 0.863485
vt 0.276484 0.969021
vt 0.263571 0.969022
vt 0.263294 0.965641
vt 0.263571 0.969022
vt 0.276484 0.969021
vt 0.276673 0.973607
vt 0.263769 0.973627
vt 0.276673 0.973607
vt 0.276793 0.979317
vt 0.276851 0.985168
vt 0.263951 0.985191
vt 0.263892 0.979341
vt 0.242659 0.873771
vt 0.256873 0.873748
vt 0.257282 0.877101
vt 0.256873 0.873748
vt 0.242659 0.873771
vt 0.242188 0.869161
vt 0.256476 0.869165
vt 0.242188 0.869161
vt 0.241741 0.863454
vt 0.241398 0.85763
vt 0.255865 0.85765
vt 0.25612 0.86347
vt 0.263571 0.969022
vt 0.250654 0.969019
vt 0.25037 0.965601
vt 0.250654 0.969019
vt 0.263571 0.969022
vt 0.263769 0.973627
vt 0.250858 0.973642
vt 0.263769 0.973627
vt 0.263892 0.979341
vt 0.263951 0.985191
vt 0.251062 0.985215
vt 0.250992 0.979362
vt 0.228303 0.873785
vt 0.242659 0.873771
vt 0.243125 0.877162
vt 0.242659 0.873771
vt 0.228303 0.873785
vt 0.227755 0.869148
vt 0.242188 0.869161
vt 0.227755 0.869148
vt 0.227206 0.863432
vt 0.226762 0.857606
vt 0.241398 0.85763
vt 0.241741 0.863454
vt 0.250654 0.969019
vt 0.237732 0.969006
vt 0.237455 0.96555
vt 0.237732 0.969006
vt 0.250654 0.969019
vt 0.250858 0.973642
vt 0.237939 0.973651
vt 0.250858 0.973642
vt 0.250992 0.979362
vt 0.251062 0.985215
vt 0.23819 0.985239
vt 0.238094 0.979381
vt 0.213902 0.873782
vt 0.228303 0.873785
vt 0.228823 0.877217
vt 0.228303 0.873785
vt 0.213902 0.873782
vt 0.213257 0.869123
vt 0.227755 0.869148
vt 0.213257 0.869123
vt 0.212571 0.8634
vt 0.211985 0.857577
vt 0.226762 0.857606
vt 0.227206 0.863432
vt 0.237732 0.969006
vt 0.224872 0.968991
vt 0.224614 0.965494
vt 0.224872 0.968991
vt 0.237732 0.969006
vt 0.237939 0.973651
vt 0.225075 0.973662
vt 0.237939 0.973651
vt 0.238094 0.979381
vt 0.23819 0.985239
vt 0.225365 0.985263
vt 0.225247 0.979404
vt 0.199568 0.873752
vt 0.213902 0.873782
vt 0.214486 0.877257
vt 0.213902 0.873782
vt 0.199568 0.873752
vt 0.198784 0.869077
vt 0.213257 0.869123
vt 0.198784 0.869077
vt 0.1979 0.863358
vt 0.197108 0.857547
vt 0.211985 0.857577
vt 0.212571 0.8634
vt 0.224872 0.968991
vt 0.212139 0.968982
vt 0.211908 0.965452
vt 0.212139 0.968982
vt 0.224872 0.968991
vt 0.225075 0.973662
vt 0.212326 0.973677
vt 0.225075 0.973662
vt 0.225247 0.979404
vt 0.225365 0.985263
vt 0.212616 0.985289
vt 0.212497 0.97943
vt 0.185347 0.873689
vt 0.199568 0.873752
vt 0.200239 0.877264
vt 0.199568 0.873752
vt 0.185347 0.873689
vt 0.184373 0.86902
vt 0.198784 0.869077
vt 0.184373 0.86902
vt 0.183224 0.86332
vt 0.182148 0.857533
vt 0.197108 0.857547
vt 0.1979 0.863358
vt 0.212139 0.968982
vt 0.199524 0.968998
vt 0.199316 0.965449
vt 0.199524 0.968998
vt 0.212139 0.968982
vt 0.212326 0.973677
vt 0.199689 0.973704
vt 0.212326 0.973677
vt 0.212497 0.97943
vt 0.212616 0.985289
vt 0.199938 0.985312
vt 0.199839 0.979461
vt 0.171283 0.873619
vt 0.185347 0.873689
vt 0.186136 0.877224
vt 0.185347 0.873689
vt 0.171283 0.873619
vt 0.170067 0.868973
vt 0.184373 0.86902
vt 0.170067 0.868973
vt 0.168581 0.86331
vt 0.167148 0.85756
vt 0.182148 0.857533
vt 0.183224 0.86332
vt 0.199524 0.968998
vt 0.187008 0.969101
vt 0.186812 0.965566
vt 0.187008 0.969101
vt 0.199524 0.968998
vt 0.199689 0.973704
vt 0.187153 0.973798
vt 0.199689 0.973704
vt 0.199839 0.979461
vt 0.199938 0.985312
vt 0.187312 0.985343
vt 0.18726 0.979529
vt 0.157432 0.8736
vt 0.171283 0.873619
vt 0.172225 0.877152
vt 0.171283 0.873619
vt 0.157432 0.8736
vt 0.155921 0.869001
vt 0.170067 0.868973
vt 0.155921 0.869001
vt 0.154034 0.863386
vt 0.152151 0.85769
vt 0.167148 0.85756
vt 0.168581 0.86331
vt 0.187008 0.969101
vt 0.174586 0.969403
vt 0.174382 0.96592
vt 0.174586 0.969403
vt 0.187008 0.969101
vt 0.187153 0.973798
vt 0.174703 0.974033
vt 0.187153 0.973798
vt 0.18726 0.979529
vt 0.187312 0.985343
vt 0.174677 0.985361
vt 0.174729 0.979678
vt 0.14387 0.874034
vt 0.157432 0.8736
vt 0.158552 0.877118
vt 0.157432 0.8736
vt 0.14387 0.874034
vt 0.14204 0.869585
vt 0.155921 0.869001
vt 0.14204 0.869585
vt 0.139699 0.864205
vt 0.137327 0.858796
vt 0.152151 0.85769
vt 0.154034 0.863386
vt 0.174586 0.969403
vt 0.162289 0.970088
vt 0.16208 0.96672
vt 0.162289 0.970088
vt 0.174586 0.969403
vt 0.174703 0.974033
vt 0.162366 0.974611
vt 0.174703 0.974033
vt 0.174729 0.979678
vt 0.174677 0.985361
vt 0.161985 0.98545
vt 0.162236 0.980053
vt 0.130725 0.875572
vt 0.14387 0.874034
vt 0.145165 0.877405
vt 0.14387 0.874034
vt 0.130725 0.875572
vt 0.128576 0.871426
vt 0.14204 0.869585
vt 0.128576 0.871426
vt 0.125743 0.86645
vt 0.12273 0.861665
vt 0.137327 0.858796
vt 0.139699 0.864205
vt 0.162289 0.970088
vt 0.150177 0.971217
vt 0.149968 0.968025
vt 0.150177 0.971217
vt 0.162289 0.970088
vt 0.162366 0.974611
vt 0.150124 0.975482
vt 0.162366 0.974611
vt 0.162236 0.980053
vt 0.161985 0.98545
vt 0.149023 0.985414
vt 0.149674 0.980594
vt 0.118148 0.878577
vt 0.130725 0.875572
vt 0.132142 0.878763
vt 0.130725 0.875572
vt 0.118148 0.878577
vt 0.115828 0.87455
vt 0.128576 0.871426
vt 0.115828 0.87455
vt 0.112604 0.870191
vt 0.109153 0.866824
vt 0.12273 0.861665
vt 0.125743 0.86645
vt 0.150177 0.971217
vt 0.138238 0.972872
vt 0.138124 0.96978
vt 0.138238 0.972872
vt 0.150177 0.971217
vt 0.150124 0.975482
vt 0.138104 0.977116
vt 0.150124 0.975482
vt 0.149674 0.980594
vt 0.149023 0.985414
vt 0.136002 0.985913
vt 0.137301 0.981859
vt 0.110345 0.880713
vt 0.118148 0.878577
vt 0.119569 0.881497
vt 0.118148 0.878577
vt 0.110345 0.880713
vt 0.105977 0.878746
vt 0.115828 0.87455
vt 0.105977 0.878746
vt 0.101168 0.876753
vt 0.096549 0.876624
vt 0.109153 0.866824
vt 0.112604 0.870191
vt 0.130898 0.974247
vt 0.110345 0.880713
vt 0.114074 0.882732
vt 0.110345 0.880713
vt 0.130898 0.974247
vt 0.128007 0.977914
vt 0.105977 0.878746
vt 0.128007 0.977914
vt 0.12486 0.981969
vt 0.122097 0.985423
vt 0.096549 0.876624
vt 0.101168 0.876753
vt 0.138238 0.972872
vt 0.130898 0.974247
vt 0.133195 0.970915
vt 0.130898 0.974247
vt 0.138238 0.972872
vt 0.138104 0.977116
vt 0.128007 0.977914
vt 0.138104 0.977116
vt 0.137301 0.981859
vt 0.136002 0.985913
vt 0.122097 0.985423
vt 0.12486 0.981969
vt 0.87281 0.924216
vt 0.887568 0.924216
vt 0.890765 0.927417
vt 0.87281 0.819536
vt 0.87281 0.924216
vt 0.869613 0.927417
vt 0.887568 0.819536
vt 0.87281 0.819536
vt 0.869613 0.816336
vt 0.887568 0.924216
vt 0.887568 0.819536
vt 0.890765 0.816336
vt 0.783595 0.924216
vt 0.798355 0.924216
vt 0.801551 0.927417
vt 0.798355 0.924216
vt 0.798355 0.819536
vt 0.801551 0.816336
vt 0.798355 0.819536
vt 0.783595 0.819536
vt 0.780398 0.816336
vt 0.783595 0.819536
vt 0.783595 0.924216
vt 0.780398 0.927417
vt 0.768609 0.3348610000000001
vt 0.75385 0.3348610000000001
vt 0.750654 0.331661
vt 0.768609 0.43953200000000003
vt 0.768609 0.3348610000000001
vt 0.771806 0.331661
vt 0.75385 0.43953200000000003
vt 0.768609 0.43953200000000003
vt 0.771806 0.442732
vt 0.75385 0.3348610000000001
vt 0.75385 0.43953200000000003
vt 0.750654 0.442732
vt 0.857851 0.3348610000000001
vt 0.843094 0.3348610000000001
vt 0.839898 0.331661
vt 0.843094 0.3348610000000001
vt 0.843094 0.43953200000000003
vt 0.839898 0.442732
vt 0.843094 0.43953200000000003
vt 0.857851 0.43953200000000003
vt 0.861048 0.442732
vt 0.857851 0.43953200000000003
vt 0.857851 0.3348610000000001
vt 0.861048 0.331661
vt 0.778887 0.559431
vt 0.796462 0.559943
vt 0.777825 0.573771
vt 0.81202 0.574167
vt 0.810185 0.679648
vt 0.795431 0.57399
vt 0.794642 0.69349
vt 0.777067 0.693563
vt 0.793597 0.679471
vt 0.759056 0.679072
vt 0.760891 0.573592
vt 0.77599 0.679252
vt 0.779961 0.544926
vt 0.797481 0.546054
vt 0.778887 0.559431
vt 0.828422 0.574342
vt 0.826588 0.679823
vt 0.81202 0.574167
vt 0.795676 0.707352
vt 0.778156 0.70804
vt 0.794642 0.69349
vt 0.741925 0.678891
vt 0.74376 0.57341
vt 0.759056 0.679072
vt 0.781035 0.530413
vt 0.798497 0.532207
vt 0.779961 0.544926
vt 0.844774 0.574517
vt 0.842939 0.679997
vt 0.828422 0.574342
vt 0.796706 0.721171
vt 0.779246 0.722524
vt 0.795676 0.707352
vt 0.724786 0.67871
vt 0.726621 0.573229
vt 0.741925 0.678891
vt 0.782107 0.515935
vt 0.799508 0.518427
vt 0.781035 0.530413
vt 0.861048 0.57469
vt 0.859213 0.680171
vt 0.844774 0.574517
vt 0.797732 0.734923
vt 0.780333 0.736973
vt 0.796706 0.721171
vt 0.707688 0.678529
vt 0.709523 0.573048
vt 0.724786 0.67871
vt 0.784832 0.985555
vt 0.805695 0.98204
vt 0.787594 0.999875
vt 0.85591 0.925817
vt 0.85591 0.817935
vt 0.869613 0.927417
vt 0.805695 0.761713
vt 0.784832 0.758198
vt 0.808293 0.748243
vt 0.905334 0.817935
vt 0.905334 0.925817
vt 0.890765 0.816336
vt 0.782751 0.97105
vt 0.803757 0.968528
vt 0.784832 0.985555
vt 0.84229 0.925817
vt 0.84229 0.817935
vt 0.85591 0.925817
vt 0.803757 0.775224
vt 0.782751 0.772702
vt 0.805695 0.761713
vt 0.919954 0.817935
vt 0.919954 0.925817
vt 0.905334 0.817935
vt 0.781349 0.956488
vt 0.802446 0.954916
vt 0.782751 0.97105
vt 0.828692 0.925817
vt 0.828692 0.817935
vt 0.84229 0.925817
vt 0.802446 0.788836
vt 0.781349 0.787264
vt 0.803757 0.775224
vt 0.934502 0.817935
vt 0.934502 0.925817
vt 0.919954 0.817935
vt 0.780584 0.941916
vt 0.801728 0.941224
vt 0.781349 0.956488
vt 0.815127 0.925817
vt 0.815127 0.817935
vt 0.828692 0.925817
vt 0.801728 0.802528
vt 0.780584 0.801837
vt 0.802446 0.788836
vt 0.948939 0.817935
vt 0.948939 0.925817
vt 0.934502 0.817935
vt 0.780398 0.927417
vt 0.801551 0.927417
vt 0.780584 0.941916
vt 0.801551 0.927417
vt 0.801551 0.816336
vt 0.815127 0.925817
vt 0.801551 0.816336
vt 0.780398 0.816336
vt 0.801728 0.802528
vt 0.963195 0.816336
vt 0.963195 0.927417
vt 0.948939 0.817935
vt 0.087173 0.967746
vt 0.087196 0.952988
vt 0.100985 0.967746
vt 0.979993 0.032411999999999996
vt 0.874373 0.032411999999999996
vt 0.979993 0.018398000000000025
vt 0.691534 0.986491
vt 0.704746 0.976105
vt 0.697926 0.999875
vt 0.014523 0.737724
vt 0.014523 0.842236
vt 0.000125 0.737724
vt 0.073454 0.967746
vt 0.073454 0.952988
vt 0.087173 0.967746
vt 0.979993 0.046386999999999956
vt 0.874373 0.046386999999999956
vt 0.979993 0.032411999999999996
vt 0.684472 0.973222
vt 0.69741 0.962318
vt 0.691534 0.986491
vt 0.028943 0.737724
vt 0.028943 0.842236
vt 0.014523 0.737724
vt 0.667712 0.996002
vt 0.667632 0.97935
vt 0.681398 0.992287
vt 0.979993 0.06030000000000002
vt 0.874373 0.06030000000000002
vt 0.979993 0.046386999999999956
vt 0.676508 0.959786
vt 0.689107 0.948349
vt 0.684472 0.973222
vt 0.043389 0.737724
vt 0.043389 0.842236
vt 0.028943 0.737724
vt 0.654134 0.999875
vt 0.654083 0.983123
vt 0.667712 0.996002
vt 0.979993 0.07412600000000003
vt 0.874373 0.07412600000000003
vt 0.979993 0.06030000000000002
vt 0.667704 0.946377
vt 0.679931 0.934377
vt 0.676508 0.959786
vt 0.057851 0.737724
vt 0.057851 0.842236
vt 0.043389 0.737724
vt 0.640655 0.999875
vt 0.640622 0.983479
vt 0.654134 0.999875
vt 0.979993 0.087843
vt 0.874373 0.087843
vt 0.979993 0.07412600000000003
vt 0.658084 0.933007
vt 0.669892 0.920487
vt 0.667704 0.946377
vt 0.072319 0.737724
vt 0.072319 0.842236
vt 0.057851 0.737724
vt 0.627245 0.999875
vt 0.627222 0.98382
vt 0.640655 0.999875
vt 0.979993 0.10143199999999997
vt 0.874373 0.10143199999999997
vt 0.979993 0.087843
vt 0.647689 0.918884
vt 0.659071 0.90674
vt 0.658084 0.933007
vt 0.086782 0.737724
vt 0.086782 0.842236
vt 0.072319 0.737724
vt 0.613883 0.999875
vt 0.613871 0.984241
vt 0.627245 0.999875
vt 0.979993 0.114877
vt 0.874373 0.114877
vt 0.979993 0.10143199999999997
vt 0.636638 0.904552
vt 0.647543 0.89264
vt 0.647689 0.918884
vt 0.101228 0.737724
vt 0.101228 0.842236
vt 0.086782 0.737724
vt 0.600546 0.999875
vt 0.600481 0.984583
vt 0.613883 0.999875
vt 0.979993 0.12816899999999998
vt 0.874373 0.12816899999999998
vt 0.979993 0.114877
vt 0.624879 0.891299
vt 0.635394 0.878756
vt 0.636638 0.904552
vt 0.115648 0.737724
vt 0.115648 0.842236
vt 0.101228 0.737724
vt 0.587273 0.999875
vt 0.587208 0.985386
vt 0.600546 0.999875
vt 0.979993 0.14130500000000001
vt 0.874373 0.14130500000000001
vt 0.979993 0.12816899999999998
vt 0.613063 0.877409
vt 0.622795 0.865761
vt 0.624879 0.891299
vt 0.130045 0.737724
vt 0.130045 0.842236
vt 0.115648 0.737724
vt 0.573817 0.999875
vt 0.573393 0.985931
vt 0.587273 0.999875
vt 0.571204 0.969342
vt 0.589852 0.881593
vt 0.576122 0.970323
vt 0.600253 0.867159
vt 0.60914 0.854762
vt 0.613063 0.877409
vt 0.144443 0.737724
vt 0.144443 0.842236
vt 0.130045 0.737724
vt 0.560661 0.999875
vt 0.560482 0.985441
vt 0.573817 0.999875
vt 0.559421 0.967884
vt 0.577016 0.878987
vt 0.571204 0.969342
vt 0.586504 0.861827
vt 0.59355 0.847969
vt 0.600253 0.867159
vt 0.158863 0.737724
vt 0.158863 0.842236
vt 0.144443 0.737724
vt 0.54776 0.999875
vt 0.547585 0.985485
vt 0.560661 0.999875
vt 0.547434 0.966692
vt 0.563773 0.877632
vt 0.559421 0.967884
vt 0.571688 0.858855
vt 0.577198 0.844387
vt 0.586504 0.861827
vt 0.173309 0.737724
vt 0.173309 0.842236
vt 0.158863 0.737724
vt 0.535022 0.999875
vt 0.534938 0.985399
vt 0.54776 0.999875
vt 0.535248 0.965902
vt 0.550195 0.877292
vt 0.547434 0.966692
vt 0.556666 0.85768
vt 0.560652 0.842987
vt 0.571688 0.858855
vt 0.187771 0.737724
vt 0.187771 0.842236
vt 0.173309 0.737724
vt 0.522367 0.999875
vt 0.522329 0.985381
vt 0.535022 0.999875
vt 0.522891 0.965525
vt 0.536372 0.877275
vt 0.535248 0.965902
vt 0.541474 0.857534
vt 0.544261 0.842987
vt 0.556666 0.85768
vt 0.20224 0.737724
vt 0.20224 0.842236
vt 0.187771 0.737724
vt 0.509714 0.999875
vt 0.509718 0.985348
vt 0.522367 0.999875
vt 0.510416 0.965384
vt 0.522346 0.877304
vt 0.522891 0.965525
vt 0.526302 0.857498
vt 0.528126 0.842987
vt 0.541474 0.857534
vt 0.216702 0.737724
vt 0.216702 0.842236
vt 0.20224 0.737724
vt 0.49702 0.999875
vt 0.497044 0.985321
vt 0.509714 0.999875
vt 0.497818 0.96537
vt 0.508162 0.877313
vt 0.510416 0.965384
vt 0.511199 0.857511
vt 0.512302 0.842987
vt 0.526302 0.857498
vt 0.231148 0.737724
vt 0.231148 0.842236
vt 0.216702 0.737724
vt 0.484268 0.999875
vt 0.484291 0.985289
vt 0.49702 0.999875
vt 0.485083 0.965409
vt 0.49386 0.877292
vt 0.497818 0.96537
vt 0.49621 0.857544
vt 0.496798 0.842987
vt 0.511199 0.857511
vt 0.245568 0.737724
vt 0.245568 0.842236
vt 0.231148 0.737724
vt 0.471455 0.999875
vt 0.471456 0.985261
vt 0.484268 0.999875
vt 0.472204 0.965473
vt 0.479487 0.877245
vt 0.485083 0.965409
vt 0.481349 0.857578
vt 0.481606 0.842987
vt 0.49621 0.857544
vt 0.259966 0.737724
vt 0.259966 0.842236
vt 0.245568 0.737724
vt 0.458593 0.999875
vt 0.458569 0.985233
vt 0.471455 0.999875
vt 0.459247 0.965536
vt 0.465163 0.877189
vt 0.472204 0.965473
vt 0.466654 0.857609
vt 0.46669 0.842987
vt 0.481349 0.857578
vt 0.274363 0.737724
vt 0.274363 0.842236
vt 0.259966 0.737724
vt 0.445695 0.999875
vt 0.445662 0.985206
vt 0.458593 0.999875
vt 0.446284 0.965587
vt 0.450993 0.877124
vt 0.459247 0.965536
vt 0.452149 0.857634
vt 0.452014 0.842987
vt 0.466654 0.857609
vt 0.288784 0.737724
vt 0.288784 0.842236
vt 0.274363 0.737724
vt 0.432771 0.999875
vt 0.432744 0.98518
vt 0.445695 0.999875
vt 0.433313 0.965632
vt 0.436986 0.877055
vt 0.446284 0.965587
vt 0.437823 0.857658
vt 0.437553 0.842987
vt 0.452149 0.857634
vt 0.30323 0.737724
vt 0.30323 0.842236
vt 0.288784 0.737724
vt 0.419828 0.999875
vt 0.419813 0.985155
vt 0.432771 0.999875
vt 0.420325 0.965676
vt 0.423115 0.876983
vt 0.433313 0.965632
vt 0.423654 0.857679
vt 0.423287 0.842987
vt 0.437823 0.857658
vt 0.317692 0.737724
vt 0.317692 0.842236
vt 0.30323 0.737724
vt 0.406866 0.999875
vt 0.406865 0.985131
vt 0.419828 0.999875
vt 0.407307 0.965724
vt 0.409335 0.87691
vt 0.420325 0.965676
vt 0.409611 0.857699
vt 0.409192 0.842987
vt 0.423654 0.857679
vt 0.33216 0.737724
vt 0.33216 0.842236
vt 0.317692 0.737724
vt 0.393882 0.999875
vt 0.393891 0.98511
vt 0.406866 0.999875
vt 0.394248 0.965773
vt 0.395596 0.876842
vt 0.407307 0.965724
vt 0.39566 0.857716
vt 0.395238 0.842987
vt 0.409611 0.857699
vt 0.346623 0.737724
vt 0.346623 0.842236
vt 0.33216 0.737724
vt 0.380873 0.999875
vt 0.380884 0.985092
vt 0.393882 0.999875
vt 0.381133 0.965818
vt 0.381846 0.876782
vt 0.394248 0.965773
vt 0.381762 0.857731
vt 0.381393 0.842987
vt 0.39566 0.857716
vt 0.361069 0.737724
vt 0.361069 0.842236
vt 0.346623 0.737724
vt 0.367845 0.999875
vt 0.367842 0.985079
vt 0.380873 0.999875
vt 0.36795 0.965849
vt 0.368041 0.876737
vt 0.381133 0.965818
vt 0.367886 0.857741
vt 0.36763 0.842987
vt 0.381762 0.857731
vt 0.375489 0.737724
vt 0.375489 0.842236
vt 0.361069 0.737724
vt 0.354806 0.999875
vt 0.354771 0.985074
vt 0.367845 0.999875
vt 0.3547 0.965861
vt 0.354163 0.876719
vt 0.36795 0.965849
vt 0.354002 0.857745
vt 0.35391 0.842987
vt 0.367886 0.857741
vt 0.389886 0.737724
vt 0.389886 0.842236
vt 0.375489 0.737724
vt 0.341767 0.999875
vt 0.3417 0.985078
vt 0.354806 0.999875
vt 0.341456 0.965856
vt 0.340281 0.87674
vt 0.3547 0.965861
vt 0.340116 0.857743
vt 0.340184 0.842987
vt 0.354002 0.857745
vt 0.404284 0.737724
vt 0.404284 0.842236
vt 0.389886 0.737724
vt 0.328742 0.999875
vt 0.328663 0.985089
vt 0.341767 0.999875
vt 0.328289 0.965831
vt 0.326466 0.876786
vt 0.341456 0.965856
vt 0.326235 0.857736
vt 0.326404 0.842987
vt 0.340116 0.857743
vt 0.418704 0.737724
vt 0.418704 0.842236
vt 0.404284 0.737724
vt 0.31574 0.999875
vt 0.315663 0.985105
vt 0.328742 0.999875
vt 0.315196 0.965792
vt 0.312702 0.876844
vt 0.328289 0.965831
vt 0.312331 0.857723
vt 0.312539 0.842987
vt 0.326235 0.857736
vt 0.43315 0.737724
vt 0.43315 0.842236
vt 0.418704 0.737724
vt 0.302765 0.999875
vt 0.3027 0.985124
vt 0.31574 0.999875
vt 0.302165 0.965749
vt 0.29895 0.876907
vt 0.315196 0.965792
vt 0.298375 0.857706
vt 0.298563 0.842987
vt 0.312331 0.857723
vt 0.447612 0.737724
vt 0.447612 0.842236
vt 0.43315 0.737724
vt 0.289816 0.999875
vt 0.289765 0.985145
vt 0.302765 0.999875
vt 0.289179 0.965709
vt 0.285161 0.876971
vt 0.302165 0.965749
vt 0.284331 0.857688
vt 0.28445 0.842987
vt 0.298375 0.857706
vt 0.462081 0.737724
vt 0.462081 0.842236
vt 0.447612 0.737724
vt 0.27689 0.999875
vt 0.276851 0.985168
vt 0.289816 0.999875
vt 0.276227 0.965674
vt 0.271286 0.877037
vt 0.289179 0.965709
vt 0.270171 0.857669
vt 0.270177 0.842987
vt 0.284331 0.857688
vt 0.476543 0.737724
vt 0.476543 0.842236
vt 0.462081 0.737724
vt 0.263982 0.999875
vt 0.263951 0.985191
vt 0.27689 0.999875
vt 0.263294 0.965641
vt 0.257282 0.877101
vt 0.276227 0.965674
vt 0.255865 0.85765
vt 0.255723 0.842987
vt 0.270171 0.857669
vt 0.490989 0.737724
vt 0.490989 0.842236
vt 0.476543 0.737724
vt 0.251101 0.999875
vt 0.251062 0.985215
vt 0.263982 0.999875
vt 0.25037 0.965601
vt 0.243125 0.877162
vt 0.263294 0.965641
vt 0.241398 0.85763
vt 0.241073 0.842987
vt 0.255865 0.85765
vt 0.505409 0.737724
vt 0.505409 0.842236
vt 0.490989 0.737724
vt 0.238253 0.999875
vt 0.23819 0.985239
vt 0.251101 0.999875
vt 0.237455 0.96555
vt 0.228823 0.877217
vt 0.25037 0.965601
vt 0.226762 0.857606
vt 0.226206 0.842987
vt 0.241398 0.85763
vt 0.519807 0.737724
vt 0.519807 0.842236
vt 0.505409 0.737724
vt 0.225451 0.999875
vt 0.225365 0.985263
vt 0.238253 0.999875
vt 0.224614 0.965494
vt 0.214486 0.877257
vt 0.237455 0.96555
vt 0.211985 0.857577
vt 0.211093 0.842987
vt 0.226762 0.857606
vt 0.534204 0.737724
vt 0.534204 0.842236
vt 0.519807 0.737724
vt 0.212701 0.999875
vt 0.212616 0.985289
vt 0.225451 0.999875
vt 0.211908 0.965452
vt 0.200239 0.877264
vt 0.224614 0.965494
vt 0.197108 0.857547
vt 0.195708 0.842987
vt 0.211985 0.857577
vt 0.548624 0.737724
vt 0.548624 0.842236
vt 0.534204 0.737724
vt 0.200002 0.999875
vt 0.199938 0.985312
vt 0.212701 0.999875
vt 0.199316 0.965449
vt 0.186136 0.877224
vt 0.211908 0.965452
vt 0.182148 0.857533
vt 0.180049 0.842987
vt 0.197108 0.857547
vt 0.563071 0.737724
vt 0.563071 0.842236
vt 0.548624 0.737724
vt 0.187335 0.999875
vt 0.187312 0.985343
vt 0.200002 0.999875
vt 0.186812 0.965566
vt 0.172225 0.877152
vt 0.199316 0.965449
vt 0.167148 0.85756
vt 0.164136 0.842987
vt 0.182148 0.857533
vt 0.577533 0.737724
vt 0.577533 0.842236
vt 0.563071 0.737724
vt 0.174651 0.999875
vt 0.174677 0.985361
vt 0.187335 0.999875
vt 0.174382 0.96592
vt 0.158552 0.877118
vt 0.186812 0.965566
vt 0.152151 0.85769
vt 0.148024 0.842987
vt 0.167148 0.85756
vt 0.592001 0.737724
vt 0.592001 0.842236
vt 0.577533 0.737724
vt 0.16187 0.999875
vt 0.161985 0.98545
vt 0.174651 0.999875
vt 0.16208 0.96672
vt 0.145165 0.877405
vt 0.174382 0.96592
vt 0.137327 0.858796
vt 0.131813 0.844325
vt 0.152151 0.85769
vt 0.606463 0.737724
vt 0.606463 0.842236
vt 0.592001 0.737724
vt 0.148903 0.999875
vt 0.149023 0.985414
vt 0.16187 0.999875
vt 0.149968 0.968025
vt 0.132142 0.878763
vt 0.16208 0.96672
vt 0.12273 0.861665
vt 0.115804 0.84771
vt 0.137327 0.858796
vt 0.62091 0.737724
vt 0.62091 0.842236
vt 0.606463 0.737724
vt 0.135666 0.999875
vt 0.136002 0.985913
vt 0.148903 0.999875
vt 0.138124 0.96978
vt 0.119569 0.881497
vt 0.149968 0.968025
vt 0.109153 0.866824
vt 0.100453 0.854049
vt 0.12273 0.861665
vt 0.63533 0.737724
vt 0.63533 0.842236
vt 0.62091 0.737724
vt 0.122195 0.999875
vt 0.122097 0.985423
vt 0.135666 0.999875
vt 0.133195 0.970915
vt 0.114074 0.882732
vt 0.138124 0.96978
vt 0.096549 0.876624
vt 0.08684 0.864718
vt 0.109153 0.866824
vt 0.649727 0.737724
vt 0.649727 0.842236
vt 0.63533 0.737724
vt 0.108946 0.999875
vt 0.108938 0.98451
vt 0.122195 0.999875
vt 0.659472 0.4857119999999999
vt 0.659472 0.37996699999999994
vt 0.677446 0.4857119999999999
vt 0.085067 0.890414
vt 0.074546 0.877665
vt 0.096549 0.876624
vt 0.664125 0.737724
vt 0.664125 0.842236
vt 0.649727 0.737724
vt 0.095641 0.999875
vt 0.095571 0.984156
vt 0.108946 0.999875
vt 0.641548 0.4857119999999999
vt 0.641548 0.37996699999999994
vt 0.659472 0.4857119999999999
vt 0.073622 0.903586
vt 0.0627 0.891501
vt 0.085067 0.890414
vt 0.678545 0.737724
vt 0.678545 0.842236
vt 0.664125 0.737724
vt 0.082302 0.999875
vt 0.082255 0.983699
vt 0.095641 0.999875
vt 0.623704 0.4857119999999999
vt 0.623704 0.37996699999999994
vt 0.641548 0.4857119999999999
vt 0.062855 0.917864
vt 0.051451 0.905684
vt 0.073622 0.903586
vt 0.692991 0.737724
vt 0.692991 0.842236
vt 0.678545 0.737724
vt 0.068914 0.999875
vt 0.068874 0.983337
vt 0.082302 0.999875
vt 0.605971 0.4857119999999999
vt 0.605971 0.37996699999999994
vt 0.623704 0.4857119999999999
vt 0.052711 0.932164
vt 0.040881 0.91951
vt 0.062855 0.917864
vt 0.707453 0.737724
vt 0.707453 0.842236
vt 0.692991 0.737724
vt 0.05545 0.999875
vt 0.05543 0.982952
vt 0.068914 0.999875
vt 0.588377 0.4857119999999999
vt 0.588377 0.37996699999999994
vt 0.605971 0.4857119999999999
vt 0.043309 0.945636
vt 0.031062 0.933516
vt 0.052711 0.932164
vt 0.721922 0.737724
vt 0.721922 0.842236
vt 0.707453 0.737724
vt 0.041884 0.996073
vt 0.041893 0.979212
vt 0.05545 0.999875
vt 0.570949 0.4857119999999999
vt 0.570949 0.37996699999999994
vt 0.588377 0.4857119999999999
vt 0.034688 0.959181
vt 0.02207 0.94764
vt 0.043309 0.945636
vt 0.736384 0.737724
vt 0.736384 0.842236
vt 0.721922 0.737724
vt 0.028206 0.992433
vt 0.028245 0.975635
vt 0.041884 0.996073
vt 0.553705 0.4857119999999999
vt 0.553705 0.37996699999999994
vt 0.570949 0.4857119999999999
vt 0.026872 0.972786
vt 0.013916 0.961797
vt 0.034688 0.959181
vt 0.75083 0.737724
vt 0.75083 0.842236
vt 0.736384 0.737724
vt 0.087267 0.952237
vt 0.087243 0.93748
vt 0.100985 0.952237
vt 0.536656 0.4857119999999999
vt 0.536656 0.37996699999999994
vt 0.553705 0.4857119999999999
vt 0.019915 0.986262
vt 0.006686 0.97581
vt 0.026872 0.972786
vt 0.76525 0.737724
vt 0.76525 0.842236
vt 0.75083 0.737724
vt 0.073454 0.952237
vt 0.073454 0.93748
vt 0.087267 0.952237
vt 0.519809 0.4857119999999999
vt 0.519809 0.37996699999999994
vt 0.536656 0.4857119999999999
vt 0.013608 0.999875
vt 0.000125 0.989906
vt 0.019915 0.986262
vt 0.779648 0.737724
vt 0.779648 0.842236
vt 0.76525 0.737724
vt 0.75084 0.317163
vt 0.771982 0.317855
vt 0.750654 0.331661
vt 0.785598 0.33326100000000003
vt 0.785598 0.441133
vt 0.771806 0.331661
vt 0.771982 0.456538
vt 0.75084 0.45723
vt 0.771806 0.442732
vt 0.736171 0.441133
vt 0.736171 0.33326100000000003
vt 0.750654 0.442732
vt 0.751605 0.30259199999999997
vt 0.772701 0.304164
vt 0.75084 0.317163
vt 0.799281 0.33326
vt 0.799281 0.441133
vt 0.785598 0.33326100000000003
vt 0.772701 0.470229
vt 0.751605 0.471801
vt 0.771982 0.456538
vt 0.721608 0.441133
vt 0.721608 0.33326
vt 0.736171 0.441133
vt 0.753007 0.2880309999999999
vt 0.774011 0.29055300000000006
vt 0.751605 0.30259199999999997
vt 0.812893 0.33326
vt 0.812893 0.441133
vt 0.799281 0.33326
vt 0.774011 0.48384000000000005
vt 0.753007 0.48636199999999996
vt 0.772701 0.470229
vt 0.707046 0.441133
vt 0.707046 0.33326
vt 0.721608 0.441133
vt 0.755087 0.273528
vt 0.775948 0.27704299999999993
vt 0.753007 0.2880309999999999
vt 0.826412 0.33326
vt 0.826412 0.441133
vt 0.812893 0.33326
vt 0.775948 0.49734999999999996
vt 0.755087 0.500865
vt 0.774011 0.48384000000000005
vt 0.692534 0.441133
vt 0.692534 0.33326
vt 0.707046 0.441133
vt 0.75785 0.25920999999999994
vt 0.778547 0.263574
vt 0.755087 0.273528
vt 0.839898 0.331661
vt 0.839898 0.442732
vt 0.826412 0.33326
vt 0.778547 0.510819
vt 0.75785 0.515184
vt 0.775948 0.49734999999999996
vt 0.678196 0.442732
vt 0.678196 0.331661
vt 0.692534 0.441133
vt 0.326246 0.529733
vt 0.340915 0.528377
vt 0.327155 0.544655
vt 0.379597 0.486298
vt 0.381382 0.37778899999999993
vt 0.393317 0.486507
vt 0.342724 0.334364
vt 0.328056 0.33248199999999994
vt 0.343589 0.3201320000000001
vt 0.282504 0.37625
vt 0.280719 0.48475899999999994
vt 0.268087 0.3760319999999999
vt 0.325337 0.514821
vt 0.340055 0.514151
vt 0.326246 0.529733
vt 0.365852 0.486089
vt 0.367637 0.37758
vt 0.379597 0.486298
vt 0.341857 0.34861999999999993
vt 0.327139 0.347426
vt 0.342724 0.334364
vt 0.296913 0.37646899999999994
vt 0.295127 0.484978
vt 0.282504 0.37625
vt 0.324432 0.49995900000000004
vt 0.339196 0.4999199999999999
vt 0.325337 0.514821
vt 0.352103 0.48587899999999995
vt 0.353889 0.37737
vt 0.365852 0.486089
vt 0.340989 0.362881
vt 0.326225 0.36231900000000006
vt 0.341857 0.34861999999999993
vt 0.311273 0.376687
vt 0.309487 0.48519500000000004
vt 0.296913 0.37646899999999994
vt 0.323546 0.485409
vt 0.338336 0.48567000000000005
vt 0.324432 0.49995900000000004
vt 0.338336 0.48567000000000005
vt 0.340121 0.3771610000000001
vt 0.352103 0.48587899999999995
vt 0.340121 0.3771610000000001
vt 0.325331 0.3769
vt 0.340989 0.362881
vt 0.325331 0.3769
vt 0.323546 0.485409
vt 0.311273 0.376687
vt 0.777825 0.573771
vt 0.795431 0.57399
vt 0.77599 0.679252
vt 0.325331 0.3769
vt 0.340121 0.3771610000000001
vt 0.323546 0.485409
vt 0.5955 0.882642
vt 0.599133 0.880549
vt 0.576122 0.970323
vt 0.581402 0.977476
vt 0.57853 0.973651
vt 0.603478 0.878764
vt 0.584423 0.981803
vt 0.581402 0.977476
vt 0.608296 0.877192
vt 0.608296 0.877192
vt 0.613063 0.877409
vt 0.584423 0.981803
vt 0.589852 0.881593
vt 0.591155 0.878668
vt 0.5955 0.882642
vt 0.603478 0.878764
vt 0.599133 0.880549
vt 0.593404 0.874686
vt 0.608296 0.877192
vt 0.603478 0.878764
vt 0.596638 0.870456
vt 0.596638 0.870456
vt 0.600253 0.867159
vt 0.608296 0.877192
vt 0.576122 0.970323
vt 0.57853 0.973651
vt 0.571204 0.969342
vt 0.57149 0.976785
vt 0.571224 0.972466
vt 0.581402 0.977476
vt 0.572271 0.981713
vt 0.57149 0.976785
vt 0.584423 0.981803
vt 0.584423 0.981803
vt 0.587208 0.985386
vt 0.572271 0.981713
vt 0.577016 0.878987
vt 0.578399 0.875766
vt 0.589852 0.881593
vt 0.593404 0.874686
vt 0.591155 0.878668
vt 0.580543 0.871579
vt 0.596638 0.870456
vt 0.593404 0.874686
vt 0.583419 0.866591
vt 0.583419 0.866591
vt 0.586504 0.861827
vt 0.596638 0.870456
vt 0.571204 0.969342
vt 0.571224 0.972466
vt 0.559421 0.967884
vt 0.55944 0.975406
vt 0.559303 0.97112
vt 0.57149 0.976785
vt 0.559889 0.980545
vt 0.55944 0.975406
vt 0.572271 0.981713
vt 0.572271 0.981713
vt 0.573393 0.985931
vt 0.559889 0.980545
vt 0.563773 0.877632
vt 0.565086 0.874198
vt 0.577016 0.878987
vt 0.580543 0.871579
vt 0.578399 0.875766
vt 0.566931 0.869688
vt 0.583419 0.866591
vt 0.580543 0.871579
vt 0.569297 0.864263
vt 0.569297 0.864263
vt 0.571688 0.858855
vt 0.583419 0.866591
vt 0.559421 0.967884
vt 0.559303 0.97112
vt 0.547434 0.966692
vt 0.547228 0.974645
vt 0.547261 0.970106
vt 0.55944 0.975406
vt 0.547375 0.980086
vt 0.547228 0.974645
vt 0.559889 0.980545
vt 0.559889 0.980545
vt 0.560482 0.985441
vt 0.547375 0.980086
vt 0.550195 0.877292
vt 0.55136 0.873706
vt 0.563773 0.877632
vt 0.566931 0.869688
vt 0.565086 0.874198
vt 0.552899 0.869045
vt 0.569297 0.864263
vt 0.566931 0.869688
vt 0.554793 0.863387
vt 0.554793 0.863387
vt 0.556666 0.85768
vt 0.569297 0.864263
vt 0.547434 0.966692
vt 0.547261 0.970106
vt 0.535248 0.965902
vt 0.534918 0.974097
vt 0.535029 0.969443
vt 0.547228 0.974645
vt 0.534899 0.979735
vt 0.534918 0.974097
vt 0.547375 0.980086
vt 0.547375 0.980086
vt 0.547585 0.985485
vt 0.534899 0.979735
vt 0.536372 0.877275
vt 0.537364 0.873678
vt 0.550195 0.877292
vt 0.552899 0.869045
vt 0.55136 0.873706
vt 0.538603 0.868981
vt 0.554793 0.863387
vt 0.552899 0.869045
vt 0.540078 0.863288
vt 0.540078 0.863288
vt 0.541474 0.857534
vt 0.554793 0.863387
vt 0.535248 0.965902
vt 0.535029 0.969443
vt 0.522891 0.965525
vt 0.522495 0.973847
vt 0.522655 0.969117
vt 0.534918 0.974097
vt 0.52239 0.97958
vt 0.522495 0.973847
vt 0.534899 0.979735
vt 0.534899 0.979735
vt 0.534938 0.985399
vt 0.52239 0.97958
vt 0.522346 0.877304
vt 0.523177 0.873712
vt 0.536372 0.877275
vt 0.538603 0.868981
vt 0.537364 0.873678
vt 0.524162 0.869002
vt 0.540078 0.863288
vt 0.538603 0.868981
vt 0.525283 0.863283
vt 0.525283 0.863283
vt 0.526302 0.857498
vt 0.540078 0.863288
vt 0.522891 0.965525
vt 0.522655 0.969117
vt 0.510416 0.965384
vt 0.509971 0.973732
vt 0.510159 0.968988
vt 0.522495 0.973847
vt 0.509822 0.9795
vt 0.509971 0.973732
vt 0.52239 0.97958
vt 0.52239 0.97958
vt 0.522329 0.985381
vt 0.509822 0.9795
vt 0.508162 0.877313
vt 0.50886 0.873753
vt 0.522346 0.877304
vt 0.524162 0.869002
vt 0.523177 0.873712
vt 0.509639 0.869047
vt 0.525283 0.863283
vt 0.524162 0.869002
vt 0.510478 0.863316
vt 0.510478 0.863316
vt 0.511199 0.857511
vt 0.525283 0.863283
vt 0.510416 0.965384
vt 0.510159 0.968988
vt 0.497818 0.96537
vt 0.497334 0.973687
vt 0.497542 0.968952
vt 0.509971 0.973732
vt 0.497166 0.979457
vt 0.497334 0.973687
vt 0.509822 0.9795
vt 0.509822 0.9795
vt 0.509718 0.985348
vt 0.497166 0.979457
vt 0.49386 0.877292
vt 0.494453 0.873775
vt 0.508162 0.877313
vt 0.509639 0.869047
vt 0.50886 0.873753
vt 0.495076 0.869089
vt 0.510478 0.863316
vt 0.509639 0.869047
vt 0.495705 0.863358
vt 0.495705 0.863358
vt 0.49621 0.857544
vt 0.510478 0.863316
vt 0.497818 0.96537
vt 0.497542 0.968952
vt 0.485083 0.965409
vt 0.484575 0.973659
vt 0.484791 0.968951
vt 0.497334 0.973687
vt 0.484408 0.979421
vt 0.484575 0.973659
vt 0.497166 0.979457
vt 0.497166 0.979457
vt 0.497044 0.985321
vt 0.484408 0.979421
vt 0.479487 0.877245
vt 0.48 0.873779
vt 0.49386 0.877292
vt 0.495076 0.869089
vt 0.494453 0.873775
vt 0.480511 0.869121
vt 0.495705 0.863358
vt 0.495076 0.869089
vt 0.480992 0.863397
vt 0.480992 0.863397
vt 0.481349 0.857578
vt 0.495705 0.863358
vt 0.485083 0.965409
vt 0.484791 0.968951
vt 0.472204 0.965473
vt 0.471693 0.973644
vt 0.471905 0.968966
vt 0.484575 0.973659
vt 0.471548 0.979394
vt 0.471693 0.973644
vt 0.484408 0.979421
vt 0.484408 0.979421
vt 0.484291 0.985289
vt 0.471548 0.979394
vt 0.465163 0.877189
vt 0.465608 0.87377
vt 0.479487 0.877245
vt 0.480511 0.869121
vt 0.48 0.873779
vt 0.466031 0.869141
vt 0.480992 0.863397
vt 0.480511 0.869121
vt 0.466402 0.863428
vt 0.466402 0.863428
vt 0.466654 0.857609
vt 0.480992 0.863397
vt 0.472204 0.965473
vt 0.471905 0.968966
vt 0.459247 0.965536
vt 0.458752 0.973634
vt 0.458952 0.968984
vt 0.471693 0.973644
vt 0.458634 0.979373
vt 0.458752 0.973634
vt 0.471548 0.979394
vt 0.471548 0.979394
vt 0.471456 0.985261
vt 0.458634 0.979373
vt 0.450993 0.877124
vt 0.451371 0.873751
vt 0.465163 0.877189
vt 0.466031 0.869141
vt 0.465608 0.87377
vt 0.451712 0.869152
vt 0.466402 0.863428
vt 0.466031 0.869141
vt 0.451986 0.863452
vt 0.451986 0.863452
vt 0.452149 0.857634
vt 0.466402 0.863428
vt 0.459247 0.965536
vt 0.458952 0.968984
vt 0.446284 0.965587
vt 0.445818 0.97362
vt 0.446004 0.968993
vt 0.458752 0.973634
vt 0.445715 0.979349
vt 0.445818 0.97362
vt 0.458634 0.979373
vt 0.458634 0.979373
vt 0.458569 0.985233
vt 0.445715 0.979349
vt 0.436986 0.877055
vt 0.437294 0.873724
vt 0.450993 0.877124
vt 0.451712 0.869152
vt 0.451371 0.873751
vt 0.437553 0.869156
vt 0.451986 0.863452
vt 0.451712 0.869152
vt 0.437739 0.86347
vt 0.437739 0.86347
vt 0.437823 0.857658
vt 0.451986 0.863452
vt 0.446284 0.965587
vt 0.446004 0.968993
vt 0.433313 0.965632
vt 0.432891 0.973602
vt 0.433061 0.968997
vt 0.445818 0.97362
vt 0.432796 0.979324
vt 0.432891 0.973602
vt 0.445715 0.979349
vt 0.445715 0.979349
vt 0.445662 0.985206
vt 0.432796 0.979324
vt 0.423115 0.876983
vt 0.423351 0.873692
vt 0.436986 0.877055
vt 0.437553 0.869156
vt 0.437294 0.873724
vt 0.423532 0.869154
vt 0.437739 0.86347
vt 0.437553 0.869156
vt 0.423637 0.863485
vt 0.423637 0.863485
vt 0.423654 0.857679
vt 0.437739 0.86347
vt 0.433313 0.965632
vt 0.433061 0.968997
vt 0.420325 0.965676
vt 0.419962 0.973585
vt 0.420111 0.969003
vt 0.432891 0.973602
vt 0.41987 0.979299
vt 0.419962 0.973585
vt 0.432796 0.979324
vt 0.432796 0.979324
vt 0.432744 0.98518
vt 0.41987 0.979299
vt 0.409335 0.87691
vt 0.409501 0.873658
vt 0.423115 0.876983
vt 0.423532 0.869154
vt 0.423351 0.873692
vt 0.40961 0.869149
vt 0.423637 0.863485
vt 0.423532 0.869154
vt 0.409647 0.863498
vt 0.409647 0.863498
vt 0.409611 0.857699
vt 0.423637 0.863485
vt 0.420325 0.965676
vt 0.420111 0.969003
vt 0.407307 0.965724
vt 0.407014 0.973573
vt 0.407138 0.969015
vt 0.419962 0.973585
vt 0.406927 0.979276
vt 0.407014 0.973573
vt 0.41987 0.979299
vt 0.41987 0.979299
vt 0.419813 0.985155
vt 0.406927 0.979276
vt 0.395596 0.876842
vt 0.395699 0.873626
vt 0.409335 0.87691
vt 0.40961 0.869149
vt 0.409501 0.873658
vt 0.395746 0.869143
vt 0.409647 0.863498
vt 0.40961 0.869149
vt 0.395731 0.863508
vt 0.395731 0.863508
vt 0.39566 0.857716
vt 0.409647 0.863498
vt 0.407307 0.965724
vt 0.407138 0.969015
vt 0.394248 0.965773
vt 0.394031 0.973565
vt 0.394126 0.969031
vt 0.407014 0.973573
vt 0.393953 0.979257
vt 0.394031 0.973565
vt 0.406927 0.979276
vt 0.406927 0.979276
vt 0.406865 0.985131
vt 0.393953 0.979257
vt 0.381846 0.876782
vt 0.381893 0.873597
vt 0.395596 0.876842
vt 0.395746 0.869143
vt 0.395699 0.873626
vt 0.381894 0.869137
vt 0.395731 0.863508
vt 0.395746 0.869143
vt 0.381847 0.863517
vt 0.381847 0.863517
vt 0.381762 0.857731
vt 0.395731 0.863508
vt 0.394248 0.965773
vt 0.394126 0.969031
vt 0.381133 0.965818
vt 0.380996 0.973559
vt 0.381059 0.969046
vt 0.394031 0.973565
vt 0.380937 0.97924
vt 0.380996 0.973559
vt 0.393953 0.979257
vt 0.393953 0.979257
vt 0.393891 0.98511
vt 0.380937 0.97924
vt 0.368041 0.876737
vt 0.368043 0.873575
vt 0.381846 0.876782
vt 0.381894 0.869137
vt 0.381893 0.873597
vt 0.368015 0.869132
vt 0.381847 0.863517
vt 0.381894 0.869137
vt 0.36796 0.863523
vt 0.36796 0.863523
vt 0.367886 0.857741
vt 0.381847 0.863517
vt 0.381133 0.965818
vt 0.381059 0.969046
vt 0.36795 0.965849
vt 0.367899 0.973552
vt 0.367923 0.969055
vt 0.380996 0.973559
vt 0.367872 0.979225
vt 0.367899 0.973552
vt 0.380937 0.97924
vt 0.380937 0.97924
vt 0.380884 0.985092
vt 0.367872 0.979225
vt 0.354163 0.876719
vt 0.354129 0.873568
vt 0.368041 0.876737
vt 0.368015 0.869132
vt 0.368043 0.873575
vt 0.354089 0.869131
vt 0.36796 0.863523
vt 0.368015 0.869132
vt 0.354044 0.863526
vt 0.354044 0.863526
vt 0.354002 0.857745
vt 0.36796 0.863523
vt 0.36795 0.965849
vt 0.367923 0.969055
vt 0.3547 0.965861
vt 0.354739 0.973547
vt 0.354718 0.969058
vt 0.367899 0.973552
vt 0.35476 0.979218
vt 0.354739 0.973547
vt 0.367872 0.979225
vt 0.367872 0.979225
vt 0.367842 0.985079
vt 0.35476 0.979218
vt 0.340281 0.87674
vt 0.340213 0.87358
vt 0.354163 0.876719
vt 0.354089 0.869131
vt 0.354129 0.873568
vt 0.340161 0.869137
vt 0.354044 0.863526
vt 0.354089 0.869131
vt 0.340127 0.863527
vt 0.340127 0.863527
vt 0.340116 0.857743
vt 0.354044 0.863526
vt 0.3547 0.965861
vt 0.354718 0.969058
vt 0.341456 0.965856
vt 0.341583 0.973553
vt 0.341518 0.96906
vt 0.354739 0.973547
vt 0.341651 0.979225
vt 0.341583 0.973553
vt 0.35476 0.979218
vt 0.35476 0.979218
vt 0.354771 0.985074
vt 0.341651 0.979225
vt 0.326466 0.876786
vt 0.326357 0.873605
vt 0.340281 0.87674
vt 0.340161 0.869137
vt 0.340213 0.87358
vt 0.326278 0.869146
vt 0.340127 0.863527
vt 0.340161 0.869137
vt 0.326235 0.863525
vt 0.326235 0.863525
vt 0.326235 0.857736
vt 0.340127 0.863527
vt 0.341456 0.965856
vt 0.341518 0.96906
vt 0.328289 0.965831
vt 0.328495 0.973562
vt 0.328393 0.969054
vt 0.341583 0.973553
vt 0.328593 0.97924
vt 0.328495 0.973562
vt 0.341651 0.979225
vt 0.341651 0.979225
vt 0.3417 0.985078
vt 0.328593 0.97924
vt 0.312702 0.876844
vt 0.312543 0.873634
vt 0.326466 0.876786
vt 0.326278 0.869146
vt 0.326357 0.873605
vt 0.312421 0.869154
vt 0.326235 0.863525
vt 0.326278 0.869146
vt 0.312347 0.863518
vt 0.312347 0.863518
vt 0.312331 0.857723
vt 0.326235 0.863525
vt 0.328289 0.965831
vt 0.328393 0.969054
vt 0.315196 0.965792
vt 0.315474 0.973568
vt 0.315344 0.969042
vt 0.328495 0.973562
vt 0.315588 0.979255
vt 0.315474 0.973568
vt 0.328593 0.97924
vt 0.328593 0.97924
vt 0.328663 0.985089
vt 0.315588 0.979255
vt 0.29895 0.876907
vt 0.298732 0.873663
vt 0.312702 0.876844
vt 0.312421 0.869154
vt 0.312543 0.873634
vt 0.298552 0.86916
vt 0.312347 0.863518
vt 0.312421 0.869154
vt 0.298427 0.863509
vt 0.298427 0.863509
vt 0.298375 0.857706
vt 0.312347 0.863518
vt 0.315196 0.965792
vt 0.315344 0.969042
vt 0.302165 0.965749
vt 0.302509 0.973577
vt 0.302354 0.96903
vt 0.315474 0.973568
vt 0.302628 0.979273
vt 0.302509 0.973577
vt 0.315588 0.979255
vt 0.315588 0.979255
vt 0.315663 0.985105
vt 0.302628 0.979273
vt 0.285161 0.876971
vt 0.284879 0.873693
vt 0.29895 0.876907
vt 0.298552 0.86916
vt 0.298732 0.873663
vt 0.284631 0.869163
vt 0.298427 0.863509
vt 0.298552 0.86916
vt 0.284439 0.863497
vt 0.284439 0.863497
vt 0.284331 0.857688
vt 0.298427 0.863509
vt 0.302165 0.965749
vt 0.302354 0.96903
vt 0.289179 0.965709
vt 0.28958 0.97359
vt 0.289406 0.969022
vt 0.302509 0.973577
vt 0.289701 0.979294
vt 0.28958 0.97359
vt 0.302628 0.979273
vt 0.302628 0.979273
vt 0.3027 0.985124
vt 0.289701 0.979294
vt 0.271286 0.877037
vt 0.270939 0.873721
vt 0.285161 0.876971
vt 0.284631 0.869163
vt 0.284879 0.873693
vt 0.270617 0.869165
vt 0.284439 0.863497
vt 0.284631 0.869163
vt 0.270347 0.863485
vt 0.270347 0.863485
vt 0.270171 0.857669
vt 0.284439 0.863497
vt 0.289179 0.965709
vt 0.289406 0.969022
vt 0.276227 0.965674
vt 0.276673 0.973607
vt 0.276484 0.969021
vt 0.28958 0.97359
vt 0.276793 0.979317
vt 0.276673 0.973607
vt 0.289701 0.979294
vt 0.289701 0.979294
vt 0.289765 0.985145
vt 0.276793 0.979317
vt 0.257282 0.877101
vt 0.256873 0.873748
vt 0.271286 0.877037
vt 0.270617 0.869165
vt 0.270939 0.873721
vt 0.256476 0.869165
vt 0.270347 0.863485
vt 0.270617 0.869165
vt 0.25612 0.86347
vt 0.25612 0.86347
vt 0.255865 0.85765
vt 0.270347 0.863485
vt 0.276227 0.965674
vt 0.276484 0.969021
vt 0.263294 0.965641
vt 0.263769 0.973627
vt 0.263571 0.969022
vt 0.276673 0.973607
vt 0.263892 0.979341
vt 0.263769 0.973627
vt 0.276793 0.979317
vt 0.276793 0.979317
vt 0.276851 0.985168
vt 0.263892 0.979341
vt 0.243125 0.877162
vt 0.242659 0.873771
vt 0.257282 0.877101
vt 0.256476 0.869165
vt 0.256873 0.873748
vt 0.242188 0.869161
vt 0.25612 0.86347
vt 0.256476 0.869165
vt 0.241741 0.863454
vt 0.241741 0.863454
vt 0.241398 0.85763
vt 0.25612 0.86347
vt 0.263294 0.965641
vt 0.263571 0.969022
vt 0.25037 0.965601
vt 0.250858 0.973642
vt 0.250654 0.969019
vt 0.263769 0.973627
vt 0.250992 0.979362
vt 0.250858 0.973642
vt 0.263892 0.979341
vt 0.263892 0.979341
vt 0.263951 0.985191
vt 0.250992 0.979362
vt 0.228823 0.877217
vt 0.228303 0.873785
vt 0.243125 0.877162
vt 0.242188 0.869161
vt 0.242659 0.873771
vt 0.227755 0.869148
vt 0.241741 0.863454
vt 0.242188 0.869161
vt 0.227206 0.863432
vt 0.227206 0.863432
vt 0.226762 0.857606
vt 0.241741 0.863454
vt 0.25037 0.965601
vt 0.250654 0.969019
vt 0.237455 0.96555
vt 0.237939 0.973651
vt 0.237732 0.969006
vt 0.250858 0.973642
vt 0.238094 0.979381
vt 0.237939 0.973651
vt 0.250992 0.979362
vt 0.250992 0.979362
vt 0.251062 0.985215
vt 0.238094 0.979381
vt 0.214486 0.877257
vt 0.213902 0.873782
vt 0.228823 0.877217
vt 0.227755 0.869148
vt 0.228303 0.873785
vt 0.213257 0.869123
vt 0.227206 0.863432
vt 0.227755 0.869148
vt 0.212571 0.8634
vt 0.212571 0.8634
vt 0.211985 0.857577
vt 0.227206 0.863432
vt 0.237455 0.96555
vt 0.237732 0.969006
vt 0.224614 0.965494
vt 0.225075 0.973662
vt 0.224872 0.968991
vt 0.237939 0.973651
vt 0.225247 0.979404
vt 0.225075 0.973662
vt 0.238094 0.979381
vt 0.238094 0.979381
vt 0.23819 0.985239
vt 0.225247 0.979404
vt 0.200239 0.877264
vt 0.199568 0.873752
vt 0.214486 0.877257
vt 0.213257 0.869123
vt 0.213902 0.873782
vt 0.198784 0.869077
vt 0.212571 0.8634
vt 0.213257 0.869123
vt 0.1979 0.863358
vt 0.1979 0.863358
vt 0.197108 0.857547
vt 0.212571 0.8634
vt 0.224614 0.965494
vt 0.224872 0.968991
vt 0.211908 0.965452
vt 0.212326 0.973677
vt 0.212139 0.968982
vt 0.225075 0.973662
vt 0.212497 0.97943
vt 0.212326 0.973677
vt 0.225247 0.979404
vt 0.225247 0.979404
vt 0.225365 0.985263
vt 0.212497 0.97943
vt 0.186136 0.877224
vt 0.185347 0.873689
vt 0.200239 0.877264
vt 0.198784 0.869077
vt 0.199568 0.873752
vt 0.184373 0.86902
vt 0.1979 0.863358
vt 0.198784 0.869077
vt 0.183224 0.86332
vt 0.183224 0.86332
vt 0.182148 0.857533
vt 0.1979 0.863358
vt 0.211908 0.965452
vt 0.212139 0.968982
vt 0.199316 0.965449
vt 0.199689 0.973704
vt 0.199524 0.968998
vt 0.212326 0.973677
vt 0.199839 0.979461
vt 0.199689 0.973704
vt 0.212497 0.97943
vt 0.212497 0.97943
vt 0.212616 0.985289
vt 0.199839 0.979461
vt 0.172225 0.877152
vt 0.171283 0.873619
vt 0.186136 0.877224
vt 0.184373 0.86902
vt 0.185347 0.873689
vt 0.170067 0.868973
vt 0.183224 0.86332
vt 0.184373 0.86902
vt 0.168581 0.86331
vt 0.168581 0.86331
vt 0.167148 0.85756
vt 0.183224 0.86332
vt 0.199316 0.965449
vt 0.199524 0.968998
vt 0.186812 0.965566
vt 0.187153 0.973798
vt 0.187008 0.969101
vt 0.199689 0.973704
vt 0.18726 0.979529
vt 0.187153 0.973798
vt 0.199839 0.979461
vt 0.199839 0.979461
vt 0.199938 0.985312
vt 0.18726 0.979529
vt 0.158552 0.877118
vt 0.157432 0.8736
vt 0.172225 0.877152
vt 0.170067 0.868973
vt 0.171283 0.873619
vt 0.155921 0.869001
vt 0.168581 0.86331
vt 0.170067 0.868973
vt 0.154034 0.863386
vt 0.154034 0.863386
vt 0.152151 0.85769
vt 0.168581 0.86331
vt 0.186812 0.965566
vt 0.187008 0.969101
vt 0.174382 0.96592
vt 0.174703 0.974033
vt 0.174586 0.969403
vt 0.187153 0.973798
vt 0.174729 0.979678
vt 0.174703 0.974033
vt 0.18726 0.979529
vt 0.18726 0.979529
vt 0.187312 0.985343
vt 0.174729 0.979678
vt 0.145165 0.877405
vt 0.14387 0.874034
vt 0.158552 0.877118
vt 0.155921 0.869001
vt 0.157432 0.8736
vt 0.14204 0.869585
vt 0.154034 0.863386
vt 0.155921 0.869001
vt 0.139699 0.864205
vt 0.139699 0.864205
vt 0.137327 0.858796
vt 0.154034 0.863386
vt 0.174382 0.96592
vt 0.174586 0.969403
vt 0.16208 0.96672
vt 0.162366 0.974611
vt 0.162289 0.970088
vt 0.174703 0.974033
vt 0.162236 0.980053
vt 0.162366 0.974611
vt 0.174729 0.979678
vt 0.174729 0.979678
vt 0.174677 0.985361
vt 0.162236 0.980053
vt 0.132142 0.878763
vt 0.130725 0.875572
vt 0.145165 0.877405
vt 0.14204 0.869585
vt 0.14387 0.874034
vt 0.128576 0.871426
vt 0.139699 0.864205
vt 0.14204 0.869585
vt 0.125743 0.86645
vt 0.125743 0.86645
vt 0.12273 0.861665
vt 0.139699 0.864205
vt 0.16208 0.96672
vt 0.162289 0.970088
vt 0.149968 0.968025
vt 0.150124 0.975482
vt 0.150177 0.971217
vt 0.162366 0.974611
vt 0.149674 0.980594
vt 0.150124 0.975482
vt 0.162236 0.980053
vt 0.162236 0.980053
vt 0.161985 0.98545
vt 0.149674 0.980594
vt 0.119569 0.881497
vt 0.118148 0.878577
vt 0.132142 0.878763
vt 0.128576 0.871426
vt 0.130725 0.875572
vt 0.115828 0.87455
vt 0.125743 0.86645
vt 0.128576 0.871426
vt 0.112604 0.870191
vt 0.112604 0.870191
vt 0.109153 0.866824
vt 0.125743 0.86645
vt 0.149968 0.968025
vt 0.150177 0.971217
vt 0.138124 0.96978
vt 0.138104 0.977116
vt 0.138238 0.972872
vt 0.150124 0.975482
vt 0.137301 0.981859
vt 0.138104 0.977116
vt 0.149674 0.980594
vt 0.149674 0.980594
vt 0.149023 0.985414
vt 0.137301 0.981859
vt 0.114074 0.882732
vt 0.110345 0.880713
vt 0.119569 0.881497
vt 0.115828 0.87455
vt 0.118148 0.878577
vt 0.105977 0.878746
vt 0.112604 0.870191
vt 0.115828 0.87455
vt 0.101168 0.876753
vt 0.101168 0.876753
vt 0.096549 0.876624
vt 0.112604 0.870191
vt 0.133195 0.970915
vt 0.130898 0.974247
vt 0.114074 0.882732
vt 0.105977 0.878746
vt 0.110345 0.880713
vt 0.128007 0.977914
vt 0.101168 0.876753
vt 0.105977 0.878746
vt 0.12486 0.981969
vt 0.12486 0.981969
vt 0.122097 0.985423
vt 0.101168 0.876753
vt 0.138124 0.96978
vt 0.138238 0.972872
vt 0.133195 0.970915
vt 0.128007 0.977914
vt 0.130898 0.974247
vt 0.138104 0.977116
vt 0.12486 0.981969
vt 0.128007 0.977914
vt 0.137301 0.981859
vt 0.137301 0.981859
vt 0.136002 0.985913
vt 0.12486 0.981969
vt 0.869613 0.927417
vt 0.87281 0.924216
vt 0.890765 0.927417
vt 0.869613 0.816336
vt 0.87281 0.819536
vt 0.869613 0.927417
vt 0.890765 0.816336
vt 0.887568 0.819536
vt 0.869613 0.816336
vt 0.890765 0.927417
vt 0.887568 0.924216
vt 0.890765 0.816336
vt 0.780398 0.927417
vt 0.783595 0.924216
vt 0.801551 0.927417
vt 0.801551 0.927417
vt 0.798355 0.924216
vt 0.801551 0.816336
vt 0.801551 0.816336
vt 0.798355 0.819536
vt 0.780398 0.816336
vt 0.780398 0.816336
vt 0.783595 0.819536
vt 0.780398 0.927417
vt 0.771806 0.331661
vt 0.768609 0.3348610000000001
vt 0.750654 0.331661
vt 0.771806 0.442732
vt 0.768609 0.43953200000000003
vt 0.771806 0.331661
vt 0.750654 0.442732
vt 0.75385 0.43953200000000003
vt 0.771806 0.442732
vt 0.750654 0.331661
vt 0.75385 0.3348610000000001
vt 0.750654 0.442732
vt 0.861048 0.331661
vt 0.857851 0.3348610000000001
vt 0.839898 0.331661
vt 0.839898 0.331661
vt 0.843094 0.3348610000000001
vt 0.839898 0.442732
vt 0.839898 0.442732
vt 0.843094 0.43953200000000003
vt 0.861048 0.442732
vt 0.861048 0.442732
vt 0.857851 0.43953200000000003
vt 0.861048 0.331661
vn 0 0 -1
vn 0 0 -1
vn 0 0 -1
vn 0.999503 -0.031526 0
vn 0.999833 -0.018281 0
vn 0.999833 -0.018281 0
vn 0 0 1
vn 0 0 1
vn 0 0 1
vn -0.999498 0.031676 0
vn -0.999829 0.018485 0
vn -0.999829 0.018485 0
vn 0 0 -1
vn 0 0 -1
vn 0 0 -1
vn 0.997369 -0.072497 0
vn 0.999503 -0.031526 0
vn 0.998997 -0.044767 0
vn 0 0 1
vn 0 0 1
vn 0 0 1
vn -0.997366 0.072537 0
vn -0.999498 0.031676 0
vn -0.998993 0.044864 0
vn 0 0 -1
vn 0 0 -1
vn 0 0 -1
vn 0.993147 -0.116874 0
vn 0.997369 -0.072497 0
vn 0.99621 -0.086983 0
vn 0 0 1
vn 0 0 1
vn 0 0 1
vn -0.993143 0.116903 0
vn -0.997366 0.072537 0
vn -0.996207 0.087021 0
vn 0 0 -1
vn 0 0 -1
vn 0 0 -1
vn 0.989041 -0.147641 0
vn 0.993147 -0.116874 0
vn 0.991213 -0.132275 0
vn 0 0 1
vn 0 0 1
vn 0 0 1
vn -0.989038 0.14766 0
vn -0.993143 0.116903 0
vn -0.99121 0.132299 0
vn 0.014861 0.073549 -0.997181
vn 0.02068 0.11394 -0.993272
vn 0.02226 0.110166 -0.993664
vn 0.977527 -0.210811 0
vn 0.980785 -0.19509 0
vn 0.980785 -0.19509 0
vn 0.014952 0.07353 0.997181
vn 0.019468 0.107259 0.994041
vn 0.022396 0.110138 0.993664
vn -0.977528 0.210805 0
vn -0.980785 0.195091 0
vn -0.980785 0.195091 0
vn 0.000001 0.000005 -1
vn 0.014861 0.073549 -0.997181
vn 0.007957 0.035513 -0.999338
vn 0.96638 -0.257116 0
vn 0.977527 -0.210811 0
vn 0.974015 -0.226482 0
vn 0.000001 0.000005 1
vn 0.014952 0.07353 0.997181
vn 0.008455 0.037731 0.999252
vn -0.966387 0.257091 0
vn -0.977528 0.210805 0
vn -0.974019 0.226468 0
vn 0.000002 0.000008 -1
vn 0.000001 0.000005 -1
vn 0.000002 0.000006 -1
vn 0.953665 -0.30087 0
vn 0.96638 -0.257116 0
vn 0.962273 -0.272085 0
vn 0.000002 0.000008 1
vn 0.000001 0.000005 1
vn 0.000002 0.000006 1
vn -0.953676 0.300835 0
vn -0.966387 0.257091 0
vn -0.962282 0.272055 0
vn -0.013334 -0.036026 -0.999262
vn 0.000002 0.000008 -1
vn 0.000003 0.000008 -1
vn 0.940095 -0.340911 0
vn 0.953665 -0.30087 0
vn 0.949192 -0.314696 0
vn -0.012703 -0.034323 0.99933
vn 0.000002 0.000008 1
vn 0.000003 0.000008 1
vn -0.940108 0.340876 0
vn -0.953676 0.300835 0
vn -0.949205 0.314659 0
vn -0.040674 -0.104737 -0.993668
vn -0.013334 -0.036026 -0.999262
vn -0.027153 -0.06992 -0.997183
vn 0.930753 -0.365648 0
vn 0.940095 -0.340911 0
vn 0.935506 -0.353312 0
vn -0.040756 -0.104705 0.993668
vn -0.012703 -0.034323 0.99933
vn -0.027208 -0.069898 0.997183
vn -0.930764 0.365621 0
vn -0.940108 0.340876 0
vn -0.935517 0.35328 0
vn 0 0 -1
vn 0 0 -1
vn 0 0 -1
vn 0.911332 -0.411672 0
vn 0.916695 -0.399589 0
vn 0.916695 -0.399589 0
vn 0 0 1
vn 0 0 1
vn 0 0 1
vn -0.911318 0.411704 0
vn -0.916682 0.399617 0
vn -0.916682 0.399617 0
vn 0 0 -1
vn 0 0 -1
vn 0 0 -1
vn 0.893705 -0.448655 0
vn 0.911332 -0.411672 0
vn 0.905809 -0.423686 0
vn 0 0 1
vn 0 0 1
vn 0 0 1
vn -0.893687 0.448692 0
vn -0.911318 0.411704 0
vn -0.905793 0.423721 0
vn 0 0 -1
vn 0 0 -1
vn 0 0 -1
vn 0.872822 -0.488038 0
vn 0.893705 -0.448655 0
vn 0.887091 -0.461595 0
vn 0 0 1
vn 0 0 1
vn 0 0 1
vn -0.872808 0.488064 0
vn -0.893687 0.448692 0
vn -0.887073 0.461629 0
vn 0 0 -1
vn 0 0 -1
vn 0 0 -1
vn 0.848879 -0.528588 0
vn 0.872822 -0.488038 0
vn 0.865142 -0.501527 0
vn 0 0 1
vn 0 0 1
vn 0 0 1
vn -0.848873 0.528597 0
vn -0.872808 0.488064 0
vn -0.86513 0.501547 0
vn 0 0 -1
vn 0 0 -1
vn 0 0 -1
vn 0.822443 -0.568847 0
vn 0.848879 -0.528588 0
vn 0.840281 -0.542151 0
vn 0 0 1
vn 0 0 1
vn 0 0 1
vn -0.822448 0.568841 0
vn -0.848873 0.528597 0
vn -0.840279 0.542154 0
vn 0 0 -1
vn 0 0 -1
vn 0 0 -1
vn 0.794426 -0.607361 0
vn 0.822443 -0.568847 0
vn 0.813203 -0.58198 0
vn 0 0 1
vn 0 0 1
vn 0 0 1
vn -0.79444 0.607342 0
vn -0.822448 0.568841 0
vn -0.81321 0.58197 0
vn 0 0 -1
vn 0 0 -1
vn 0 0 -1
vn 0.765933 -0.64292 0
vn 0.794426 -0.607361 0
vn 0.784903 -0.619618 0
vn 0 0 1
vn 0 0 1
vn 0 0 1
vn -0.765957 0.642891 0
vn -0.79444 0.607342 0
vn -0.784921 0.619595 0
vn 0 0 -1
vn 0 0 -1
vn 0 0 -1
vn 0.738073 -0.674721 0
vn 0.765933 -0.64292 0
vn 0.756509 -0.653983 0
vn 0 0 1
vn 0 0 1
vn 0 0 1
vn -0.738098 0.674693 0
vn -0.765957 0.642891 0
vn -0.756536 0.653952 0
vn 0.026384 -0.027372 -0.999277
vn 0 0 -1
vn 0 0 -1
vn 0.719978 -0.693997 0
vn 0.738073 -0.674721 0
vn 0.729089 -0.684419 0
vn 0 0 1
vn 0 0 1
vn 0 0 1
vn -0.711431 0.702756 0
vn -0.738098 0.674693 0
vn -0.72911 0.684397 0
vn 0.03206 -0.03507 -0.99887
vn 0.026384 -0.027372 -0.999277
vn 0 0 -1
vn 0.668491 -0.721296 0.18125
vn 0.613199 -0.768328 0.183464
vn 0.57922 -0.811877 -0.073209
vn 0 0 1
vn 0 0 1
vn 0.016486 -0.017103 0.999718
vn -0.684397 0.72911 0
vn -0.711431 0.702756 0
vn -0.702757 0.71143 0
vn 0.030548 -0.036393 -0.998871
vn 0.03206 -0.03507 -0.99887
vn 0 0 -1
vn 0.637912 -0.748475 0.181257
vn 0.668491 -0.721296 0.18125
vn 0.668167 -0.721596 -0.181251
vn 0 0 1
vn 0 0 1
vn 0.032521 -0.034643 0.998871
vn -0.653952 0.756536 0
vn -0.684397 0.72911 0
vn -0.674693 0.738099 0
vn 0.028857 -0.037745 -0.998871
vn 0.030548 -0.036393 -0.998871
vn 0 0 -1
vn 0.60355 -0.776447 0.181264
vn 0.637912 -0.748475 0.181257
vn 0.637542 -0.74879 -0.181256
vn 0 0 1
vn 0 0 1
vn 0.031073 -0.035945 0.998871
vn -0.619595 0.784921 0
vn -0.653952 0.756536 0
vn -0.642891 0.765958 0
vn 0.027027 -0.039075 -0.998871
vn 0.028857 -0.037745 -0.998871
vn 0 0 -1
vn 0.566119 -0.804147 0.181265
vn 0.60355 -0.776447 0.181264
vn 0.603141 -0.776765 -0.181264
vn 0 0 1
vn 0 0 1
vn 0.02944 -0.037293 0.998871
vn -0.581971 0.81321 0
vn -0.619595 0.784921 0
vn -0.607342 0.79444 0
vn 0.025114 -0.040331 -0.998871
vn 0.027027 -0.039075 -0.998871
vn 0 0 -1
vn 0.526744 -0.830472 0.181267
vn 0.566119 -0.804147 0.181265
vn 0.56568 -0.804455 -0.181266
vn 0 0 1
vn 0 0 1
vn 0.027651 -0.038637 0.998871
vn -0.542156 0.840278 0
vn -0.581971 0.81321 0
vn -0.568842 0.822447 0
vn 0.023188 -0.04147 -0.998871
vn 0.025114 -0.040331 -0.998871
vn 0 0 -1
vn 0.486826 -0.854485 0.181263
vn 0.526744 -0.830472 0.181267
vn 0.526291 -0.830759 -0.181266
vn 0 0 1
vn 0 0 1
vn 0.025758 -0.039923 0.998871
vn -0.501548 0.86513 0
vn -0.542156 0.840278 0
vn -0.528599 0.848872 0
vn 0.021317 -0.042463 -0.998871
vn 0.023188 -0.04147 -0.998871
vn 0 0 -1
vn 0.447814 -0.875562 0.181257
vn 0.486826 -0.854485 0.181263
vn 0.486376 -0.854741 -0.181264
vn 0 0 1
vn 0 0 1
vn 0.023829 -0.041105 0.998871
vn -0.461627 0.887074 0
vn -0.501548 0.86513 0
vn -0.488063 0.872809 0
vn 0.019561 -0.043303 -0.99887
vn 0.021317 -0.042463 -0.998871
vn 0 0 -1
vn 0.410971 -0.893449 0.181253
vn 0.447814 -0.875562 0.181257
vn 0.447381 -0.875784 -0.181255
vn 0 0 1
vn 0 0 1
vn 0.021932 -0.042149 0.998871
vn -0.423722 0.905792 0
vn -0.461627 0.887074 0
vn -0.448691 0.893687 0
vn 0.017915 -0.044011 -0.99887
vn 0.019561 -0.043303 -0.99887
vn 0 0 -1
vn 0.376535 -0.9085 0.181245
vn 0.410971 -0.893449 0.181253
vn 0.410571 -0.893632 -0.181253
vn 0 0 1
vn 0 0 1
vn 0.020132 -0.04304 0.998871
vn -0.388343 0.921515 0
vn -0.423722 0.905792 0
vn -0.411704 0.911318 0
vn 0.016199 -0.044669 -0.998871
vn 0.017915 -0.044011 -0.99887
vn 0 0 -1
vn 0.341577 -0.922211 0.181253
vn 0.376535 -0.9085 0.181245
vn 0.376156 -0.908657 -0.181245
vn 0 0 1
vn 0 0 1
vn 0.018452 -0.043788 0.99887
vn -0.353281 0.935517 0
vn -0.388343 0.921515 0
vn -0.37701 0.926209 0
vn 0.014295 -0.045312 -0.998871
vn 0.016199 -0.044669 -0.998871
vn 0 0 -1
vn 0.302926 -0.935618 0.181258
vn 0.341577 -0.922211 0.181253
vn 0.341164 -0.922364 -0.181252
vn 0 0 1
vn 0 0 1
vn 0.016788 -0.044451 0.99887
vn -0.314659 0.949205 0
vn -0.353281 0.935517 0
vn -0.340876 0.940108 0
vn 0.012216 -0.045915 -0.998871
vn 0.014295 -0.045312 -0.998871
vn 0 0 -1
vn 0.260473 -0.948312 0.181266
vn 0.302926 -0.935618 0.181258
vn 0.302463 -0.935768 -0.181258
vn 0 0 1
vn 0 0 1
vn 0.014952 -0.0451 0.998871
vn -0.272054 0.962282 0
vn -0.314659 0.949205 0
vn -0.300834 0.953677 0
vn 0.010016 -0.046444 -0.998871
vn 0.012216 -0.045915 -0.998871
vn 0 0 -1
vn 0.215294 -0.959579 0.181263
vn 0.260473 -0.948312 0.181266
vn 0.259975 -0.948449 -0.181267
vn 0 0 1
vn 0 0 1
vn 0.012927 -0.04572 0.998871
vn -0.226468 0.974019 0
vn -0.272054 0.962282 0
vn -0.257091 0.966387 0
vn 0.007768 -0.046873 -0.998871
vn 0.010016 -0.046444 -0.998871
vn 0 0 -1
vn 0.16884 -0.968832 0.181264
vn 0.215294 -0.959579 0.181263
vn 0.21477 -0.959696 -0.181266
vn 0 0 1
vn 0 0 1
vn 0.010761 -0.046277 0.998871
vn -0.179327 0.983789 0
vn -0.226468 0.974019 0
vn -0.210805 0.977528 0
vn 0.005553 -0.047187 -0.998871
vn 0.007768 -0.046873 -0.998871
vn 0 0 -1
vn 0.12277 -0.975741 0.181265
vn 0.16884 -0.968832 0.181264
vn 0.168311 -0.968925 -0.181263
vn 0 0 1
vn 0 0 1
vn 0.00852 -0.046742 0.998871
vn -0.1323 0.99121 0
vn -0.179327 0.983789 0
vn -0.163514 0.986541 0
vn 0.003445 -0.047389 -0.998871
vn 0.005553 -0.047187 -0.998871
vn 0 0 -1
vn 0.078664 -0.980284 0.181262
vn 0.12277 -0.975741 0.181265
vn 0.122255 -0.975806 -0.181262
vn 0 0 1
vn 0 0 1
vn 0.006285 -0.047095 0.998871
vn -0.08702 0.996207 0
vn -0.1323 0.99121 0
vn -0.116902 0.993143 0
vn 0.001501 -0.047492 -0.99887
vn 0.003445 -0.047389 -0.998871
vn 0 0 -1
vn 0.037781 -0.982711 0.18125
vn 0.078664 -0.980284 0.181262
vn 0.078181 -0.980322 -0.181261
vn 0 0 1
vn 0 0 1
vn 0.004133 -0.047334 0.998871
vn -0.044836 0.998994 0
vn -0.08702 0.996207 0
vn -0.072538 0.997366 0
vn -0.000291 -0.047516 -0.99887
vn 0.001501 -0.047492 -0.99887
vn 0 0 -1
vn 0.000205 -0.983438 0.181242
vn 0.037781 -0.982711 0.18125
vn 0.03734 -0.982727 -0.181254
vn 0 0 1
vn 0 0 1
vn 0.002129 -0.047468 0.99887
vn -0.006134 0.999981 0
vn -0.044836 0.998994 0
vn -0.031619 0.9995 0
vn -0.002129 -0.047468 -0.99887
vn -0.000291 -0.047516 -0.99887
vn 0 0 -1
vn -0.037339 -0.982728 0.181251
vn 0.000205 -0.983438 0.181242
vn -0.000205 -0.983438 -0.181242
vn 0 0 1
vn 0 0 1
vn 0.000291 -0.047516 0.99887
vn 0.031619 0.9995 0
vn -0.006134 0.999981 0
vn 0.006134 0.999981 0
vn -0.004133 -0.047334 -0.998871
vn -0.002129 -0.047468 -0.99887
vn 0 0 -1
vn -0.07818 -0.980324 0.181255
vn -0.037339 -0.982728 0.181251
vn -0.037779 -0.982711 -0.18125
vn 0 0 1
vn 0 0 1
vn -0.001501 -0.047492 0.99887
vn 0.072538 0.997366 0
vn 0.031619 0.9995 0
vn 0.044836 0.998994 0
vn -0.006285 -0.047095 -0.998871
vn -0.004133 -0.047334 -0.998871
vn 0 0 -1
vn -0.122257 -0.975806 0.181261
vn -0.07818 -0.980324 0.181255
vn -0.078664 -0.980285 -0.181256
vn 0 0 1
vn 0 0 1
vn -0.003445 -0.047389 0.998871
vn 0.116901 0.993144 0
vn 0.072538 0.997366 0
vn 0.08702 0.996207 0
vn -0.00852 -0.046742 -0.998871
vn -0.006285 -0.047095 -0.998871
vn 0 0 -1
vn -0.16831 -0.968924 0.181266
vn -0.122257 -0.975806 0.181261
vn -0.122771 -0.975741 -0.181262
vn 0 0 1
vn 0 0 1
vn -0.005553 -0.047187 0.998871
vn 0.163511 0.986542 0
vn 0.116901 0.993144 0
vn 0.132297 0.99121 0
vn -0.010761 -0.046277 -0.998871
vn -0.00852 -0.046742 -0.998871
vn 0 0 -1
vn -0.214769 -0.959696 0.181269
vn -0.16831 -0.968924 0.181266
vn -0.16884 -0.968832 -0.181264
vn 0 0 1
vn 0 0 1
vn -0.007768 -0.046873 0.998871
vn 0.210805 0.977528 0
vn 0.163511 0.986542 0
vn 0.179326 0.98379 0
vn -0.012927 -0.04572 -0.998871
vn -0.010761 -0.046277 -0.998871
vn 0 0 -1
vn -0.259974 -0.94845 0.181261
vn -0.214769 -0.959696 0.181269
vn -0.215291 -0.959579 -0.181269
vn 0 0 1
vn 0 0 1
vn -0.010016 -0.046444 0.998871
vn 0.257092 0.966387 0
vn 0.210805 0.977528 0
vn 0.226468 0.974019 0
vn -0.014952 -0.0451 -0.998871
vn -0.012927 -0.04572 -0.998871
vn 0 0 -1
vn -0.302463 -0.935768 0.181258
vn -0.259974 -0.94845 0.181261
vn -0.260475 -0.948312 -0.181263
vn 0 0 1
vn 0 0 1
vn -0.012216 -0.045915 0.998871
vn 0.300836 0.953676 0
vn 0.257092 0.966387 0
vn 0.272057 0.962281 0
vn -0.016788 -0.044451 -0.998871
vn -0.014952 -0.0451 -0.998871
vn 0 0 -1
vn -0.341162 -0.922364 0.181252
vn -0.302463 -0.935768 0.181258
vn -0.302925 -0.935619 -0.181255
vn 0 0 1
vn 0 0 1
vn -0.014296 -0.045313 0.998871
vn 0.340875 0.940109 0
vn 0.300836 0.953676 0
vn 0.31466 0.949204 0
vn -0.018452 -0.043788 -0.99887
vn -0.016788 -0.044451 -0.998871
vn 0 0 -1
vn -0.376157 -0.908657 0.181242
vn -0.341162 -0.922364 0.181252
vn -0.341575 -0.922211 -0.181252
vn 0 0 1
vn 0 0 1
vn -0.016199 -0.044669 0.99887
vn 0.377007 0.92621 0
vn 0.340875 0.940109 0
vn 0.353278 0.935518 0
vn -0.020132 -0.04304 -0.99887
vn -0.018452 -0.043788 -0.99887
vn 0 0 -1
vn -0.410571 -0.893634 0.181247
vn -0.376157 -0.908657 0.181242
vn -0.376535 -0.9085 -0.181244
vn 0 0 1
vn 0 0 1
vn -0.017915 -0.04401 0.99887
vn 0.411704 0.911318 0
vn 0.377007 0.92621 0
vn 0.388342 0.921515 0
vn -0.021932 -0.042149 -0.998871
vn -0.020132 -0.04304 -0.99887
vn 0 0 -1
vn -0.447383 -0.875783 0.181255
vn -0.410571 -0.893634 0.181247
vn -0.410972 -0.893449 -0.181247
vn 0 0 1
vn 0 0 1
vn -0.019561 -0.043303 0.99887
vn 0.448692 0.893686 0
vn 0.411704 0.911318 0
vn 0.423722 0.905793 0
vn -0.023829 -0.041105 -0.998871
vn -0.021932 -0.042149 -0.998871
vn 0 0 -1
vn -0.486376 -0.854741 0.181264
vn -0.447383 -0.875783 0.181255
vn -0.447815 -0.875562 -0.181254
vn 0 0 1
vn 0 0 1
vn -0.021317 -0.042463 0.998871
vn 0.488064 0.872808 0
vn 0.448692 0.893686 0
vn 0.461629 0.887073 0
vn -0.025758 -0.039923 -0.998871
vn -0.023829 -0.041105 -0.998871
vn 0 0 -1
vn -0.526289 -0.83076 0.181266
vn -0.486376 -0.854741 0.181264
vn -0.486826 -0.854485 -0.181263
vn 0 0 1
vn 0 0 1
vn -0.023188 -0.04147 0.998871
vn 0.528597 0.848873 0
vn 0.488064 0.872808 0
vn 0.501547 0.865131 0
vn -0.027651 -0.038637 -0.998871
vn -0.025758 -0.039923 -0.998871
vn 0 0 -1
vn -0.565679 -0.804457 0.181264
vn -0.526289 -0.83076 0.181266
vn -0.526742 -0.830473 -0.181267
vn 0 0 1
vn 0 0 1
vn -0.025114 -0.040332 0.998871
vn 0.568842 0.822447 0
vn 0.528597 0.848873 0
vn 0.542155 0.840279 0
vn -0.02944 -0.037293 -0.998871
vn -0.027651 -0.038637 -0.998871
vn 0 0 -1
vn -0.603141 -0.776766 0.18126
vn -0.565679 -0.804457 0.181264
vn -0.566118 -0.804148 -0.181265
vn 0 0 1
vn 0 0 1
vn -0.027027 -0.039076 0.998871
vn 0.607342 0.79444 0
vn 0.568842 0.822447 0
vn 0.581971 0.81321 0
vn -0.031073 -0.035945 -0.998871
vn -0.02944 -0.037293 -0.998871
vn 0 0 -1
vn -0.637543 -0.748789 0.181256
vn -0.603141 -0.776766 0.18126
vn -0.603551 -0.776448 -0.18126
vn 0 0 1
vn 0 0 1
vn -0.028857 -0.037745 0.998871
vn 0.642891 0.765958 0
vn 0.607342 0.79444 0
vn 0.619595 0.784921 0
vn -0.032521 -0.034643 -0.99887
vn -0.031073 -0.035945 -0.998871
vn 0 0 -1
vn -0.668167 -0.721596 0.181253
vn -0.637543 -0.748789 0.181256
vn -0.637913 -0.748475 -0.181254
vn 0 0 1
vn 0 0 1
vn -0.030548 -0.036393 0.998871
vn 0.674692 0.738099 0
vn 0.642891 0.765958 0
vn 0.653952 0.756536 0
vn -0.016486 -0.017103 -0.999718
vn -0.032521 -0.034643 -0.99887
vn 0 0 -1
vn -0.579214 -0.811881 0.073212
vn -0.668167 -0.721596 0.181253
vn -0.668491 -0.721296 -0.18125
vn 0 0 1
vn 0 0 1
vn -0.03206 -0.03507 0.99887
vn 0.702756 0.71143 0
vn 0.674692 0.738099 0
vn 0.684396 0.729111 0
vn 0 0 -1
vn -0.016486 -0.017103 -0.999718
vn 0 0 -1
vn -0.729088 -0.68442 0
vn -0.719976 -0.693999 0
vn -0.719976 -0.693999 0
vn 0 0 1
vn 0 0 1
vn -0.026384 -0.027372 0.999277
vn 0.729111 0.684395 0
vn 0.702756 0.71143 0
vn 0.711431 0.702756 0
vn 0 0 -1
vn 0 0 -1
vn 0 0 -1
vn -0.75651 -0.653982 0
vn -0.729088 -0.68442 0
vn -0.738074 -0.67472 0
vn 0 0 1
vn 0 0 1
vn 0 0 1
vn 0.756535 0.653953 0
vn 0.729111 0.684395 0
vn 0.738099 0.674692 0
vn 0 0 -1
vn 0 0 -1
vn 0 0 -1
vn -0.784902 -0.619619 0
vn -0.75651 -0.653982 0
vn -0.765933 -0.64292 0
vn 0 0 1
vn 0 0 1
vn 0 0 1
vn 0.784921 0.619596 0
vn 0.756535 0.653953 0
vn 0.765957 0.642892 0
vn 0 0 -1
vn 0 0 -1
vn 0 0 -1
vn -0.813202 -0.581982 0
vn -0.784902 -0.619619 0
vn -0.794425 -0.607363 0
vn 0 0 1
vn 0 0 1
vn 0 0 1
vn 0.81321 0.58197 0
vn 0.784921 0.619596 0
vn 0.794441 0.607342 0
vn 0 0 -1
vn 0 0 -1
vn 0 0 -1
vn -0.840281 -0.542151 0
vn -0.813202 -0.581982 0
vn -0.822443 -0.568848 0
vn 0 0 1
vn 0 0 1
vn 0 0 1
vn 0.840277 0.542157 0
vn 0.81321 0.58197 0
vn 0.822447 0.568842 0
vn 0 0 -1
vn 0 0 -1
vn 0 0 -1
vn -0.865142 -0.501526 0
vn -0.840281 -0.542151 0
vn -0.848879 -0.528588 0
vn 0 0 1
vn 0 0 1
vn 0 0 1
vn 0.86513 0.501547 0
vn 0.840277 0.542157 0
vn 0.848872 0.528598 0
vn 0 0 -1
vn 0 0 -1
vn 0 0 -1
vn -0.887091 -0.461595 0
vn -0.865142 -0.501526 0
vn -0.872823 -0.488037 0
vn 0 0 1
vn 0 0 1
vn 0 0 1
vn 0.887073 0.461629 0
vn 0.86513 0.501547 0
vn 0.872808 0.488064 0
vn 0 0 -1
vn 0 0 -1
vn 0 0 -1
vn -0.905808 -0.423687 0
vn -0.887091 -0.461595 0
vn -0.893705 -0.448656 0
vn 0 0 1
vn 0 0 1
vn 0 0 1
vn 0.905793 0.423721 0
vn 0.887073 0.461629 0
vn 0.893687 0.448692 0
vn 0 0 -1
vn 0 0 -1
vn 0 0 -1
vn -0.916695 -0.399589 0
vn -0.905808 -0.423687 0
vn -0.911332 -0.411673 0
vn 0 0 1
vn 0 0 1
vn 0 0 1
vn 0.916682 0.399617 0
vn 0.905793 0.423721 0
vn 0.911318 0.411704 0
vn 0.027208 -0.069899 -0.997183
vn 0.043447 -0.10656 -0.993357
vn 0.040756 -0.104705 -0.993668
vn -0.935506 -0.353311 0
vn -0.930754 -0.365646 0
vn -0.930754 -0.365646 0
vn 0.027153 -0.069921 0.997183
vn 0.041399 -0.101539 0.99397
vn 0.040674 -0.104738 0.993668
vn 0.935517 0.353281 0
vn 0.930764 0.365621 0
vn 0.930764 0.365621 0
vn -0.000003 0.000008 -1
vn 0.027208 -0.069899 -0.997183
vn 0.012704 -0.034323 -0.99933
vn -0.949192 -0.314697 0
vn -0.935506 -0.353311 0
vn -0.940096 -0.340911 0
vn -0.000003 0.000008 1
vn 0.027153 -0.069921 0.997183
vn 0.013334 -0.036026 0.999262
vn 0.949204 0.31466 0
vn 0.935517 0.353281 0
vn 0.940108 0.340877 0
vn -0.000002 0.000006 -1
vn -0.000003 0.000008 -1
vn -0.000002 0.000008 -1
vn -0.962273 -0.272085 0
vn -0.949192 -0.314697 0
vn -0.953665 -0.300871 0
vn -0.000002 0.000006 1
vn -0.000003 0.000008 1
vn -0.000002 0.000008 1
vn 0.962281 0.272056 0
vn 0.949204 0.31466 0
vn 0.953676 0.300835 0
vn -0.008455 0.037731 -0.999252
vn -0.000002 0.000006 -1
vn -0.000001 0.000005 -1
vn -0.974015 -0.226482 0
vn -0.962273 -0.272085 0
vn -0.96638 -0.257117 0
vn -0.007957 0.035513 0.999338
vn -0.000002 0.000006 1
vn -0.000001 0.000005 1
vn 0.974018 0.226469 0
vn 0.962281 0.272056 0
vn 0.966387 0.257092 0
vn -0.022396 0.110138 -0.993664
vn -0.008455 0.037731 -0.999252
vn -0.014952 0.07353 -0.997181
vn -0.980785 -0.19509 0
vn -0.974015 -0.226482 0
vn -0.977527 -0.210811 0
vn -0.02226 0.110166 0.993664
vn -0.007957 0.035513 0.999338
vn -0.014861 0.073549 0.997181
vn 0.980786 0.195089 0
vn 0.974018 0.226469 0
vn 0.977528 0.210804 0
vn 0 0 -1
vn 0 0 -1
vn 0 0 -1
vn -0.991213 -0.132274 0
vn -0.989041 -0.147639 0
vn -0.989041 -0.147639 0
vn 0 0 1
vn 0 0 1
vn 0 0 1
vn 0.99121 0.132298 0
vn 0.989038 0.14766 0
vn 0.989038 0.14766 0
vn 0 0 -1
vn 0 0 -1
vn 0 0 -1
vn -0.99621 -0.086984 0
vn -0.991213 -0.132274 0
vn -0.993147 -0.116873 0
vn 0 0 1
vn 0 0 1
vn 0 0 1
vn 0.996207 0.087021 0
vn 0.99121 0.132298 0
vn 0.993143 0.116902 0
vn 0 0 -1
vn 0 0 -1
vn 0 0 -1
vn -0.998995 -0.044813 0
vn -0.99621 -0.086984 0
vn -0.997369 -0.072499 0
vn 0 0 1
vn 0 0 1
vn 0 0 1
vn 0.998991 0.04491 0
vn 0.996207 0.087021 0
vn 0.997366 0.072539 0
vn 0 0 -1
vn 0 0 -1
vn 0 0 -1
vn -0.99983 -0.018412 0
vn -0.998995 -0.044813 0
vn -0.9995 -0.031614 0
vn 0 0 1
vn 0 0 1
vn 0 0 1
vn 0.999827 0.018617 0
vn 0.998991 0.04491 0
vn 0.999495 0.031765 0
vn -0.018387 -0.999831 0
vn -0.018387 -0.999831 0
vn -0.018387 -0.999831 0
vn 0.018516 -0.999829 0
vn 0.018516 -0.999829 0
vn 0.018516 -0.999829 0
vn 0.217759 -0.976002 0
vn 0.029922 -0.999552 0
vn 0.57922 -0.811877 -0.073209
vn 0.029922 -0.999552 0
vn 0.217759 -0.976002 0
vn -0.26073 -0.965412 0
vn -0.367017 -0.930214 0
vn -0.26073 -0.965412 0
vn -0.531512 -0.847051 0
vn -0.650837 -0.759217 0
vn -0.650837 -0.759217 0
vn -0.592968 -0.805226 0
vn 0.544945 -0.586593 0.599119
vn 0.513852 -0.533085 0.672143
vn 0.613199 -0.768328 0.183464
vn 0.513852 -0.533085 0.672143
vn 0.544945 -0.586593 0.599119
vn 0.316889 -0.340625 0.885187
vn 0.288026 -0.298807 0.909811
vn 0.316889 -0.340625 0.885187
vn 0.139647 -0.149684 0.978822
vn 0.032521 -0.034643 0.998871
vn 0.016486 -0.017103 0.999718
vn 0.116748 -0.121119 0.985748
vn 0.592553 -0.614731 -0.520564
vn 0.543288 -0.588129 -0.599118
vn 0.668167 -0.721596 -0.181251
vn 0.543288 -0.588129 -0.599118
vn 0.592553 -0.614731 -0.520564
vn 0.356805 -0.37016 -0.857713
vn 0.315444 -0.341964 -0.885187
vn 0.356805 -0.37016 -0.857713
vn 0.167245 -0.173506 -0.970528
vn 0.026384 -0.027372 -0.999277
vn 0.03206 -0.03507 -0.99887
vn 0.138588 -0.150665 -0.978823
vn 0.520141 -0.608682 0.599132
vn 0.544945 -0.586593 0.599119
vn 0.668491 -0.721296 0.18125
vn 0.544945 -0.586593 0.599119
vn 0.520141 -0.608682 0.599132
vn 0.302503 -0.353442 0.885195
vn 0.316889 -0.340625 0.885187
vn 0.302503 -0.353442 0.885195
vn 0.133346 -0.155313 0.978824
vn 0.031073 -0.035945 0.998871
vn 0.032521 -0.034643 0.998871
vn 0.139647 -0.149684 0.978822
vn 0.543288 -0.588129 -0.599118
vn 0.51825 -0.610292 -0.599133
vn 0.637542 -0.74879 -0.181256
vn 0.51825 -0.610292 -0.599133
vn 0.543288 -0.588129 -0.599118
vn 0.315444 -0.341964 -0.885187
vn 0.300856 -0.354845 -0.885195
vn 0.315444 -0.341964 -0.885187
vn 0.138588 -0.150665 -0.978823
vn 0.03206 -0.03507 -0.99887
vn 0.030548 -0.036393 -0.998871
vn 0.132138 -0.156341 -0.978824
vn 0.492246 -0.631441 0.599147
vn 0.520141 -0.608682 0.599132
vn 0.637912 -0.748475 0.181257
vn 0.520141 -0.608682 0.599132
vn 0.492246 -0.631441 0.599147
vn 0.286321 -0.366659 0.885201
vn 0.302503 -0.353442 0.885195
vn 0.286321 -0.366659 0.885201
vn 0.126251 -0.161125 0.978826
vn 0.02944 -0.037293 0.998871
vn 0.031073 -0.035945 0.998871
vn 0.133346 -0.155313 0.978824
vn 0.51825 -0.610292 -0.599133
vn 0.490152 -0.633068 -0.599147
vn 0.603141 -0.776765 -0.181264
vn 0.490152 -0.633068 -0.599147
vn 0.51825 -0.610292 -0.599133
vn 0.300856 -0.354845 -0.885195
vn 0.284496 -0.368077 -0.885201
vn 0.300856 -0.354845 -0.885195
vn 0.132138 -0.156341 -0.978824
vn 0.030548 -0.036393 -0.998871
vn 0.028857 -0.037745 -0.998871
vn 0.124913 -0.162165 -0.978826
vn 0.461832 -0.654008 0.599153
vn 0.492246 -0.631441 0.599147
vn 0.60355 -0.776447 0.181264
vn 0.492246 -0.631441 0.599147
vn 0.461832 -0.654008 0.599153
vn 0.268668 -0.379776 0.885205
vn 0.286321 -0.366659 0.885201
vn 0.268668 -0.379776 0.885205
vn 0.118503 -0.166902 0.978826
vn 0.027651 -0.038637 0.998871
vn 0.02944 -0.037293 0.998871
vn 0.126251 -0.161125 0.978826
vn 0.490152 -0.633068 -0.599147
vn 0.459588 -0.655587 -0.599153
vn 0.56568 -0.804455 -0.181266
vn 0.459588 -0.655587 -0.599153
vn 0.490152 -0.633068 -0.599147
vn 0.284496 -0.368077 -0.885201
vn 0.266713 -0.381151 -0.885205
vn 0.284496 -0.368077 -0.885201
vn 0.124913 -0.162165 -0.978826
vn 0.028857 -0.037745 -0.998871
vn 0.027027 -0.039075 -0.998871
vn 0.117069 -0.167911 -0.978826
vn 0.429808 -0.675487 0.599152
vn 0.461832 -0.654008 0.599153
vn 0.566119 -0.804147 0.181265
vn 0.461832 -0.654008 0.599153
vn 0.429808 -0.675487 0.599152
vn 0.250071 -0.392271 0.885205
vn 0.268668 -0.379776 0.885205
vn 0.250071 -0.392271 0.885205
vn 0.110329 -0.172414 0.978826
vn 0.025758 -0.039923 0.998871
vn 0.027651 -0.038637 0.998871
vn 0.118503 -0.166902 0.978826
vn 0.459588 -0.655587 -0.599153
vn 0.42749 -0.676954 -0.599154
vn 0.526291 -0.830759 -0.181266
vn 0.42749 -0.676954 -0.599154
vn 0.459588 -0.655587 -0.599153
vn 0.266713 -0.381151 -0.885205
vn 0.248053 -0.393552 -0.885204
vn 0.266713 -0.381151 -0.885205
vn 0.117069 -0.167911 -0.978826
vn 0.027027 -0.039075 -0.998871
vn 0.025114 -0.040331 -0.998871
vn 0.108848 -0.173352 -0.978826
vn 0.397307 -0.695106 0.599145
vn 0.429808 -0.675487 0.599152
vn 0.526744 -0.830472 0.181267
vn 0.429808 -0.675487 0.599152
vn 0.397307 -0.695106 0.599145
vn 0.231188 -0.403699 0.8852
vn 0.250071 -0.392271 0.885205
vn 0.231188 -0.403699 0.8852
vn 0.102019 -0.177462 0.978826
vn 0.023829 -0.041105 0.998871
vn 0.025758 -0.039923 0.998871
vn 0.110329 -0.172414 0.978826
vn 0.42749 -0.676954 -0.599154
vn 0.395002 -0.69642 -0.599144
vn 0.486376 -0.854741 -0.181264
vn 0.395002 -0.69642 -0.599144
vn 0.42749 -0.676954 -0.599154
vn 0.248053 -0.393552 -0.885204
vn 0.22918 -0.404842 -0.885201
vn 0.248053 -0.393552 -0.885204
vn 0.108848 -0.173352 -0.978826
vn 0.025114 -0.040331 -0.998871
vn 0.023188 -0.04147 -0.998871
vn 0.100546 -0.1783 -0.978826
vn 0.365511 -0.71235 0.599132
vn 0.397307 -0.695106 0.599145
vn 0.486826 -0.854485 0.181263
vn 0.397307 -0.695106 0.599145
vn 0.365511 -0.71235 0.599132
vn 0.212702 -0.413749 0.885195
vn 0.231188 -0.403699 0.8852
vn 0.212702 -0.413749 0.885195
vn 0.093874 -0.181909 0.978824
vn 0.021932 -0.042149 0.998871
vn 0.023829 -0.041105 0.998871
vn 0.102019 -0.177462 0.978826
vn 0.395002 -0.69642 -0.599144
vn 0.3633 -0.71348 -0.599133
vn 0.447381 -0.875784 -0.181255
vn 0.3633 -0.71348 -0.599133
vn 0.395002 -0.69642 -0.599144
vn 0.22918 -0.404842 -0.885201
vn 0.210776 -0.414733 -0.885195
vn 0.22918 -0.404842 -0.885201
vn 0.100546 -0.1783 -0.978826
vn 0.023188 -0.04147 -0.998871
vn 0.021317 -0.042463 -0.998871
vn 0.092461 -0.182632 -0.978824
vn 0.335453 -0.726999 0.59912
vn 0.365511 -0.71235 0.599132
vn 0.447814 -0.875562 0.181257
vn 0.365511 -0.71235 0.599132
vn 0.335453 -0.726999 0.59912
vn 0.195218 -0.422296 0.885187
vn 0.212702 -0.413749 0.885195
vn 0.195218 -0.422296 0.885187
vn 0.086161 -0.185696 0.978822
vn 0.020132 -0.04304 0.998871
vn 0.021932 -0.042149 0.998871
vn 0.093874 -0.181909 0.978824
vn 0.3633 -0.71348 -0.599133
vn 0.3334 -0.727942 -0.59912
vn 0.410571 -0.893632 -0.181253
vn 0.3334 -0.727942 -0.59912
vn 0.3633 -0.71348 -0.599133
vn 0.210776 -0.414733 -0.885195
vn 0.193429 -0.423119 -0.885187
vn 0.210776 -0.414733 -0.885195
vn 0.092461 -0.182632 -0.978824
vn 0.021317 -0.042463 -0.998871
vn 0.019561 -0.043303 -0.99887
vn 0.084849 -0.186298 -0.978823
vn 0.307369 -0.73932 0.599108
vn 0.335453 -0.726999 0.59912
vn 0.410971 -0.893449 0.181253
vn 0.335453 -0.726999 0.59912
vn 0.307369 -0.73932 0.599108
vn 0.178883 -0.42948 0.885182
vn 0.195218 -0.422296 0.885187
vn 0.178883 -0.42948 0.885182
vn 0.078959 -0.188876 0.978821
vn 0.018452 -0.043788 0.99887
vn 0.020132 -0.04304 0.998871
vn 0.086161 -0.185696 0.978822
vn 0.3334 -0.727942 -0.59912
vn 0.305435 -0.740121 -0.599108
vn 0.376156 -0.908657 -0.181245
vn 0.305435 -0.740121 -0.599108
vn 0.3334 -0.727942 -0.59912
vn 0.193429 -0.423119 -0.885187
vn 0.177199 -0.430177 -0.885183
vn 0.193429 -0.423119 -0.885187
vn 0.084849 -0.186298 -0.978823
vn 0.019561 -0.043303 -0.99887
vn 0.017915 -0.044011 -0.99887
vn 0.077723 -0.189388 -0.978821
vn 0.278984 -0.750482 0.599119
vn 0.307369 -0.73932 0.599108
vn 0.376535 -0.9085 0.181245
vn 0.307369 -0.73932 0.599108
vn 0.278984 -0.750482 0.599119
vn 0.162415 -0.435964 0.885187
vn 0.178883 -0.42948 0.885182
vn 0.162415 -0.435964 0.885187
vn 0.071736 -0.19173 0.978822
vn 0.016788 -0.044451 0.99887
vn 0.018452 -0.043788 0.99887
vn 0.078959 -0.188876 0.978821
vn 0.305435 -0.740121 -0.599108
vn 0.276866 -0.751266 -0.59912
vn 0.341164 -0.922364 -0.181252
vn 0.276866 -0.751266 -0.59912
vn 0.305435 -0.740121 -0.599108
vn 0.177199 -0.430177 -0.885183
vn 0.160569 -0.436648 -0.885187
vn 0.177199 -0.430177 -0.885183
vn 0.077723 -0.189388 -0.978821
vn 0.017915 -0.044011 -0.99887
vn 0.016199 -0.044669 -0.998871
vn 0.070382 -0.192232 -0.978822
vn 0.247615 -0.761398 0.599133
vn 0.278984 -0.750482 0.599119
vn 0.341577 -0.922211 0.181253
vn 0.278984 -0.750482 0.599119
vn 0.247615 -0.761398 0.599133
vn 0.14422 -0.442302 0.885194
vn 0.162415 -0.435964 0.885187
vn 0.14422 -0.442302 0.885194
vn 0.063761 -0.19452 0.978824
vn 0.014952 -0.0451 0.998871
vn 0.016788 -0.044451 0.99887
vn 0.071736 -0.19173 0.978822
vn 0.276866 -0.751266 -0.59912
vn 0.245252 -0.762161 -0.599134
vn 0.302463 -0.935768 -0.181258
vn 0.245252 -0.762161 -0.599134
vn 0.276866 -0.751266 -0.59912
vn 0.160569 -0.436648 -0.885187
vn 0.142162 -0.442969 -0.885194
vn 0.160569 -0.436648 -0.885187
vn 0.070382 -0.192232 -0.978822
vn 0.016199 -0.044669 -0.998871
vn 0.014295 -0.045312 -0.998871
vn 0.062251 -0.195009 -0.978824
vn 0.213133 -0.771749 0.599148
vn 0.247615 -0.761398 0.599133
vn 0.302926 -0.935618 0.181258
vn 0.247615 -0.761398 0.599133
vn 0.213133 -0.771749 0.599148
vn 0.124212 -0.448321 0.885201
vn 0.14422 -0.442302 0.885194
vn 0.124212 -0.448321 0.885201
vn 0.054982 -0.197175 0.978825
vn 0.012927 -0.04572 0.998871
vn 0.014952 -0.0451 0.998871
vn 0.063761 -0.19452 0.978824
vn 0.245252 -0.762161 -0.599134
vn 0.210576 -0.772451 -0.599147
vn 0.259975 -0.948449 -0.181267
vn 0.210576 -0.772451 -0.599147
vn 0.245252 -0.762161 -0.599134
vn 0.142162 -0.442969 -0.885194
vn 0.121983 -0.448932 -0.8852
vn 0.142162 -0.442969 -0.885194
vn 0.062251 -0.195009 -0.978824
vn 0.014295 -0.045312 -0.998871
vn 0.012216 -0.045915 -0.998871
vn 0.053347 -0.197623 -0.978825
vn 0.176399 -0.78096 0.599153
vn 0.213133 -0.771749 0.599148
vn 0.260473 -0.948312 0.181266
vn 0.213133 -0.771749 0.599148
vn 0.176399 -0.78096 0.599153
vn 0.102883 -0.453682 0.885205
vn 0.124212 -0.448321 0.885201
vn 0.102883 -0.453682 0.885205
vn 0.045612 -0.199546 0.978826
vn 0.010761 -0.046277 0.998871
vn 0.012927 -0.04572 0.998871
vn 0.054982 -0.197175 0.978825
vn 0.210576 -0.772451 -0.599147
vn 0.173722 -0.781562 -0.599151
vn 0.21477 -0.959696 -0.181266
vn 0.173722 -0.781562 -0.599151
vn 0.210576 -0.772451 -0.599147
vn 0.121983 -0.448932 -0.8852
vn 0.100551 -0.454205 -0.885205
vn 0.121983 -0.448932 -0.8852
vn 0.053347 -0.197623 -0.978825
vn 0.012216 -0.045915 -0.998871
vn 0.010016 -0.046444 -0.998871
vn 0.043901 -0.199929 -0.978826
vn 0.138593 -0.78855 0.59915
vn 0.176399 -0.78096 0.599153
vn 0.215294 -0.959579 0.181263
vn 0.176399 -0.78096 0.599153
vn 0.138593 -0.78855 0.59915
vn 0.08092 -0.458111 0.885204
vn 0.102883 -0.453682 0.885205
vn 0.08092 -0.458111 0.885204
vn 0.035951 -0.201511 0.978826
vn 0.00852 -0.046742 0.998871
vn 0.010761 -0.046277 0.998871
vn 0.045612 -0.199546 0.978826
vn 0.173722 -0.781562 -0.599151
vn 0.135889 -0.78902 -0.59915
vn 0.168311 -0.968925 -0.181263
vn 0.135889 -0.78902 -0.59915
vn 0.173722 -0.781562 -0.599151
vn 0.100551 -0.454205 -0.885205
vn 0.078565 -0.45852 -0.885205
vn 0.100551 -0.454205 -0.885205
vn 0.043901 -0.199929 -0.978826
vn 0.010016 -0.046444 -0.998871
vn 0.007768 -0.046873 -0.998871
vn 0.034223 -0.201812 -0.978826
vn 0.101057 -0.794238 0.599144
vn 0.138593 -0.78855 0.59915
vn 0.16884 -0.968832 0.181264
vn 0.138593 -0.78855 0.59915
vn 0.101057 -0.794238 0.599144
vn 0.059101 -0.461439 0.885201
vn 0.08092 -0.458111 0.885204
vn 0.059101 -0.461439 0.885201
vn 0.026341 -0.202995 0.978825
vn 0.006285 -0.047095 0.998871
vn 0.00852 -0.046742 0.998871
vn 0.035951 -0.201511 0.978826
vn 0.135889 -0.78902 -0.59915
vn 0.098426 -0.794566 -0.599147
vn 0.122255 -0.975806 -0.181262
vn 0.098426 -0.794566 -0.599147
vn 0.135889 -0.78902 -0.59915
vn 0.078565 -0.45852 -0.885205
vn 0.056808 -0.461727 -0.885201
vn 0.078565 -0.45852 -0.885205
vn 0.034223 -0.201812 -0.978826
vn 0.007768 -0.046873 -0.998871
vn 0.005553 -0.047187 -0.998871
vn 0.024659 -0.203206 -0.978825
vn 0.065084 -0.797999 0.599134
vn 0.101057 -0.794238 0.599144
vn 0.12277 -0.975741 0.181265
vn 0.101057 -0.794238 0.599144
vn 0.065084 -0.797999 0.599134
vn 0.038176 -0.463653 0.885194
vn 0.059101 -0.461439 0.885201
vn 0.038176 -0.463653 0.885194
vn 0.017114 -0.203986 0.978824
vn 0.004133 -0.047334 0.998871
vn 0.006285 -0.047095 0.998871
vn 0.026341 -0.202995 0.978825
vn 0.098426 -0.794566 -0.599147
vn 0.062609 -0.798196 -0.599136
vn 0.078181 -0.980322 -0.181261
vn 0.062609 -0.798196 -0.599136
vn 0.098426 -0.794566 -0.599147
vn 0.056808 -0.461727 -0.885201
vn 0.03602 -0.463827 -0.885193
vn 0.056808 -0.461727 -0.885201
vn 0.024659 -0.203206 -0.978825
vn 0.005553 -0.047187 -0.998871
vn 0.003445 -0.047389 -0.998871
vn 0.015533 -0.204112 -0.978824
vn 0.031708 -0.800031 0.59912
vn 0.065084 -0.797999 0.599134
vn 0.078664 -0.980284 0.181262
vn 0.065084 -0.797999 0.599134
vn 0.031708 -0.800031 0.59912
vn 0.018752 -0.464859 0.885186
vn 0.038176 -0.463653 0.885194
vn 0.018752 -0.464859 0.885186
vn 0.00854 -0.204532 0.978823
vn 0.002129 -0.047468 0.99887
vn 0.004133 -0.047334 0.998871
vn 0.017114 -0.203986 0.978824
vn 0.062609 -0.798196 -0.599136
vn 0.02945 -0.800121 -0.599115
vn 0.03734 -0.982727 -0.181254
vn 0.02945 -0.800121 -0.599115
vn 0.062609 -0.798196 -0.599136
vn 0.03602 -0.463827 -0.885193
vn 0.016785 -0.464933 -0.885187
vn 0.03602 -0.463827 -0.885193
vn 0.015533 -0.204112 -0.978824
vn 0.003445 -0.047389 -0.998871
vn 0.001501 -0.047492 -0.99887
vn 0.007097 -0.204587 -0.978823
vn 0.001046 -0.80067 0.599105
vn 0.031708 -0.800031 0.59912
vn 0.037781 -0.982711 0.18125
vn 0.031708 -0.800031 0.59912
vn 0.001046 -0.80067 0.599105
vn 0.000911 -0.465244 0.885182
vn 0.018752 -0.464859 0.885186
vn 0.000911 -0.465244 0.885182
vn 0.000669 -0.204715 0.978822
vn 0.000291 -0.047516 0.99887
vn 0.002129 -0.047468 0.99887
vn 0.00854 -0.204532 0.978823
vn 0.02945 -0.800121 -0.599115
vn -0.001046 -0.80067 -0.599104
vn -0.000205 -0.983438 -0.181242
vn -0.001046 -0.80067 -0.599104
vn 0.02945 -0.800121 -0.599115
vn 0.016785 -0.464933 -0.885187
vn -0.000911 -0.465244 -0.885182
vn 0.016785 -0.464933 -0.885187
vn 0.007097 -0.204587 -0.978823
vn 0.001501 -0.047492 -0.99887
vn -0.000291 -0.047516 -0.99887
vn -0.000669 -0.204715 -0.978822
vn -0.02945 -0.800121 0.599115
vn 0.001046 -0.80067 0.599105
vn 0.000205 -0.983438 0.181242
vn 0.001046 -0.80067 0.599105
vn -0.02945 -0.800121 0.599115
vn -0.016785 -0.464933 0.885187
vn 0.000911 -0.465244 0.885182
vn -0.016785 -0.464933 0.885187
vn -0.007097 -0.204587 0.978823
vn -0.001501 -0.047492 0.99887
vn 0.000291 -0.047516 0.99887
vn 0.000669 -0.204715 0.978822
vn -0.001046 -0.80067 -0.599104
vn -0.031707 -0.800033 -0.599117
vn -0.037779 -0.982711 -0.18125
vn -0.031707 -0.800033 -0.599117
vn -0.001046 -0.80067 -0.599104
vn -0.000911 -0.465244 -0.885182
vn -0.018752 -0.464859 -0.885186
vn -0.000911 -0.465244 -0.885182
vn -0.000669 -0.204715 -0.978822
vn -0.000291 -0.047516 -0.99887
vn -0.002129 -0.047468 -0.99887
vn -0.00854 -0.204532 -0.978823
vn -0.062609 -0.798199 0.599131
vn -0.02945 -0.800121 0.599115
vn -0.037339 -0.982728 0.181251
vn -0.02945 -0.800121 0.599115
vn -0.062609 -0.798199 0.599131
vn -0.03602 -0.463827 0.885193
vn -0.016785 -0.464933 0.885187
vn -0.03602 -0.463827 0.885193
vn -0.015533 -0.204112 0.978824
vn -0.003445 -0.047389 0.998871
vn -0.001501 -0.047492 0.99887
vn -0.007097 -0.204587 0.978823
vn -0.031707 -0.800033 -0.599117
vn -0.065085 -0.798003 -0.599129
vn -0.078664 -0.980285 -0.181256
vn -0.065085 -0.798003 -0.599129
vn -0.031707 -0.800033 -0.599117
vn -0.018752 -0.464859 -0.885186
vn -0.038176 -0.463653 -0.885194
vn -0.018752 -0.464859 -0.885186
vn -0.00854 -0.204532 -0.978823
vn -0.002129 -0.047468 -0.99887
vn -0.004133 -0.047334 -0.998871
vn -0.017114 -0.203986 -0.978824
vn -0.098426 -0.794567 0.599146
vn -0.062609 -0.798199 0.599131
vn -0.07818 -0.980324 0.181255
vn -0.062609 -0.798199 0.599131
vn -0.098426 -0.794567 0.599146
vn -0.056807 -0.461728 0.885201
vn -0.03602 -0.463827 0.885193
vn -0.056807 -0.461728 0.885201
vn -0.024659 -0.203206 0.978825
vn -0.005553 -0.047187 0.998871
vn -0.003445 -0.047389 0.998871
vn -0.015533 -0.204112 0.978824
vn -0.065085 -0.798003 -0.599129
vn -0.101057 -0.794238 -0.599144
vn -0.122771 -0.975741 -0.181262
vn -0.101057 -0.794238 -0.599144
vn -0.065085 -0.798003 -0.599129
vn -0.038176 -0.463653 -0.885194
vn -0.0591 -0.461438 -0.885202
vn -0.038176 -0.463653 -0.885194
vn -0.017114 -0.203986 -0.978824
vn -0.004133 -0.047334 -0.998871
vn -0.006285 -0.047095 -0.998871
vn -0.026341 -0.202995 -0.978825
vn -0.135888 -0.78902 0.599151
vn -0.098426 -0.794567 0.599146
vn -0.122257 -0.975806 0.181261
vn -0.098426 -0.794567 0.599146
vn -0.135888 -0.78902 0.599151
vn -0.078565 -0.458518 0.885206
vn -0.056807 -0.461728 0.885201
vn -0.078565 -0.458518 0.885206
vn -0.034223 -0.201812 0.978826
vn -0.007768 -0.046873 0.998871
vn -0.005553 -0.047187 0.998871
vn -0.024659 -0.203206 0.978825
vn -0.101057 -0.794238 -0.599144
vn -0.138591 -0.788547 -0.599154
vn -0.16884 -0.968832 -0.181264
vn -0.138591 -0.788547 -0.599154
vn -0.101057 -0.794238 -0.599144
vn -0.0591 -0.461438 -0.885202
vn -0.08092 -0.45811 -0.885205
vn -0.0591 -0.461438 -0.885202
vn -0.026341 -0.202995 -0.978825
vn -0.006285 -0.047095 -0.998871
vn -0.00852 -0.046742 -0.998871
vn -0.035951 -0.201511 -0.978826
vn -0.173722 -0.78156 0.599153
vn -0.135888 -0.78902 0.599151
vn -0.16831 -0.968924 0.181266
vn -0.135888 -0.78902 0.599151
vn -0.173722 -0.78156 0.599153
vn -0.100551 -0.454205 0.885204
vn -0.078565 -0.458518 0.885206
vn -0.100551 -0.454205 0.885204
vn -0.043901 -0.199929 0.978826
vn -0.010016 -0.046444 0.998871
vn -0.007768 -0.046873 0.998871
vn -0.034223 -0.201812 0.978826
vn -0.138591 -0.788547 -0.599154
vn -0.176399 -0.780959 -0.599154
vn -0.215291 -0.959579 -0.181269
vn -0.176399 -0.780959 -0.599154
vn -0.138591 -0.788547 -0.599154
vn -0.08092 -0.45811 -0.885205
vn -0.102885 -0.453684 -0.885204
vn -0.08092 -0.45811 -0.885205
vn -0.035951 -0.201511 -0.978826
vn -0.00852 -0.046742 -0.998871
vn -0.010761 -0.046277 -0.998871
vn -0.045612 -0.199546 -0.978826
vn -0.210577 -0.772452 0.599145
vn -0.173722 -0.78156 0.599153
vn -0.214769 -0.959696 0.181269
vn -0.173722 -0.78156 0.599153
vn -0.210577 -0.772452 0.599145
vn -0.121984 -0.448932 0.885201
vn -0.100551 -0.454205 0.885204
vn -0.121984 -0.448932 0.885201
vn -0.053346 -0.197622 0.978826
vn -0.012216 -0.045915 0.998871
vn -0.010016 -0.046444 0.998871
vn -0.043901 -0.199929 0.978826
vn -0.176399 -0.780959 -0.599154
vn -0.213136 -0.771752 -0.599143
vn -0.260475 -0.948312 -0.181263
vn -0.213136 -0.771752 -0.599143
vn -0.176399 -0.780959 -0.599154
vn -0.102885 -0.453684 -0.885204
vn -0.124212 -0.44832 -0.885201
vn -0.102885 -0.453684 -0.885204
vn -0.045612 -0.199546 -0.978826
vn -0.010761 -0.046277 -0.998871
vn -0.012927 -0.04572 -0.998871
vn -0.054981 -0.197174 -0.978826
vn -0.245252 -0.762164 0.59913
vn -0.210577 -0.772452 0.599145
vn -0.259974 -0.94845 0.181261
vn -0.210577 -0.772452 0.599145
vn -0.245252 -0.762164 0.59913
vn -0.142162 -0.442968 0.885195
vn -0.121984 -0.448932 0.885201
vn -0.142162 -0.442968 0.885195
vn -0.06225 -0.195008 0.978824
vn -0.014296 -0.045313 0.998871
vn -0.012216 -0.045915 0.998871
vn -0.053346 -0.197622 0.978826
vn -0.213136 -0.771752 -0.599143
vn -0.247614 -0.761398 -0.599133
vn -0.302925 -0.935619 -0.181255
vn -0.247614 -0.761398 -0.599133
vn -0.213136 -0.771752 -0.599143
vn -0.124212 -0.44832 -0.885201
vn -0.14422 -0.442302 -0.885194
vn -0.124212 -0.44832 -0.885201
vn -0.054981 -0.197174 -0.978826
vn -0.012927 -0.04572 -0.998871
vn -0.014952 -0.0451 -0.998871
vn -0.06376 -0.194519 -0.978824
vn -0.276865 -0.751269 0.599117
vn -0.245252 -0.762164 0.59913
vn -0.302463 -0.935768 0.181258
vn -0.245252 -0.762164 0.59913
vn -0.276865 -0.751269 0.599117
vn -0.160569 -0.43665 0.885186
vn -0.142162 -0.442968 0.885195
vn -0.160569 -0.43665 0.885186
vn -0.070381 -0.192231 0.978823
vn -0.016199 -0.044669 0.99887
vn -0.014296 -0.045313 0.998871
vn -0.06225 -0.195008 0.978824
vn -0.247614 -0.761398 -0.599133
vn -0.278984 -0.750485 -0.599117
vn -0.341575 -0.922211 -0.181252
vn -0.278984 -0.750485 -0.599117
vn -0.247614 -0.761398 -0.599133
vn -0.14422 -0.442302 -0.885194
vn -0.162416 -0.435966 -0.885186
vn -0.14422 -0.442302 -0.885194
vn -0.06376 -0.194519 -0.978824
vn -0.014952 -0.0451 -0.998871
vn -0.016788 -0.044451 -0.998871
vn -0.071735 -0.19173 -0.978823
vn -0.305437 -0.740122 0.599105
vn -0.276865 -0.751269 0.599117
vn -0.341162 -0.922364 0.181252
vn -0.276865 -0.751269 0.599117
vn -0.305437 -0.740122 0.599105
vn -0.1772 -0.43018 0.885181
vn -0.160569 -0.43665 0.885186
vn -0.1772 -0.43018 0.885181
vn -0.077723 -0.189387 0.978822
vn -0.017915 -0.04401 0.99887
vn -0.016199 -0.044669 0.99887
vn -0.070381 -0.192231 0.978823
vn -0.278984 -0.750485 -0.599117
vn -0.307372 -0.739323 -0.599103
vn -0.376535 -0.9085 -0.181244
vn -0.307372 -0.739323 -0.599103
vn -0.278984 -0.750485 -0.599117
vn -0.162416 -0.435966 -0.885186
vn -0.178884 -0.429481 -0.885181
vn -0.162416 -0.435966 -0.885186
vn -0.071735 -0.19173 -0.978823
vn -0.016788 -0.044451 -0.998871
vn -0.018452 -0.043788 -0.99887
vn -0.078959 -0.188875 -0.978822
vn -0.333401 -0.727946 0.599115
vn -0.305437 -0.740122 0.599105
vn -0.376157 -0.908657 0.181242
vn -0.305437 -0.740122 0.599105
vn -0.333401 -0.727946 0.599115
vn -0.193429 -0.423119 0.885187
vn -0.1772 -0.43018 0.885181
vn -0.193429 -0.423119 0.885187
vn -0.084849 -0.186298 0.978823
vn -0.019561 -0.043303 0.99887
vn -0.017915 -0.04401 0.99887
vn -0.077723 -0.189387 0.978822
vn -0.307372 -0.739323 -0.599103
vn -0.335454 -0.727003 -0.599114
vn -0.410972 -0.893449 -0.181247
vn -0.335454 -0.727003 -0.599114
vn -0.307372 -0.739323 -0.599103
vn -0.178884 -0.429481 -0.885181
vn -0.195216 -0.422296 -0.885188
vn -0.178884 -0.429481 -0.885181
vn -0.078959 -0.188875 -0.978822
vn -0.018452 -0.043788 -0.99887
vn -0.020132 -0.04304 -0.99887
vn -0.08616 -0.185695 -0.978823
vn -0.3633 -0.713481 0.599131
vn -0.333401 -0.727946 0.599115
vn -0.410571 -0.893634 0.181247
vn -0.333401 -0.727946 0.599115
vn -0.3633 -0.713481 0.599131
vn -0.210775 -0.414733 0.885195
vn -0.193429 -0.423119 0.885187
vn -0.210775 -0.414733 0.885195
vn -0.092461 -0.182632 0.978824
vn -0.021317 -0.042463 0.998871
vn -0.019561 -0.043303 0.99887
vn -0.084849 -0.186298 0.978823
vn -0.335454 -0.727003 -0.599114
vn -0.365511 -0.71235 -0.599132
vn -0.447815 -0.875562 -0.181254
vn -0.365511 -0.71235 -0.599132
vn -0.335454 -0.727003 -0.599114
vn -0.195216 -0.422296 -0.885188
vn -0.212701 -0.413748 -0.885195
vn -0.195216 -0.422296 -0.885188
vn -0.08616 -0.185695 -0.978823
vn -0.020132 -0.04304 -0.99887
vn -0.021932 -0.042149 -0.998871
vn -0.093874 -0.18191 -0.978824
vn -0.395002 -0.696418 0.599145
vn -0.3633 -0.713481 0.599131
vn -0.447383 -0.875783 0.181255
vn -0.3633 -0.713481 0.599131
vn -0.395002 -0.696418 0.599145
vn -0.229179 -0.404839 0.885202
vn -0.210775 -0.414733 0.885195
vn -0.229179 -0.404839 0.885202
vn -0.100546 -0.178301 0.978826
vn -0.023188 -0.04147 0.998871
vn -0.021317 -0.042463 0.998871
vn -0.092461 -0.182632 0.978824
vn -0.365511 -0.71235 -0.599132
vn -0.397306 -0.695105 -0.599147
vn -0.486826 -0.854485 -0.181263
vn -0.397306 -0.695105 -0.599147
vn -0.365511 -0.71235 -0.599132
vn -0.212701 -0.413748 -0.885195
vn -0.231187 -0.403697 -0.885201
vn -0.212701 -0.413748 -0.885195
vn -0.093874 -0.18191 -0.978824
vn -0.021932 -0.042149 -0.998871
vn -0.023829 -0.041105 -0.998871
vn -0.102019 -0.177462 -0.978826
vn -0.427489 -0.676955 0.599154
vn -0.395002 -0.696418 0.599145
vn -0.486376 -0.854741 0.181264
vn -0.395002 -0.696418 0.599145
vn -0.427489 -0.676955 0.599154
vn -0.248052 -0.393552 0.885205
vn -0.229179 -0.404839 0.885202
vn -0.248052 -0.393552 0.885205
vn -0.108848 -0.173353 0.978826
vn -0.025114 -0.040332 0.998871
vn -0.023188 -0.04147 0.998871
vn -0.100546 -0.178301 0.978826
vn -0.397306 -0.695105 -0.599147
vn -0.429806 -0.675487 -0.599153
vn -0.526742 -0.830473 -0.181267
vn -0.429806 -0.675487 -0.599153
vn -0.397306 -0.695105 -0.599147
vn -0.231187 -0.403697 -0.885201
vn -0.250071 -0.392271 -0.885205
vn -0.231187 -0.403697 -0.885201
vn -0.102019 -0.177462 -0.978826
vn -0.023829 -0.041105 -0.998871
vn -0.025758 -0.039923 -0.998871
vn -0.110329 -0.172414 -0.978826
vn -0.459588 -0.655588 0.599152
vn -0.427489 -0.676955 0.599154
vn -0.526289 -0.83076 0.181266
vn -0.427489 -0.676955 0.599154
vn -0.459588 -0.655588 0.599152
vn -0.266713 -0.381151 0.885205
vn -0.248052 -0.393552 0.885205
vn -0.266713 -0.381151 0.885205
vn -0.117069 -0.167911 0.978826
vn -0.027027 -0.039076 0.998871
vn -0.025114 -0.040332 0.998871
vn -0.108848 -0.173353 0.978826
vn -0.429806 -0.675487 -0.599153
vn -0.461832 -0.65401 -0.599151
vn -0.566118 -0.804148 -0.181265
vn -0.461832 -0.65401 -0.599151
vn -0.429806 -0.675487 -0.599153
vn -0.250071 -0.392271 -0.885205
vn -0.268669 -0.379776 -0.885205
vn -0.250071 -0.392271 -0.885205
vn -0.110329 -0.172414 -0.978826
vn -0.025758 -0.039923 -0.998871
vn -0.027651 -0.038637 -0.998871
vn -0.118503 -0.166902 -0.978826
vn -0.490153 -0.63307 0.599143
vn -0.459588 -0.655588 0.599152
vn -0.565679 -0.804457 0.181264
vn -0.459588 -0.655588 0.599152
vn -0.490153 -0.63307 0.599143
vn -0.284496 -0.368077 0.885201
vn -0.266713 -0.381151 0.885205
vn -0.284496 -0.368077 0.885201
vn -0.124913 -0.162165 0.978826
vn -0.028857 -0.037745 0.998871
vn -0.027027 -0.039076 0.998871
vn -0.117069 -0.167911 0.978826
vn -0.461832 -0.65401 -0.599151
vn -0.492248 -0.631443 -0.599142
vn -0.603551 -0.776448 -0.18126
vn -0.492248 -0.631443 -0.599142
vn -0.461832 -0.65401 -0.599151
vn -0.268669 -0.379776 -0.885205
vn -0.286321 -0.36666 -0.885201
vn -0.268669 -0.379776 -0.885205
vn -0.118503 -0.166902 -0.978826
vn -0.027651 -0.038637 -0.998871
vn -0.02944 -0.037293 -0.998871
vn -0.126251 -0.161125 -0.978826
vn -0.518251 -0.610293 0.599131
vn -0.490153 -0.63307 0.599143
vn -0.603141 -0.776766 0.18126
vn -0.490153 -0.63307 0.599143
vn -0.518251 -0.610293 0.599131
vn -0.300856 -0.354845 0.885195
vn -0.284496 -0.368077 0.885201
vn -0.300856 -0.354845 0.885195
vn -0.132138 -0.156342 0.978824
vn -0.030548 -0.036393 0.998871
vn -0.028857 -0.037745 0.998871
vn -0.124913 -0.162165 0.978826
vn -0.492248 -0.631443 -0.599142
vn -0.520141 -0.608683 -0.599132
vn -0.637913 -0.748475 -0.181254
vn -0.520141 -0.608683 -0.599132
vn -0.492248 -0.631443 -0.599142
vn -0.286321 -0.36666 -0.885201
vn -0.302502 -0.353443 -0.885195
vn -0.286321 -0.36666 -0.885201
vn -0.126251 -0.161125 -0.978826
vn -0.02944 -0.037293 -0.998871
vn -0.031073 -0.035945 -0.998871
vn -0.133346 -0.155312 -0.978824
vn -0.543288 -0.588131 0.599117
vn -0.518251 -0.610293 0.599131
vn -0.637543 -0.748789 0.181256
vn -0.518251 -0.610293 0.599131
vn -0.543288 -0.588131 0.599117
vn -0.315444 -0.341963 0.885187
vn -0.300856 -0.354845 0.885195
vn -0.315444 -0.341963 0.885187
vn -0.138588 -0.150664 0.978823
vn -0.03206 -0.03507 0.99887
vn -0.030548 -0.036393 0.998871
vn -0.132138 -0.156342 0.978824
vn -0.520141 -0.608683 -0.599132
vn -0.544943 -0.586594 -0.59912
vn -0.668491 -0.721296 -0.18125
vn -0.544943 -0.586594 -0.59912
vn -0.520141 -0.608683 -0.599132
vn -0.302502 -0.353443 -0.885195
vn -0.316888 -0.340626 -0.885187
vn -0.302502 -0.353443 -0.885195
vn -0.133346 -0.155312 -0.978824
vn -0.031073 -0.035945 -0.998871
vn -0.032521 -0.034643 -0.99887
vn -0.139647 -0.149683 -0.978823
vn -0.59255 -0.614732 0.520566
vn -0.543288 -0.588131 0.599117
vn -0.668167 -0.721596 0.181253
vn -0.543288 -0.588131 0.599117
vn -0.59255 -0.614732 0.520566
vn -0.356806 -0.370163 0.857711
vn -0.315444 -0.341963 0.885187
vn -0.356806 -0.370163 0.857711
vn -0.167245 -0.173505 0.970528
vn -0.026384 -0.027372 0.999277
vn -0.03206 -0.03507 0.99887
vn -0.138588 -0.150664 0.978823
vn -0.217752 -0.976004 0
vn -0.029925 -0.999552 0
vn -0.579214 -0.811881 0.073212
vn -0.029925 -0.999552 0
vn -0.217752 -0.976004 0
vn 0.260722 -0.965414 0
vn 0.367013 -0.930216 0
vn 0.260722 -0.965414 0
vn 0.531512 -0.847051 0
vn 0.650837 -0.759217 0
vn 0.650837 -0.759217 0
vn 0.592968 -0.805226 0
vn -0.544943 -0.586594 -0.59912
vn -0.51385 -0.533086 -0.672144
vn -0.613194 -0.768331 -0.183467
vn -0.51385 -0.533086 -0.672144
vn -0.544943 -0.586594 -0.59912
vn -0.316888 -0.340626 -0.885187
vn -0.288027 -0.298808 -0.90981
vn -0.316888 -0.340626 -0.885187
vn -0.139647 -0.149683 -0.978823
vn -0.032521 -0.034643 -0.99887
vn -0.016486 -0.017103 -0.999718
vn -0.116749 -0.121118 -0.985748
vn -0.181713 -0.983349 -0.002419
vn -0.187206 -0.982288 -0.008025
vn -0.181707 -0.98335 -0.002419
vn -0.187219 -0.982285 -0.008031
vn -0.181713 -0.983349 -0.002419
vn -0.189604 -0.981845 0.005606
vn -0.181707 -0.98335 -0.002432
vn -0.187219 -0.982285 -0.008031
vn -0.181713 -0.983349 -0.002432
vn -0.187206 -0.982288 -0.008025
vn -0.181707 -0.98335 -0.002432
vn -0.189591 -0.981847 0.005599
vn 0.375297 0.926903 0.001843
vn 0.371336 0.928478 0.00612
vn 0.375304 0.9269 0.001843
vn 0.371336 0.928478 0.00612
vn 0.375303 0.9269 0.001857
vn 0.369621 0.929173 -0.00427
vn 0.375303 0.9269 0.001857
vn 0.371323 0.928484 0.006127
vn 0.375297 0.926903 0.001857
vn 0.371323 0.928484 0.006127
vn 0.375297 0.926903 0.001843
vn 0.369608 0.929178 -0.004276
vn -0.375299 0.926902 -0.00186
vn -0.371311 0.928488 -0.006135
vn -0.375291 0.926905 -0.00186
vn -0.371326 0.928482 -0.006127
vn -0.375299 0.926902 -0.00186
vn -0.369609 0.929177 0.004274
vn -0.375291 0.926905 -0.001844
vn -0.371326 0.928482 -0.006127
vn -0.375299 0.926902 -0.001844
vn -0.371311 0.928488 -0.006135
vn -0.375291 0.926905 -0.001844
vn -0.369594 0.929183 0.004283
vn 0.181708 -0.983349 0.002423
vn 0.187207 -0.982288 0.008024
vn 0.181708 -0.98335 0.002423
vn 0.187207 -0.982288 0.008024
vn 0.181708 -0.98335 0.002424
vn 0.189591 -0.981847 -0.005599
vn 0.181708 -0.98335 0.002424
vn 0.187208 -0.982287 0.008024
vn 0.181708 -0.983349 0.002424
vn 0.187208 -0.982287 0.008024
vn 0.181708 -0.983349 0.002423
vn 0.189592 -0.981847 -0.0056
vn 0 0 -1
vn 0 0 -1
vn 0 0 -1
vn 0.998997 -0.044767 0
vn 0.999503 -0.031526 0
vn 0.999833 -0.018281 0
vn 0 0 1
vn 0 0 1
vn 0 0 1
vn -0.998993 0.044864 0
vn -0.999498 0.031676 0
vn -0.999829 0.018485 0
vn 0 0 -1
vn 0 0 -1
vn 0 0 -1
vn 0.99621 -0.086983 0
vn 0.997369 -0.072497 0
vn 0.998997 -0.044767 0
vn 0 0 1
vn 0 0 1
vn 0 0 1
vn -0.996207 0.087021 0
vn -0.997366 0.072537 0
vn -0.998993 0.044864 0
vn 0 0 -1
vn 0 0 -1
vn 0 0 -1
vn 0.991213 -0.132275 0
vn 0.993147 -0.116874 0
vn 0.99621 -0.086983 0
vn 0 0 1
vn 0 0 1
vn 0 0 1
vn -0.99121 0.132299 0
vn -0.993143 0.116903 0
vn -0.996207 0.087021 0
vn 0 0 -1
vn 0 0 -1
vn 0 0 -1
vn 0.989041 -0.147641 0
vn 0.989041 -0.147641 0
vn 0.991213 -0.132275 0
vn 0 0 1
vn 0 0 1
vn 0 0 1
vn -0.989038 0.14766 0
vn -0.989038 0.14766 0
vn -0.99121 0.132299 0
vn 0.007957 0.035513 -0.999338
vn 0.014861 0.073549 -0.997181
vn 0.02226 0.110166 -0.993664
vn 0.974015 -0.226482 0
vn 0.977527 -0.210811 0
vn 0.980785 -0.19509 0
vn 0.008455 0.037731 0.999252
vn 0.014952 0.07353 0.997181
vn 0.022396 0.110138 0.993664
vn -0.974019 0.226468 0
vn -0.977528 0.210805 0
vn -0.980785 0.195091 0
vn 0.000002 0.000006 -1
vn 0.000001 0.000005 -1
vn 0.007957 0.035513 -0.999338
vn 0.962273 -0.272085 0
vn 0.96638 -0.257116 0
vn 0.974015 -0.226482 0
vn 0.000002 0.000006 1
vn 0.000001 0.000005 1
vn 0.008455 0.037731 0.999252
vn -0.962282 0.272055 0
vn -0.966387 0.257091 0
vn -0.974019 0.226468 0
vn 0.000003 0.000008 -1
vn 0.000002 0.000008 -1
vn 0.000002 0.000006 -1
vn 0.949192 -0.314696 0
vn 0.953665 -0.30087 0
vn 0.962273 -0.272085 0
vn 0.000003 0.000008 1
vn 0.000002 0.000008 1
vn 0.000002 0.000006 1
vn -0.949205 0.314659 0
vn -0.953676 0.300835 0
vn -0.962282 0.272055 0
vn -0.027153 -0.06992 -0.997183
vn -0.013334 -0.036026 -0.999262
vn 0.000003 0.000008 -1
vn 0.935506 -0.353312 0
vn 0.940095 -0.340911 0
vn 0.949192 -0.314696 0
vn -0.027208 -0.069898 0.997183
vn -0.012703 -0.034323 0.99933
vn 0.000003 0.000008 1
vn -0.935517 0.35328 0
vn -0.940108 0.340876 0
vn -0.949205 0.314659 0
vn -0.041399 -0.101539 -0.99397
vn -0.040674 -0.104737 -0.993668
vn -0.027153 -0.06992 -0.997183
vn 0.930753 -0.365648 0
vn 0.930753 -0.365648 0
vn 0.935506 -0.353312 0
vn -0.043447 -0.10656 0.993357
vn -0.040756 -0.104705 0.993668
vn -0.027208 -0.069898 0.997183
vn -0.930764 0.365621 0
vn -0.930764 0.365621 0
vn -0.935517 0.35328 0
vn 0 0 -1
vn 0 0 -1
vn 0 0 -1
vn 0.905809 -0.423686 0
vn 0.911332 -0.411672 0
vn 0.916695 -0.399589 0
vn 0 0 1
vn 0 0 1
vn 0 0 1
vn -0.905793 0.423721 0
vn -0.911318 0.411704 0
vn -0.916682 0.399617 0
vn 0 0 -1
vn 0 0 -1
vn 0 0 -1
vn 0.887091 -0.461595 0
vn 0.893705 -0.448655 0
vn 0.905809 -0.423686 0
vn 0 0 1
vn 0 0 1
vn 0 0 1
vn -0.887073 0.461629 0
vn -0.893687 0.448692 0
vn -0.905793 0.423721 0
vn 0 0 -1
vn 0 0 -1
vn 0 0 -1
vn 0.865142 -0.501527 0
vn 0.872822 -0.488038 0
vn 0.887091 -0.461595 0
vn 0 0 1
vn 0 0 1
vn 0 0 1
vn -0.86513 0.501547 0
vn -0.872808 0.488064 0
vn -0.887073 0.461629 0
vn 0 0 -1
vn 0 0 -1
vn 0 0 -1
vn 0.840281 -0.542151 0
vn 0.848879 -0.528588 0
vn 0.865142 -0.501527 0
vn 0 0 1
vn 0 0 1
vn 0 0 1
vn -0.840279 0.542154 0
vn -0.848873 0.528597 0
vn -0.86513 0.501547 0
vn 0 0 -1
vn 0 0 -1
vn 0 0 -1
vn 0.813203 -0.58198 0
vn 0.822443 -0.568847 0
vn 0.840281 -0.542151 0
vn 0 0 1
vn 0 0 1
vn 0 0 1
vn -0.81321 0.58197 0
vn -0.822448 0.568841 0
vn -0.840279 0.542154 0
vn 0 0 -1
vn 0 0 -1
vn 0 0 -1
vn 0.784903 -0.619618 0
vn 0.794426 -0.607361 0
vn 0.813203 -0.58198 0
vn 0 0 1
vn 0 0 1
vn 0 0 1
vn -0.784921 0.619595 0
vn -0.79444 0.607342 0
vn -0.81321 0.58197 0
vn 0 0 -1
vn 0 0 -1
vn 0 0 -1
vn 0.756509 -0.653983 0
vn 0.765933 -0.64292 0
vn 0.784903 -0.619618 0
vn 0 0 1
vn 0 0 1
vn 0 0 1
vn -0.756536 0.653952 0
vn -0.765957 0.642891 0
vn -0.784921 0.619595 0
vn 0 0 -1
vn 0 0 -1
vn 0 0 -1
vn 0.729089 -0.684419 0
vn 0.738073 -0.674721 0
vn 0.756509 -0.653983 0
vn 0 0 1
vn 0 0 1
vn 0 0 1
vn -0.72911 0.684397 0
vn -0.738098 0.674693 0
vn -0.756536 0.653952 0
vn 0 0 -1
vn 0.026384 -0.027372 -0.999277
vn 0 0 -1
vn 0.719978 -0.693997 0
vn 0.719978 -0.693997 0
vn 0.729089 -0.684419 0
vn 0.016486 -0.017103 0.999718
vn 0 0 1
vn 0 0 1
vn -0.702757 0.71143 0
vn -0.711431 0.702756 0
vn -0.72911 0.684397 0
vn 0 0 -1
vn 0.03206 -0.03507 -0.99887
vn 0 0 -1
vn 0.668167 -0.721596 -0.181251
vn 0.668491 -0.721296 0.18125
vn 0.57922 -0.811877 -0.073209
vn 0.032521 -0.034643 0.998871
vn 0 0 1
vn 0.016486 -0.017103 0.999718
vn -0.674693 0.738099 0
vn -0.684397 0.72911 0
vn -0.702757 0.71143 0
vn 0 0 -1
vn 0.030548 -0.036393 -0.998871
vn 0 0 -1
vn 0.637542 -0.74879 -0.181256
vn 0.637912 -0.748475 0.181257
vn 0.668167 -0.721596 -0.181251
vn 0.031073 -0.035945 0.998871
vn 0 0 1
vn 0.032521 -0.034643 0.998871
vn -0.642891 0.765958 0
vn -0.653952 0.756536 0
vn -0.674693 0.738099 0
vn 0 0 -1
vn 0.028857 -0.037745 -0.998871
vn 0 0 -1
vn 0.603141 -0.776765 -0.181264
vn 0.60355 -0.776447 0.181264
vn 0.637542 -0.74879 -0.181256
vn 0.02944 -0.037293 0.998871
vn 0 0 1
vn 0.031073 -0.035945 0.998871
vn -0.607342 0.79444 0
vn -0.619595 0.784921 0
vn -0.642891 0.765958 0
vn 0 0 -1
vn 0.027027 -0.039075 -0.998871
vn 0 0 -1
vn 0.56568 -0.804455 -0.181266
vn 0.566119 -0.804147 0.181265
vn 0.603141 -0.776765 -0.181264
vn 0.027651 -0.038637 0.998871
vn 0 0 1
vn 0.02944 -0.037293 0.998871
vn -0.568842 0.822447 0
vn -0.581971 0.81321 0
vn -0.607342 0.79444 0
vn 0 0 -1
vn 0.025114 -0.040331 -0.998871
vn 0 0 -1
vn 0.526291 -0.830759 -0.181266
vn 0.526744 -0.830472 0.181267
vn 0.56568 -0.804455 -0.181266
vn 0.025758 -0.039923 0.998871
vn 0 0 1
vn 0.027651 -0.038637 0.998871
vn -0.528599 0.848872 0
vn -0.542156 0.840278 0
vn -0.568842 0.822447 0
vn 0 0 -1
vn 0.023188 -0.04147 -0.998871
vn 0 0 -1
vn 0.486376 -0.854741 -0.181264
vn 0.486826 -0.854485 0.181263
vn 0.526291 -0.830759 -0.181266
vn 0.023829 -0.041105 0.998871
vn 0 0 1
vn 0.025758 -0.039923 0.998871
vn -0.488063 0.872809 0
vn -0.501548 0.86513 0
vn -0.528599 0.848872 0
vn 0 0 -1
vn 0.021317 -0.042463 -0.998871
vn 0 0 -1
vn 0.447381 -0.875784 -0.181255
vn 0.447814 -0.875562 0.181257
vn 0.486376 -0.854741 -0.181264
vn 0.021932 -0.042149 0.998871
vn 0 0 1
vn 0.023829 -0.041105 0.998871
vn -0.448691 0.893687 0
vn -0.461627 0.887074 0
vn -0.488063 0.872809 0
vn 0 0 -1
vn 0.019561 -0.043303 -0.99887
vn 0 0 -1
vn 0.410571 -0.893632 -0.181253
vn 0.410971 -0.893449 0.181253
vn 0.447381 -0.875784 -0.181255
vn 0.020132 -0.04304 0.998871
vn 0 0 1
vn 0.021932 -0.042149 0.998871
vn -0.411704 0.911318 0
vn -0.423722 0.905792 0
vn -0.448691 0.893687 0
vn 0 0 -1
vn 0.017915 -0.044011 -0.99887
vn 0 0 -1
vn 0.376156 -0.908657 -0.181245
vn 0.376535 -0.9085 0.181245
vn 0.410571 -0.893632 -0.181253
vn 0.018452 -0.043788 0.99887
vn 0 0 1
vn 0.020132 -0.04304 0.998871
vn -0.37701 0.926209 0
vn -0.388343 0.921515 0
vn -0.411704 0.911318 0
vn 0 0 -1
vn 0.016199 -0.044669 -0.998871
vn 0 0 -1
vn 0.341164 -0.922364 -0.181252
vn 0.341577 -0.922211 0.181253
vn 0.376156 -0.908657 -0.181245
vn 0.016788 -0.044451 0.99887
vn 0 0 1
vn 0.018452 -0.043788 0.99887
vn -0.340876 0.940108 0
vn -0.353281 0.935517 0
vn -0.37701 0.926209 0
vn 0 0 -1
vn 0.014295 -0.045312 -0.998871
vn 0 0 -1
vn 0.302463 -0.935768 -0.181258
vn 0.302926 -0.935618 0.181258
vn 0.341164 -0.922364 -0.181252
vn 0.014952 -0.0451 0.998871
vn 0 0 1
vn 0.016788 -0.044451 0.99887
vn -0.300834 0.953677 0
vn -0.314659 0.949205 0
vn -0.340876 0.940108 0
vn 0 0 -1
vn 0.012216 -0.045915 -0.998871
vn 0 0 -1
vn 0.259975 -0.948449 -0.181267
vn 0.260473 -0.948312 0.181266
vn 0.302463 -0.935768 -0.181258
vn 0.012927 -0.04572 0.998871
vn 0 0 1
vn 0.014952 -0.0451 0.998871
vn -0.257091 0.966387 0
vn -0.272054 0.962282 0
vn -0.300834 0.953677 0
vn 0 0 -1
vn 0.010016 -0.046444 -0.998871
vn 0 0 -1
vn 0.21477 -0.959696 -0.181266
vn 0.215294 -0.959579 0.181263
vn 0.259975 -0.948449 -0.181267
vn 0.010761 -0.046277 0.998871
vn 0 0 1
vn 0.012927 -0.04572 0.998871
vn -0.210805 0.977528 0
vn -0.226468 0.974019 0
vn -0.257091 0.966387 0
vn 0 0 -1
vn 0.007768 -0.046873 -0.998871
vn 0 0 -1
vn 0.168311 -0.968925 -0.181263
vn 0.16884 -0.968832 0.181264
vn 0.21477 -0.959696 -0.181266
vn 0.00852 -0.046742 0.998871
vn 0 0 1
vn 0.010761 -0.046277 0.998871
vn -0.163514 0.986541 0
vn -0.179327 0.983789 0
vn -0.210805 0.977528 0
vn 0 0 -1
vn 0.005553 -0.047187 -0.998871
vn 0 0 -1
vn 0.122255 -0.975806 -0.181262
vn 0.12277 -0.975741 0.181265
vn 0.168311 -0.968925 -0.181263
vn 0.006285 -0.047095 0.998871
vn 0 0 1
vn 0.00852 -0.046742 0.998871
vn -0.116902 0.993143 0
vn -0.1323 0.99121 0
vn -0.163514 0.986541 0
vn 0 0 -1
vn 0.003445 -0.047389 -0.998871
vn 0 0 -1
vn 0.078181 -0.980322 -0.181261
vn 0.078664 -0.980284 0.181262
vn 0.122255 -0.975806 -0.181262
vn 0.004133 -0.047334 0.998871
vn 0 0 1
vn 0.006285 -0.047095 0.998871
vn -0.072538 0.997366 0
vn -0.08702 0.996207 0
vn -0.116902 0.993143 0
vn 0 0 -1
vn 0.001501 -0.047492 -0.99887
vn 0 0 -1
vn 0.03734 -0.982727 -0.181254
vn 0.037781 -0.982711 0.18125
vn 0.078181 -0.980322 -0.181261
vn 0.002129 -0.047468 0.99887
vn 0 0 1
vn 0.004133 -0.047334 0.998871
vn -0.031619 0.9995 0
vn -0.044836 0.998994 0
vn -0.072538 0.997366 0
vn 0 0 -1
vn -0.000291 -0.047516 -0.99887
vn 0 0 -1
vn -0.000205 -0.983438 -0.181242
vn 0.000205 -0.983438 0.181242
vn 0.03734 -0.982727 -0.181254
vn 0.000291 -0.047516 0.99887
vn 0 0 1
vn 0.002129 -0.047468 0.99887
vn 0.006134 0.999981 0
vn -0.006134 0.999981 0
vn -0.031619 0.9995 0
vn 0 0 -1
vn -0.002129 -0.047468 -0.99887
vn 0 0 -1
vn -0.037779 -0.982711 -0.18125
vn -0.037339 -0.982728 0.181251
vn -0.000205 -0.983438 -0.181242
vn -0.001501 -0.047492 0.99887
vn 0 0 1
vn 0.000291 -0.047516 0.99887
vn 0.044836 0.998994 0
vn 0.031619 0.9995 0
vn 0.006134 0.999981 0
vn 0 0 -1
vn -0.004133 -0.047334 -0.998871
vn 0 0 -1
vn -0.078664 -0.980285 -0.181256
vn -0.07818 -0.980324 0.181255
vn -0.037779 -0.982711 -0.18125
vn -0.003445 -0.047389 0.998871
vn 0 0 1
vn -0.001501 -0.047492 0.99887
vn 0.08702 0.996207 0
vn 0.072538 0.997366 0
vn 0.044836 0.998994 0
vn 0 0 -1
vn -0.006285 -0.047095 -0.998871
vn 0 0 -1
vn -0.122771 -0.975741 -0.181262
vn -0.122257 -0.975806 0.181261
vn -0.078664 -0.980285 -0.181256
vn -0.005553 -0.047187 0.998871
vn 0 0 1
vn -0.003445 -0.047389 0.998871
vn 0.132297 0.99121 0
vn 0.116901 0.993144 0
vn 0.08702 0.996207 0
vn 0 0 -1
vn -0.00852 -0.046742 -0.998871
vn 0 0 -1
vn -0.16884 -0.968832 -0.181264
vn -0.16831 -0.968924 0.181266
vn -0.122771 -0.975741 -0.181262
vn -0.007768 -0.046873 0.998871
vn 0 0 1
vn -0.005553 -0.047187 0.998871
vn 0.179326 0.98379 0
vn 0.163511 0.986542 0
vn 0.132297 0.99121 0
vn 0 0 -1
vn -0.010761 -0.046277 -0.998871
vn 0 0 -1
vn -0.215291 -0.959579 -0.181269
vn -0.214769 -0.959696 0.181269
vn -0.16884 -0.968832 -0.181264
vn -0.010016 -0.046444 0.998871
vn 0 0 1
vn -0.007768 -0.046873 0.998871
vn 0.226468 0.974019 0
vn 0.210805 0.977528 0
vn 0.179326 0.98379 0
vn 0 0 -1
vn -0.012927 -0.04572 -0.998871
vn 0 0 -1
vn -0.260475 -0.948312 -0.181263
vn -0.259974 -0.94845 0.181261
vn -0.215291 -0.959579 -0.181269
vn -0.012216 -0.045915 0.998871
vn 0 0 1
vn -0.010016 -0.046444 0.998871
vn 0.272057 0.962281 0
vn 0.257092 0.966387 0
vn 0.226468 0.974019 0
vn 0 0 -1
vn -0.014952 -0.0451 -0.998871
vn 0 0 -1
vn -0.302925 -0.935619 -0.181255
vn -0.302463 -0.935768 0.181258
vn -0.260475 -0.948312 -0.181263
vn -0.014296 -0.045313 0.998871
vn 0 0 1
vn -0.012216 -0.045915 0.998871
vn 0.31466 0.949204 0
vn 0.300836 0.953676 0
vn 0.272057 0.962281 0
vn 0 0 -1
vn -0.016788 -0.044451 -0.998871
vn 0 0 -1
vn -0.341575 -0.922211 -0.181252
vn -0.341162 -0.922364 0.181252
vn -0.302925 -0.935619 -0.181255
vn -0.016199 -0.044669 0.99887
vn 0 0 1
vn -0.014296 -0.045313 0.998871
vn 0.353278 0.935518 0
vn 0.340875 0.940109 0
vn 0.31466 0.949204 0
vn 0 0 -1
vn -0.018452 -0.043788 -0.99887
vn 0 0 -1
vn -0.376535 -0.9085 -0.181244
vn -0.376157 -0.908657 0.181242
vn -0.341575 -0.922211 -0.181252
vn -0.017915 -0.04401 0.99887
vn 0 0 1
vn -0.016199 -0.044669 0.99887
vn 0.388342 0.921515 0
vn 0.377007 0.92621 0
vn 0.353278 0.935518 0
vn 0 0 -1
vn -0.020132 -0.04304 -0.99887
vn 0 0 -1
vn -0.410972 -0.893449 -0.181247
vn -0.410571 -0.893634 0.181247
vn -0.376535 -0.9085 -0.181244
vn -0.019561 -0.043303 0.99887
vn 0 0 1
vn -0.017915 -0.04401 0.99887
vn 0.423722 0.905793 0
vn 0.411704 0.911318 0
vn 0.388342 0.921515 0
vn 0 0 -1
vn -0.021932 -0.042149 -0.998871
vn 0 0 -1
vn -0.447815 -0.875562 -0.181254
vn -0.447383 -0.875783 0.181255
vn -0.410972 -0.893449 -0.181247
vn -0.021317 -0.042463 0.998871
vn 0 0 1
vn -0.019561 -0.043303 0.99887
vn 0.461629 0.887073 0
vn 0.448692 0.893686 0
vn 0.423722 0.905793 0
vn 0 0 -1
vn -0.023829 -0.041105 -0.998871
vn 0 0 -1
vn -0.486826 -0.854485 -0.181263
vn -0.486376 -0.854741 0.181264
vn -0.447815 -0.875562 -0.181254
vn -0.023188 -0.04147 0.998871
vn 0 0 1
vn -0.021317 -0.042463 0.998871
vn 0.501547 0.865131 0
vn 0.488064 0.872808 0
vn 0.461629 0.887073 0
vn 0 0 -1
vn -0.025758 -0.039923 -0.998871
vn 0 0 -1
vn -0.526742 -0.830473 -0.181267
vn -0.526289 -0.83076 0.181266
vn -0.486826 -0.854485 -0.181263
vn -0.025114 -0.040332 0.998871
vn 0 0 1
vn -0.023188 -0.04147 0.998871
vn 0.542155 0.840279 0
vn 0.528597 0.848873 0
vn 0.501547 0.865131 0
vn 0 0 -1
vn -0.027651 -0.038637 -0.998871
vn 0 0 -1
vn -0.566118 -0.804148 -0.181265
vn -0.565679 -0.804457 0.181264
vn -0.526742 -0.830473 -0.181267
vn -0.027027 -0.039076 0.998871
vn 0 0 1
vn -0.025114 -0.040332 0.998871
vn 0.581971 0.81321 0
vn 0.568842 0.822447 0
vn 0.542155 0.840279 0
vn 0 0 -1
vn -0.02944 -0.037293 -0.998871
vn 0 0 -1
vn -0.603551 -0.776448 -0.18126
vn -0.603141 -0.776766 0.18126
vn -0.566118 -0.804148 -0.181265
vn -0.028857 -0.037745 0.998871
vn 0 0 1
vn -0.027027 -0.039076 0.998871
vn 0.619595 0.784921 0
vn 0.607342 0.79444 0
vn 0.581971 0.81321 0
vn 0 0 -1
vn -0.031073 -0.035945 -0.998871
vn 0 0 -1
vn -0.637913 -0.748475 -0.181254
vn -0.637543 -0.748789 0.181256
vn -0.603551 -0.776448 -0.18126
vn -0.030548 -0.036393 0.998871
vn 0 0 1
vn -0.028857 -0.037745 0.998871
vn 0.653952 0.756536 0
vn 0.642891 0.765958 0
vn 0.619595 0.784921 0
vn 0 0 -1
vn -0.032521 -0.034643 -0.99887
vn 0 0 -1
vn -0.668491 -0.721296 -0.18125
vn -0.668167 -0.721596 0.181253
vn -0.637913 -0.748475 -0.181254
vn -0.03206 -0.03507 0.99887
vn 0 0 1
vn -0.030548 -0.036393 0.998871
vn 0.684396 0.729111 0
vn 0.674692 0.738099 0
vn 0.653952 0.756536 0
vn 0 0 -1
vn -0.016486 -0.017103 -0.999718
vn 0 0 -1
vn -0.613194 -0.768331 -0.183467
vn -0.579214 -0.811881 0.073212
vn -0.668491 -0.721296 -0.18125
vn -0.026384 -0.027372 0.999277
vn 0 0 1
vn -0.03206 -0.03507 0.99887
vn 0.711431 0.702756 0
vn 0.702756 0.71143 0
vn 0.684396 0.729111 0
vn 0 0 -1
vn 0 0 -1
vn 0 0 -1
vn -0.738074 -0.67472 0
vn -0.729088 -0.68442 0
vn -0.719976 -0.693999 0
vn 0 0 1
vn 0 0 1
vn -0.026384 -0.027372 0.999277
vn 0.738099 0.674692 0
vn 0.729111 0.684395 0
vn 0.711431 0.702756 0
vn 0 0 -1
vn 0 0 -1
vn 0 0 -1
vn -0.765933 -0.64292 0
vn -0.75651 -0.653982 0
vn -0.738074 -0.67472 0
vn 0 0 1
vn 0 0 1
vn 0 0 1
vn 0.765957 0.642892 0
vn 0.756535 0.653953 0
vn 0.738099 0.674692 0
vn 0 0 -1
vn 0 0 -1
vn 0 0 -1
vn -0.794425 -0.607363 0
vn -0.784902 -0.619619 0
vn -0.765933 -0.64292 0
vn 0 0 1
vn 0 0 1
vn 0 0 1
vn 0.794441 0.607342 0
vn 0.784921 0.619596 0
vn 0.765957 0.642892 0
vn 0 0 -1
vn 0 0 -1
vn 0 0 -1
vn -0.822443 -0.568848 0
vn -0.813202 -0.581982 0
vn -0.794425 -0.607363 0
vn 0 0 1
vn 0 0 1
vn 0 0 1
vn 0.822447 0.568842 0
vn 0.81321 0.58197 0
vn 0.794441 0.607342 0
vn 0 0 -1
vn 0 0 -1
vn 0 0 -1
vn -0.848879 -0.528588 0
vn -0.840281 -0.542151 0
vn -0.822443 -0.568848 0
vn 0 0 1
vn 0 0 1
vn 0 0 1
vn 0.848872 0.528598 0
vn 0.840277 0.542157 0
vn 0.822447 0.568842 0
vn 0 0 -1
vn 0 0 -1
vn 0 0 -1
vn -0.872823 -0.488037 0
vn -0.865142 -0.501526 0
vn -0.848879 -0.528588 0
vn 0 0 1
vn 0 0 1
vn 0 0 1
vn 0.872808 0.488064 0
vn 0.86513 0.501547 0
vn 0.848872 0.528598 0
vn 0 0 -1
vn 0 0 -1
vn 0 0 -1
vn -0.893705 -0.448656 0
vn -0.887091 -0.461595 0
vn -0.872823 -0.488037 0
vn 0 0 1
vn 0 0 1
vn 0 0 1
vn 0.893687 0.448692 0
vn 0.887073 0.461629 0
vn 0.872808 0.488064 0
vn 0 0 -1
vn 0 0 -1
vn 0 0 -1
vn -0.911332 -0.411673 0
vn -0.905808 -0.423687 0
vn -0.893705 -0.448656 0
vn 0 0 1
vn 0 0 1
vn 0 0 1
vn 0.911318 0.411704 0
vn 0.905793 0.423721 0
vn 0.893687 0.448692 0
vn 0 0 -1
vn 0 0 -1
vn 0 0 -1
vn -0.916695 -0.399589 0
vn -0.916695 -0.399589 0
vn -0.911332 -0.411673 0
vn 0 0 1
vn 0 0 1
vn 0 0 1
vn 0.916682 0.399617 0
vn 0.916682 0.399617 0
vn 0.911318 0.411704 0
vn 0.012704 -0.034323 -0.99933
vn 0.027208 -0.069899 -0.997183
vn 0.040756 -0.104705 -0.993668
vn -0.940096 -0.340911 0
vn -0.935506 -0.353311 0
vn -0.930754 -0.365646 0
vn 0.013334 -0.036026 0.999262
vn 0.027153 -0.069921 0.997183
vn 0.040674 -0.104738 0.993668
vn 0.940108 0.340877 0
vn 0.935517 0.353281 0
vn 0.930764 0.365621 0
vn -0.000002 0.000008 -1
vn -0.000003 0.000008 -1
vn 0.012704 -0.034323 -0.99933
vn -0.953665 -0.300871 0
vn -0.949192 -0.314697 0
vn -0.940096 -0.340911 0
vn -0.000002 0.000008 1
vn -0.000003 0.000008 1
vn 0.013334 -0.036026 0.999262
vn 0.953676 0.300835 0
vn 0.949204 0.31466 0
vn 0.940108 0.340877 0
vn -0.000001 0.000005 -1
vn -0.000002 0.000006 -1
vn -0.000002 0.000008 -1
vn -0.96638 -0.257117 0
vn -0.962273 -0.272085 0
vn -0.953665 -0.300871 0
vn -0.000001 0.000005 1
vn -0.000002 0.000006 1
vn -0.000002 0.000008 1
vn 0.966387 0.257092 0
vn 0.962281 0.272056 0
vn 0.953676 0.300835 0
vn -0.014952 0.07353 -0.997181
vn -0.008455 0.037731 -0.999252
vn -0.000001 0.000005 -1
vn -0.977527 -0.210811 0
vn -0.974015 -0.226482 0
vn -0.96638 -0.257117 0
vn -0.014861 0.073549 0.997181
vn -0.007957 0.035513 0.999338
vn -0.000001 0.000005 1
vn 0.977528 0.210804 0
vn 0.974018 0.226469 0
vn 0.966387 0.257092 0
vn -0.019468 0.107259 -0.994041
vn -0.022396 0.110138 -0.993664
vn -0.014952 0.07353 -0.997181
vn -0.980785 -0.19509 0
vn -0.980785 -0.19509 0
vn -0.977527 -0.210811 0
vn -0.02068 0.11394 0.993272
vn -0.02226 0.110166 0.993664
vn -0.014861 0.073549 0.997181
vn 0.980786 0.195089 0
vn 0.980786 0.195089 0
vn 0.977528 0.210804 0
vn 0 0 -1
vn 0 0 -1
vn 0 0 -1
vn -0.993147 -0.116873 0
vn -0.991213 -0.132274 0
vn -0.989041 -0.147639 0
vn 0 0 1
vn 0 0 1
vn 0 0 1
vn 0.993143 0.116902 0
vn 0.99121 0.132298 0
vn 0.989038 0.14766 0
vn 0 0 -1
vn 0 0 -1
vn 0 0 -1
vn -0.997369 -0.072499 0
vn -0.99621 -0.086984 0
vn -0.993147 -0.116873 0
vn 0 0 1
vn 0 0 1
vn 0 0 1
vn 0.997366 0.072539 0
vn 0.996207 0.087021 0
vn 0.993143 0.116902 0
vn 0 0 -1
vn 0 0 -1
vn 0 0 -1
vn -0.9995 -0.031614 0
vn -0.998995 -0.044813 0
vn -0.997369 -0.072499 0
vn 0 0 1
vn 0 0 1
vn 0 0 1
vn 0.999495 0.031765 0
vn 0.998991 0.04491 0
vn 0.997366 0.072539 0
vn 0 0 -1
vn 0 0 -1
vn 0 0 -1
vn -0.99983 -0.018412 0
vn -0.99983 -0.018412 0
vn -0.9995 -0.031614 0
vn 0 0 1
vn 0 0 1
vn 0 0 1
vn 0.999827 0.018617 0
vn 0.999827 0.018617 0
vn 0.999495 0.031765 0
vn -0.018387 -0.999831 0
vn -0.018387 -0.999831 0
vn -0.018387 -0.999831 0
vn 0.018516 -0.999829 0
vn 0.018516 -0.999829 0
vn 0.018516 -0.999829 0
vn 0.613199 -0.768328 0.183464
vn 0.217759 -0.976002 0
vn 0.57922 -0.811877 -0.073209
vn -0.367017 -0.930214 0
vn 0.029922 -0.999552 0
vn -0.26073 -0.965412 0
vn -0.592968 -0.805226 0
vn -0.367017 -0.930214 0
vn -0.531512 -0.847051 0
vn -0.531512 -0.847051 0
vn -0.650837 -0.759217 0
vn -0.592968 -0.805226 0
vn 0.668491 -0.721296 0.18125
vn 0.544945 -0.586593 0.599119
vn 0.613199 -0.768328 0.183464
vn 0.288026 -0.298807 0.909811
vn 0.513852 -0.533085 0.672143
vn 0.316889 -0.340625 0.885187
vn 0.116748 -0.121119 0.985748
vn 0.288026 -0.298807 0.909811
vn 0.139647 -0.149684 0.978822
vn 0.139647 -0.149684 0.978822
vn 0.032521 -0.034643 0.998871
vn 0.116748 -0.121119 0.985748
vn 0.57922 -0.811877 -0.073209
vn 0.592553 -0.614731 -0.520564
vn 0.668167 -0.721596 -0.181251
vn 0.315444 -0.341964 -0.885187
vn 0.543288 -0.588129 -0.599118
vn 0.356805 -0.37016 -0.857713
vn 0.138588 -0.150665 -0.978823
vn 0.315444 -0.341964 -0.885187
vn 0.167245 -0.173506 -0.970528
vn 0.167245 -0.173506 -0.970528
vn 0.026384 -0.027372 -0.999277
vn 0.138588 -0.150665 -0.978823
vn 0.637912 -0.748475 0.181257
vn 0.520141 -0.608682 0.599132
vn 0.668491 -0.721296 0.18125
vn 0.316889 -0.340625 0.885187
vn 0.544945 -0.586593 0.599119
vn 0.302503 -0.353442 0.885195
vn 0.139647 -0.149684 0.978822
vn 0.316889 -0.340625 0.885187
vn 0.133346 -0.155313 0.978824
vn 0.133346 -0.155313 0.978824
vn 0.031073 -0.035945 0.998871
vn 0.139647 -0.149684 0.978822
vn 0.668167 -0.721596 -0.181251
vn 0.543288 -0.588129 -0.599118
vn 0.637542 -0.74879 -0.181256
vn 0.300856 -0.354845 -0.885195
vn 0.51825 -0.610292 -0.599133
vn 0.315444 -0.341964 -0.885187
vn 0.132138 -0.156341 -0.978824
vn 0.300856 -0.354845 -0.885195
vn 0.138588 -0.150665 -0.978823
vn 0.138588 -0.150665 -0.978823
vn 0.03206 -0.03507 -0.99887
vn 0.132138 -0.156341 -0.978824
vn 0.60355 -0.776447 0.181264
vn 0.492246 -0.631441 0.599147
vn 0.637912 -0.748475 0.181257
vn 0.302503 -0.353442 0.885195
vn 0.520141 -0.608682 0.599132
vn 0.286321 -0.366659 0.885201
vn 0.133346 -0.155313 0.978824
vn 0.302503 -0.353442 0.885195
vn 0.126251 -0.161125 0.978826
vn 0.126251 -0.161125 0.978826
vn 0.02944 -0.037293 0.998871
vn 0.133346 -0.155313 0.978824
vn 0.637542 -0.74879 -0.181256
vn 0.51825 -0.610292 -0.599133
vn 0.603141 -0.776765 -0.181264
vn 0.284496 -0.368077 -0.885201
vn 0.490152 -0.633068 -0.599147
vn 0.300856 -0.354845 -0.885195
vn 0.124913 -0.162165 -0.978826
vn 0.284496 -0.368077 -0.885201
vn 0.132138 -0.156341 -0.978824
vn 0.132138 -0.156341 -0.978824
vn 0.030548 -0.036393 -0.998871
vn 0.124913 -0.162165 -0.978826
vn 0.566119 -0.804147 0.181265
vn 0.461832 -0.654008 0.599153
vn 0.60355 -0.776447 0.181264
vn 0.286321 -0.366659 0.885201
vn 0.492246 -0.631441 0.599147
vn 0.268668 -0.379776 0.885205
vn 0.126251 -0.161125 0.978826
vn 0.286321 -0.366659 0.885201
vn 0.118503 -0.166902 0.978826
vn 0.118503 -0.166902 0.978826
vn 0.027651 -0.038637 0.998871
vn 0.126251 -0.161125 0.978826
vn 0.603141 -0.776765 -0.181264
vn 0.490152 -0.633068 -0.599147
vn 0.56568 -0.804455 -0.181266
vn 0.266713 -0.381151 -0.885205
vn 0.459588 -0.655587 -0.599153
vn 0.284496 -0.368077 -0.885201
vn 0.117069 -0.167911 -0.978826
vn 0.266713 -0.381151 -0.885205
vn 0.124913 -0.162165 -0.978826
vn 0.124913 -0.162165 -0.978826
vn 0.028857 -0.037745 -0.998871
vn 0.117069 -0.167911 -0.978826
vn 0.526744 -0.830472 0.181267
vn 0.429808 -0.675487 0.599152
vn 0.566119 -0.804147 0.181265
vn 0.268668 -0.379776 0.885205
vn 0.461832 -0.654008 0.599153
vn 0.250071 -0.392271 0.885205
vn 0.118503 -0.166902 0.978826
vn 0.268668 -0.379776 0.885205
vn 0.110329 -0.172414 0.978826
vn 0.110329 -0.172414 0.978826
vn 0.025758 -0.039923 0.998871
vn 0.118503 -0.166902 0.978826
vn 0.56568 -0.804455 -0.181266
vn 0.459588 -0.655587 -0.599153
vn 0.526291 -0.830759 -0.181266
vn 0.248053 -0.393552 -0.885204
vn 0.42749 -0.676954 -0.599154
vn 0.266713 -0.381151 -0.885205
vn 0.108848 -0.173352 -0.978826
vn 0.248053 -0.393552 -0.885204
vn 0.117069 -0.167911 -0.978826
vn 0.117069 -0.167911 -0.978826
vn 0.027027 -0.039075 -0.998871
vn 0.108848 -0.173352 -0.978826
vn 0.486826 -0.854485 0.181263
vn 0.397307 -0.695106 0.599145
vn 0.526744 -0.830472 0.181267
vn 0.250071 -0.392271 0.885205
vn 0.429808 -0.675487 0.599152
vn 0.231188 -0.403699 0.8852
vn 0.110329 -0.172414 0.978826
vn 0.250071 -0.392271 0.885205
vn 0.102019 -0.177462 0.978826
vn 0.102019 -0.177462 0.978826
vn 0.023829 -0.041105 0.998871
vn 0.110329 -0.172414 0.978826
vn 0.526291 -0.830759 -0.181266
vn 0.42749 -0.676954 -0.599154
vn 0.486376 -0.854741 -0.181264
vn 0.22918 -0.404842 -0.885201
vn 0.395002 -0.69642 -0.599144
vn 0.248053 -0.393552 -0.885204
vn 0.100546 -0.1783 -0.978826
vn 0.22918 -0.404842 -0.885201
vn 0.108848 -0.173352 -0.978826
vn 0.108848 -0.173352 -0.978826
vn 0.025114 -0.040331 -0.998871
vn 0.100546 -0.1783 -0.978826
vn 0.447814 -0.875562 0.181257
vn 0.365511 -0.71235 0.599132
vn 0.486826 -0.854485 0.181263
vn 0.231188 -0.403699 0.8852
vn 0.397307 -0.695106 0.599145
vn 0.212702 -0.413749 0.885195
vn 0.102019 -0.177462 0.978826
vn 0.231188 -0.403699 0.8852
vn 0.093874 -0.181909 0.978824
vn 0.093874 -0.181909 0.978824
vn 0.021932 -0.042149 0.998871
vn 0.102019 -0.177462 0.978826
vn 0.486376 -0.854741 -0.181264
vn 0.395002 -0.69642 -0.599144
vn 0.447381 -0.875784 -0.181255
vn 0.210776 -0.414733 -0.885195
vn 0.3633 -0.71348 -0.599133
vn 0.22918 -0.404842 -0.885201
vn 0.092461 -0.182632 -0.978824
vn 0.210776 -0.414733 -0.885195
vn 0.100546 -0.1783 -0.978826
vn 0.100546 -0.1783 -0.978826
vn 0.023188 -0.04147 -0.998871
vn 0.092461 -0.182632 -0.978824
vn 0.410971 -0.893449 0.181253
vn 0.335453 -0.726999 0.59912
vn 0.447814 -0.875562 0.181257
vn 0.212702 -0.413749 0.885195
vn 0.365511 -0.71235 0.599132
vn 0.195218 -0.422296 0.885187
vn 0.093874 -0.181909 0.978824
vn 0.212702 -0.413749 0.885195
vn 0.086161 -0.185696 0.978822
vn 0.086161 -0.185696 0.978822
vn 0.020132 -0.04304 0.998871
vn 0.093874 -0.181909 0.978824
vn 0.447381 -0.875784 -0.181255
vn 0.3633 -0.71348 -0.599133
vn 0.410571 -0.893632 -0.181253
vn 0.193429 -0.423119 -0.885187
vn 0.3334 -0.727942 -0.59912
vn 0.210776 -0.414733 -0.885195
vn 0.084849 -0.186298 -0.978823
vn 0.193429 -0.423119 -0.885187
vn 0.092461 -0.182632 -0.978824
vn 0.092461 -0.182632 -0.978824
vn 0.021317 -0.042463 -0.998871
vn 0.084849 -0.186298 -0.978823
vn 0.376535 -0.9085 0.181245
vn 0.307369 -0.73932 0.599108
vn 0.410971 -0.893449 0.181253
vn 0.195218 -0.422296 0.885187
vn 0.335453 -0.726999 0.59912
vn 0.178883 -0.42948 0.885182
vn 0.086161 -0.185696 0.978822
vn 0.195218 -0.422296 0.885187
vn 0.078959 -0.188876 0.978821
vn 0.078959 -0.188876 0.978821
vn 0.018452 -0.043788 0.99887
vn 0.086161 -0.185696 0.978822
vn 0.410571 -0.893632 -0.181253
vn 0.3334 -0.727942 -0.59912
vn 0.376156 -0.908657 -0.181245
vn 0.177199 -0.430177 -0.885183
vn 0.305435 -0.740121 -0.599108
vn 0.193429 -0.423119 -0.885187
vn 0.077723 -0.189388 -0.978821
vn 0.177199 -0.430177 -0.885183
vn 0.084849 -0.186298 -0.978823
vn 0.084849 -0.186298 -0.978823
vn 0.019561 -0.043303 -0.99887
vn 0.077723 -0.189388 -0.978821
vn 0.341577 -0.922211 0.181253
vn 0.278984 -0.750482 0.599119
vn 0.376535 -0.9085 0.181245
vn 0.178883 -0.42948 0.885182
vn 0.307369 -0.73932 0.599108
vn 0.162415 -0.435964 0.885187
vn 0.078959 -0.188876 0.978821
vn 0.178883 -0.42948 0.885182
vn 0.071736 -0.19173 0.978822
vn 0.071736 -0.19173 0.978822
vn 0.016788 -0.044451 0.99887
vn 0.078959 -0.188876 0.978821
vn 0.376156 -0.908657 -0.181245
vn 0.305435 -0.740121 -0.599108
vn 0.341164 -0.922364 -0.181252
vn 0.160569 -0.436648 -0.885187
vn 0.276866 -0.751266 -0.59912
vn 0.177199 -0.430177 -0.885183
vn 0.070382 -0.192232 -0.978822
vn 0.160569 -0.436648 -0.885187
vn 0.077723 -0.189388 -0.978821
vn 0.077723 -0.189388 -0.978821
vn 0.017915 -0.044011 -0.99887
vn 0.070382 -0.192232 -0.978822
vn 0.302926 -0.935618 0.181258
vn 0.247615 -0.761398 0.599133
vn 0.341577 -0.922211 0.181253
vn 0.162415 -0.435964 0.885187
vn 0.278984 -0.750482 0.599119
vn 0.14422 -0.442302 0.885194
vn 0.071736 -0.19173 0.978822
vn 0.162415 -0.435964 0.885187
vn 0.063761 -0.19452 0.978824
vn 0.063761 -0.19452 0.978824
vn 0.014952 -0.0451 0.998871
vn 0.071736 -0.19173 0.978822
vn 0.341164 -0.922364 -0.181252
vn 0.276866 -0.751266 -0.59912
vn 0.302463 -0.935768 -0.181258
vn 0.142162 -0.442969 -0.885194
vn 0.245252 -0.762161 -0.599134
vn 0.160569 -0.436648 -0.885187
vn 0.062251 -0.195009 -0.978824
vn 0.142162 -0.442969 -0.885194
vn 0.070382 -0.192232 -0.978822
vn 0.070382 -0.192232 -0.978822
vn 0.016199 -0.044669 -0.998871
vn 0.062251 -0.195009 -0.978824
vn 0.260473 -0.948312 0.181266
vn 0.213133 -0.771749 0.599148
vn 0.302926 -0.935618 0.181258
vn 0.14422 -0.442302 0.885194
vn 0.247615 -0.761398 0.599133
vn 0.124212 -0.448321 0.885201
vn 0.063761 -0.19452 0.978824
vn 0.14422 -0.442302 0.885194
vn 0.054982 -0.197175 0.978825
vn 0.054982 -0.197175 0.978825
vn 0.012927 -0.04572 0.998871
vn 0.063761 -0.19452 0.978824
vn 0.302463 -0.935768 -0.181258
vn 0.245252 -0.762161 -0.599134
vn 0.259975 -0.948449 -0.181267
vn 0.121983 -0.448932 -0.8852
vn 0.210576 -0.772451 -0.599147
vn 0.142162 -0.442969 -0.885194
vn 0.053347 -0.197623 -0.978825
vn 0.121983 -0.448932 -0.8852
vn 0.062251 -0.195009 -0.978824
vn 0.062251 -0.195009 -0.978824
vn 0.014295 -0.045312 -0.998871
vn 0.053347 -0.197623 -0.978825
vn 0.215294 -0.959579 0.181263
vn 0.176399 -0.78096 0.599153
vn 0.260473 -0.948312 0.181266
vn 0.124212 -0.448321 0.885201
vn 0.213133 -0.771749 0.599148
vn 0.102883 -0.453682 0.885205
vn 0.054982 -0.197175 0.978825
vn 0.124212 -0.448321 0.885201
vn 0.045612 -0.199546 0.978826
vn 0.045612 -0.199546 0.978826
vn 0.010761 -0.046277 0.998871
vn 0.054982 -0.197175 0.978825
vn 0.259975 -0.948449 -0.181267
vn 0.210576 -0.772451 -0.599147
vn 0.21477 -0.959696 -0.181266
vn 0.100551 -0.454205 -0.885205
vn 0.173722 -0.781562 -0.599151
vn 0.121983 -0.448932 -0.8852
vn 0.043901 -0.199929 -0.978826
vn 0.100551 -0.454205 -0.885205
vn 0.053347 -0.197623 -0.978825
vn 0.053347 -0.197623 -0.978825
vn 0.012216 -0.045915 -0.998871
vn 0.043901 -0.199929 -0.978826
vn 0.16884 -0.968832 0.181264
vn 0.138593 -0.78855 0.59915
vn 0.215294 -0.959579 0.181263
vn 0.102883 -0.453682 0.885205
vn 0.176399 -0.78096 0.599153
vn 0.08092 -0.458111 0.885204
vn 0.045612 -0.199546 0.978826
vn 0.102883 -0.453682 0.885205
vn 0.035951 -0.201511 0.978826
vn 0.035951 -0.201511 0.978826
vn 0.00852 -0.046742 0.998871
vn 0.045612 -0.199546 0.978826
vn 0.21477 -0.959696 -0.181266
vn 0.173722 -0.781562 -0.599151
vn 0.168311 -0.968925 -0.181263
vn 0.078565 -0.45852 -0.885205
vn 0.135889 -0.78902 -0.59915
vn 0.100551 -0.454205 -0.885205
vn 0.034223 -0.201812 -0.978826
vn 0.078565 -0.45852 -0.885205
vn 0.043901 -0.199929 -0.978826
vn 0.043901 -0.199929 -0.978826
vn 0.010016 -0.046444 -0.998871
vn 0.034223 -0.201812 -0.978826
vn 0.12277 -0.975741 0.181265
vn 0.101057 -0.794238 0.599144
vn 0.16884 -0.968832 0.181264
vn 0.08092 -0.458111 0.885204
vn 0.138593 -0.78855 0.59915
vn 0.059101 -0.461439 0.885201
vn 0.035951 -0.201511 0.978826
vn 0.08092 -0.458111 0.885204
vn 0.026341 -0.202995 0.978825
vn 0.026341 -0.202995 0.978825
vn 0.006285 -0.047095 0.998871
vn 0.035951 -0.201511 0.978826
vn 0.168311 -0.968925 -0.181263
vn 0.135889 -0.78902 -0.59915
vn 0.122255 -0.975806 -0.181262
vn 0.056808 -0.461727 -0.885201
vn 0.098426 -0.794566 -0.599147
vn 0.078565 -0.45852 -0.885205
vn 0.024659 -0.203206 -0.978825
vn 0.056808 -0.461727 -0.885201
vn 0.034223 -0.201812 -0.978826
vn 0.034223 -0.201812 -0.978826
vn 0.007768 -0.046873 -0.998871
vn 0.024659 -0.203206 -0.978825
vn 0.078664 -0.980284 0.181262
vn 0.065084 -0.797999 0.599134
vn 0.12277 -0.975741 0.181265
vn 0.059101 -0.461439 0.885201
vn 0.101057 -0.794238 0.599144
vn 0.038176 -0.463653 0.885194
vn 0.026341 -0.202995 0.978825
vn 0.059101 -0.461439 0.885201
vn 0.017114 -0.203986 0.978824
vn 0.017114 -0.203986 0.978824
vn 0.004133 -0.047334 0.998871
vn 0.026341 -0.202995 0.978825
vn 0.122255 -0.975806 -0.181262
vn 0.098426 -0.794566 -0.599147
vn 0.078181 -0.980322 -0.181261
vn 0.03602 -0.463827 -0.885193
vn 0.062609 -0.798196 -0.599136
vn 0.056808 -0.461727 -0.885201
vn 0.015533 -0.204112 -0.978824
vn 0.03602 -0.463827 -0.885193
vn 0.024659 -0.203206 -0.978825
vn 0.024659 -0.203206 -0.978825
vn 0.005553 -0.047187 -0.998871
vn 0.015533 -0.204112 -0.978824
vn 0.037781 -0.982711 0.18125
vn 0.031708 -0.800031 0.59912
vn 0.078664 -0.980284 0.181262
vn 0.038176 -0.463653 0.885194
vn 0.065084 -0.797999 0.599134
vn 0.018752 -0.464859 0.885186
vn 0.017114 -0.203986 0.978824
vn 0.038176 -0.463653 0.885194
vn 0.00854 -0.204532 0.978823
vn 0.00854 -0.204532 0.978823
vn 0.002129 -0.047468 0.99887
vn 0.017114 -0.203986 0.978824
vn 0.078181 -0.980322 -0.181261
vn 0.062609 -0.798196 -0.599136
vn 0.03734 -0.982727 -0.181254
vn 0.016785 -0.464933 -0.885187
vn 0.02945 -0.800121 -0.599115
vn 0.03602 -0.463827 -0.885193
vn 0.007097 -0.204587 -0.978823
vn 0.016785 -0.464933 -0.885187
vn 0.015533 -0.204112 -0.978824
vn 0.015533 -0.204112 -0.978824
vn 0.003445 -0.047389 -0.998871
vn 0.007097 -0.204587 -0.978823
vn 0.000205 -0.983438 0.181242
vn 0.001046 -0.80067 0.599105
vn 0.037781 -0.982711 0.18125
vn 0.018752 -0.464859 0.885186
vn 0.031708 -0.800031 0.59912
vn 0.000911 -0.465244 0.885182
vn 0.00854 -0.204532 0.978823
vn 0.018752 -0.464859 0.885186
vn 0.000669 -0.204715 0.978822
vn 0.000669 -0.204715 0.978822
vn 0.000291 -0.047516 0.99887
vn 0.00854 -0.204532 0.978823
vn 0.03734 -0.982727 -0.181254
vn 0.02945 -0.800121 -0.599115
vn -0.000205 -0.983438 -0.181242
vn -0.000911 -0.465244 -0.885182
vn -0.001046 -0.80067 -0.599104
vn 0.016785 -0.464933 -0.885187
vn -0.000669 -0.204715 -0.978822
vn -0.000911 -0.465244 -0.885182
vn 0.007097 -0.204587 -0.978823
vn 0.007097 -0.204587 -0.978823
vn 0.001501 -0.047492 -0.99887
vn -0.000669 -0.204715 -0.978822
vn -0.037339 -0.982728 0.181251
vn -0.02945 -0.800121 0.599115
vn 0.000205 -0.983438 0.181242
vn 0.000911 -0.465244 0.885182
vn 0.001046 -0.80067 0.599105
vn -0.016785 -0.464933 0.885187
vn 0.000669 -0.204715 0.978822
vn 0.000911 -0.465244 0.885182
vn -0.007097 -0.204587 0.978823
vn -0.007097 -0.204587 0.978823
vn -0.001501 -0.047492 0.99887
vn 0.000669 -0.204715 0.978822
vn -0.000205 -0.983438 -0.181242
vn -0.001046 -0.80067 -0.599104
vn -0.037779 -0.982711 -0.18125
vn -0.018752 -0.464859 -0.885186
vn -0.031707 -0.800033 -0.599117
vn -0.000911 -0.465244 -0.885182
vn -0.00854 -0.204532 -0.978823
vn -0.018752 -0.464859 -0.885186
vn -0.000669 -0.204715 -0.978822
vn -0.000669 -0.204715 -0.978822
vn -0.000291 -0.047516 -0.99887
vn -0.00854 -0.204532 -0.978823
vn -0.07818 -0.980324 0.181255
vn -0.062609 -0.798199 0.599131
vn -0.037339 -0.982728 0.181251
vn -0.016785 -0.464933 0.885187
vn -0.02945 -0.800121 0.599115
vn -0.03602 -0.463827 0.885193
vn -0.007097 -0.204587 0.978823
vn -0.016785 -0.464933 0.885187
vn -0.015533 -0.204112 0.978824
vn -0.015533 -0.204112 0.978824
vn -0.003445 -0.047389 0.998871
vn -0.007097 -0.204587 0.978823
vn -0.037779 -0.982711 -0.18125
vn -0.031707 -0.800033 -0.599117
vn -0.078664 -0.980285 -0.181256
vn -0.038176 -0.463653 -0.885194
vn -0.065085 -0.798003 -0.599129
vn -0.018752 -0.464859 -0.885186
vn -0.017114 -0.203986 -0.978824
vn -0.038176 -0.463653 -0.885194
vn -0.00854 -0.204532 -0.978823
vn -0.00854 -0.204532 -0.978823
vn -0.002129 -0.047468 -0.99887
vn -0.017114 -0.203986 -0.978824
vn -0.122257 -0.975806 0.181261
vn -0.098426 -0.794567 0.599146
vn -0.07818 -0.980324 0.181255
vn -0.03602 -0.463827 0.885193
vn -0.062609 -0.798199 0.599131
vn -0.056807 -0.461728 0.885201
vn -0.015533 -0.204112 0.978824
vn -0.03602 -0.463827 0.885193
vn -0.024659 -0.203206 0.978825
vn -0.024659 -0.203206 0.978825
vn -0.005553 -0.047187 0.998871
vn -0.015533 -0.204112 0.978824
vn -0.078664 -0.980285 -0.181256
vn -0.065085 -0.798003 -0.599129
vn -0.122771 -0.975741 -0.181262
vn -0.0591 -0.461438 -0.885202
vn -0.101057 -0.794238 -0.599144
vn -0.038176 -0.463653 -0.885194
vn -0.026341 -0.202995 -0.978825
vn -0.0591 -0.461438 -0.885202
vn -0.017114 -0.203986 -0.978824
vn -0.017114 -0.203986 -0.978824
vn -0.004133 -0.047334 -0.998871
vn -0.026341 -0.202995 -0.978825
vn -0.16831 -0.968924 0.181266
vn -0.135888 -0.78902 0.599151
vn -0.122257 -0.975806 0.181261
vn -0.056807 -0.461728 0.885201
vn -0.098426 -0.794567 0.599146
vn -0.078565 -0.458518 0.885206
vn -0.024659 -0.203206 0.978825
vn -0.056807 -0.461728 0.885201
vn -0.034223 -0.201812 0.978826
vn -0.034223 -0.201812 0.978826
vn -0.007768 -0.046873 0.998871
vn -0.024659 -0.203206 0.978825
vn -0.122771 -0.975741 -0.181262
vn -0.101057 -0.794238 -0.599144
vn -0.16884 -0.968832 -0.181264
vn -0.08092 -0.45811 -0.885205
vn -0.138591 -0.788547 -0.599154
vn -0.0591 -0.461438 -0.885202
vn -0.035951 -0.201511 -0.978826
vn -0.08092 -0.45811 -0.885205
vn -0.026341 -0.202995 -0.978825
vn -0.026341 -0.202995 -0.978825
vn -0.006285 -0.047095 -0.998871
vn -0.035951 -0.201511 -0.978826
vn -0.214769 -0.959696 0.181269
vn -0.173722 -0.78156 0.599153
vn -0.16831 -0.968924 0.181266
vn -0.078565 -0.458518 0.885206
vn -0.135888 -0.78902 0.599151
vn -0.100551 -0.454205 0.885204
vn -0.034223 -0.201812 0.978826
vn -0.078565 -0.458518 0.885206
vn -0.043901 -0.199929 0.978826
vn -0.043901 -0.199929 0.978826
vn -0.010016 -0.046444 0.998871
vn -0.034223 -0.201812 0.978826
vn -0.16884 -0.968832 -0.181264
vn -0.138591 -0.788547 -0.599154
vn -0.215291 -0.959579 -0.181269
vn -0.102885 -0.453684 -0.885204
vn -0.176399 -0.780959 -0.599154
vn -0.08092 -0.45811 -0.885205
vn -0.045612 -0.199546 -0.978826
vn -0.102885 -0.453684 -0.885204
vn -0.035951 -0.201511 -0.978826
vn -0.035951 -0.201511 -0.978826
vn -0.00852 -0.046742 -0.998871
vn -0.045612 -0.199546 -0.978826
vn -0.259974 -0.94845 0.181261
vn -0.210577 -0.772452 0.599145
vn -0.214769 -0.959696 0.181269
vn -0.100551 -0.454205 0.885204
vn -0.173722 -0.78156 0.599153
vn -0.121984 -0.448932 0.885201
vn -0.043901 -0.199929 0.978826
vn -0.100551 -0.454205 0.885204
vn -0.053346 -0.197622 0.978826
vn -0.053346 -0.197622 0.978826
vn -0.012216 -0.045915 0.998871
vn -0.043901 -0.199929 0.978826
vn -0.215291 -0.959579 -0.181269
vn -0.176399 -0.780959 -0.599154
vn -0.260475 -0.948312 -0.181263
vn -0.124212 -0.44832 -0.885201
vn -0.213136 -0.771752 -0.599143
vn -0.102885 -0.453684 -0.885204
vn -0.054981 -0.197174 -0.978826
vn -0.124212 -0.44832 -0.885201
vn -0.045612 -0.199546 -0.978826
vn -0.045612 -0.199546 -0.978826
vn -0.010761 -0.046277 -0.998871
vn -0.054981 -0.197174 -0.978826
vn -0.302463 -0.935768 0.181258
vn -0.245252 -0.762164 0.59913
vn -0.259974 -0.94845 0.181261
vn -0.121984 -0.448932 0.885201
vn -0.210577 -0.772452 0.599145
vn -0.142162 -0.442968 0.885195
vn -0.053346 -0.197622 0.978826
vn -0.121984 -0.448932 0.885201
vn -0.06225 -0.195008 0.978824
vn -0.06225 -0.195008 0.978824
vn -0.014296 -0.045313 0.998871
vn -0.053346 -0.197622 0.978826
vn -0.260475 -0.948312 -0.181263
vn -0.213136 -0.771752 -0.599143
vn -0.302925 -0.935619 -0.181255
vn -0.14422 -0.442302 -0.885194
vn -0.247614 -0.761398 -0.599133
vn -0.124212 -0.44832 -0.885201
vn -0.06376 -0.194519 -0.978824
vn -0.14422 -0.442302 -0.885194
vn -0.054981 -0.197174 -0.978826
vn -0.054981 -0.197174 -0.978826
vn -0.012927 -0.04572 -0.998871
vn -0.06376 -0.194519 -0.978824
vn -0.341162 -0.922364 0.181252
vn -0.276865 -0.751269 0.599117
vn -0.302463 -0.935768 0.181258
vn -0.142162 -0.442968 0.885195
vn -0.245252 -0.762164 0.59913
vn -0.160569 -0.43665 0.885186
vn -0.06225 -0.195008 0.978824
vn -0.142162 -0.442968 0.885195
vn -0.070381 -0.192231 0.978823
vn -0.070381 -0.192231 0.978823
vn -0.016199 -0.044669 0.99887
vn -0.06225 -0.195008 0.978824
vn -0.302925 -0.935619 -0.181255
vn -0.247614 -0.761398 -0.599133
vn -0.341575 -0.922211 -0.181252
vn -0.162416 -0.435966 -0.885186
vn -0.278984 -0.750485 -0.599117
vn -0.14422 -0.442302 -0.885194
vn -0.071735 -0.19173 -0.978823
vn -0.162416 -0.435966 -0.885186
vn -0.06376 -0.194519 -0.978824
vn -0.06376 -0.194519 -0.978824
vn -0.014952 -0.0451 -0.998871
vn -0.071735 -0.19173 -0.978823
vn -0.376157 -0.908657 0.181242
vn -0.305437 -0.740122 0.599105
vn -0.341162 -0.922364 0.181252
vn -0.160569 -0.43665 0.885186
vn -0.276865 -0.751269 0.599117
vn -0.1772 -0.43018 0.885181
vn -0.070381 -0.192231 0.978823
vn -0.160569 -0.43665 0.885186
vn -0.077723 -0.189387 0.978822
vn -0.077723 -0.189387 0.978822
vn -0.017915 -0.04401 0.99887
vn -0.070381 -0.192231 0.978823
vn -0.341575 -0.922211 -0.181252
vn -0.278984 -0.750485 -0.599117
vn -0.376535 -0.9085 -0.181244
vn -0.178884 -0.429481 -0.885181
vn -0.307372 -0.739323 -0.599103
vn -0.162416 -0.435966 -0.885186
vn -0.078959 -0.188875 -0.978822
vn -0.178884 -0.429481 -0.885181
vn -0.071735 -0.19173 -0.978823
vn -0.071735 -0.19173 -0.978823
vn -0.016788 -0.044451 -0.998871
vn -0.078959 -0.188875 -0.978822
vn -0.410571 -0.893634 0.181247
vn -0.333401 -0.727946 0.599115
vn -0.376157 -0.908657 0.181242
vn -0.1772 -0.43018 0.885181
vn -0.305437 -0.740122 0.599105
vn -0.193429 -0.423119 0.885187
vn -0.077723 -0.189387 0.978822
vn -0.1772 -0.43018 0.885181
vn -0.084849 -0.186298 0.978823
vn -0.084849 -0.186298 0.978823
vn -0.019561 -0.043303 0.99887
vn -0.077723 -0.189387 0.978822
vn -0.376535 -0.9085 -0.181244
vn -0.307372 -0.739323 -0.599103
vn -0.410972 -0.893449 -0.181247
vn -0.195216 -0.422296 -0.885188
vn -0.335454 -0.727003 -0.599114
vn -0.178884 -0.429481 -0.885181
vn -0.08616 -0.185695 -0.978823
vn -0.195216 -0.422296 -0.885188
vn -0.078959 -0.188875 -0.978822
vn -0.078959 -0.188875 -0.978822
vn -0.018452 -0.043788 -0.99887
vn -0.08616 -0.185695 -0.978823
vn -0.447383 -0.875783 0.181255
vn -0.3633 -0.713481 0.599131
vn -0.410571 -0.893634 0.181247
vn -0.193429 -0.423119 0.885187
vn -0.333401 -0.727946 0.599115
vn -0.210775 -0.414733 0.885195
vn -0.084849 -0.186298 0.978823
vn -0.193429 -0.423119 0.885187
vn -0.092461 -0.182632 0.978824
vn -0.092461 -0.182632 0.978824
vn -0.021317 -0.042463 0.998871
vn -0.084849 -0.186298 0.978823
vn -0.410972 -0.893449 -0.181247
vn -0.335454 -0.727003 -0.599114
vn -0.447815 -0.875562 -0.181254
vn -0.212701 -0.413748 -0.885195
vn -0.365511 -0.71235 -0.599132
vn -0.195216 -0.422296 -0.885188
vn -0.093874 -0.18191 -0.978824
vn -0.212701 -0.413748 -0.885195
vn -0.08616 -0.185695 -0.978823
vn -0.08616 -0.185695 -0.978823
vn -0.020132 -0.04304 -0.99887
vn -0.093874 -0.18191 -0.978824
vn -0.486376 -0.854741 0.181264
vn -0.395002 -0.696418 0.599145
vn -0.447383 -0.875783 0.181255
vn -0.210775 -0.414733 0.885195
vn -0.3633 -0.713481 0.599131
vn -0.229179 -0.404839 0.885202
vn -0.092461 -0.182632 0.978824
vn -0.210775 -0.414733 0.885195
vn -0.100546 -0.178301 0.978826
vn -0.100546 -0.178301 0.978826
vn -0.023188 -0.04147 0.998871
vn -0.092461 -0.182632 0.978824
vn -0.447815 -0.875562 -0.181254
vn -0.365511 -0.71235 -0.599132
vn -0.486826 -0.854485 -0.181263
vn -0.231187 -0.403697 -0.885201
vn -0.397306 -0.695105 -0.599147
vn -0.212701 -0.413748 -0.885195
vn -0.102019 -0.177462 -0.978826
vn -0.231187 -0.403697 -0.885201
vn -0.093874 -0.18191 -0.978824
vn -0.093874 -0.18191 -0.978824
vn -0.021932 -0.042149 -0.998871
vn -0.102019 -0.177462 -0.978826
vn -0.526289 -0.83076 0.181266
vn -0.427489 -0.676955 0.599154
vn -0.486376 -0.854741 0.181264
vn -0.229179 -0.404839 0.885202
vn -0.395002 -0.696418 0.599145
vn -0.248052 -0.393552 0.885205
vn -0.100546 -0.178301 0.978826
vn -0.229179 -0.404839 0.885202
vn -0.108848 -0.173353 0.978826
vn -0.108848 -0.173353 0.978826
vn -0.025114 -0.040332 0.998871
vn -0.100546 -0.178301 0.978826
vn -0.486826 -0.854485 -0.181263
vn -0.397306 -0.695105 -0.599147
vn -0.526742 -0.830473 -0.181267
vn -0.250071 -0.392271 -0.885205
vn -0.429806 -0.675487 -0.599153
vn -0.231187 -0.403697 -0.885201
vn -0.110329 -0.172414 -0.978826
vn -0.250071 -0.392271 -0.885205
vn -0.102019 -0.177462 -0.978826
vn -0.102019 -0.177462 -0.978826
vn -0.023829 -0.041105 -0.998871
vn -0.110329 -0.172414 -0.978826
vn -0.565679 -0.804457 0.181264
vn -0.459588 -0.655588 0.599152
vn -0.526289 -0.83076 0.181266
vn -0.248052 -0.393552 0.885205
vn -0.427489 -0.676955 0.599154
vn -0.266713 -0.381151 0.885205
vn -0.108848 -0.173353 0.978826
vn -0.248052 -0.393552 0.885205
vn -0.117069 -0.167911 0.978826
vn -0.117069 -0.167911 0.978826
vn -0.027027 -0.039076 0.998871
vn -0.108848 -0.173353 0.978826
vn -0.526742 -0.830473 -0.181267
vn -0.429806 -0.675487 -0.599153
vn -0.566118 -0.804148 -0.181265
vn -0.268669 -0.379776 -0.885205
vn -0.461832 -0.65401 -0.599151
vn -0.250071 -0.392271 -0.885205
vn -0.118503 -0.166902 -0.978826
vn -0.268669 -0.379776 -0.885205
vn -0.110329 -0.172414 -0.978826
vn -0.110329 -0.172414 -0.978826
vn -0.025758 -0.039923 -0.998871
vn -0.118503 -0.166902 -0.978826
vn -0.603141 -0.776766 0.18126
vn -0.490153 -0.63307 0.599143
vn -0.565679 -0.804457 0.181264
vn -0.266713 -0.381151 0.885205
vn -0.459588 -0.655588 0.599152
vn -0.284496 -0.368077 0.885201
vn -0.117069 -0.167911 0.978826
vn -0.266713 -0.381151 0.885205
vn -0.124913 -0.162165 0.978826
vn -0.124913 -0.162165 0.978826
vn -0.028857 -0.037745 0.998871
vn -0.117069 -0.167911 0.978826
vn -0.566118 -0.804148 -0.181265
vn -0.461832 -0.65401 -0.599151
vn -0.603551 -0.776448 -0.18126
vn -0.286321 -0.36666 -0.885201
vn -0.492248 -0.631443 -0.599142
vn -0.268669 -0.379776 -0.885205
vn -0.126251 -0.161125 -0.978826
vn -0.286321 -0.36666 -0.885201
vn -0.118503 -0.166902 -0.978826
vn -0.118503 -0.166902 -0.978826
vn -0.027651 -0.038637 -0.998871
vn -0.126251 -0.161125 -0.978826
vn -0.637543 -0.748789 0.181256
vn -0.518251 -0.610293 0.599131
vn -0.603141 -0.776766 0.18126
vn -0.284496 -0.368077 0.885201
vn -0.490153 -0.63307 0.599143
vn -0.300856 -0.354845 0.885195
vn -0.124913 -0.162165 0.978826
vn -0.284496 -0.368077 0.885201
vn -0.132138 -0.156342 0.978824
vn -0.132138 -0.156342 0.978824
vn -0.030548 -0.036393 0.998871
vn -0.124913 -0.162165 0.978826
vn -0.603551 -0.776448 -0.18126
vn -0.492248 -0.631443 -0.599142
vn -0.637913 -0.748475 -0.181254
vn -0.302502 -0.353443 -0.885195
vn -0.520141 -0.608683 -0.599132
vn -0.286321 -0.36666 -0.885201
vn -0.133346 -0.155312 -0.978824
vn -0.302502 -0.353443 -0.885195
vn -0.126251 -0.161125 -0.978826
vn -0.126251 -0.161125 -0.978826
vn -0.02944 -0.037293 -0.998871
vn -0.133346 -0.155312 -0.978824
vn -0.668167 -0.721596 0.181253
vn -0.543288 -0.588131 0.599117
vn -0.637543 -0.748789 0.181256
vn -0.300856 -0.354845 0.885195
vn -0.518251 -0.610293 0.599131
vn -0.315444 -0.341963 0.885187
vn -0.132138 -0.156342 0.978824
vn -0.300856 -0.354845 0.885195
vn -0.138588 -0.150664 0.978823
vn -0.138588 -0.150664 0.978823
vn -0.03206 -0.03507 0.99887
vn -0.132138 -0.156342 0.978824
vn -0.637913 -0.748475 -0.181254
vn -0.520141 -0.608683 -0.599132
vn -0.668491 -0.721296 -0.18125
vn -0.316888 -0.340626 -0.885187
vn -0.544943 -0.586594 -0.59912
vn -0.302502 -0.353443 -0.885195
vn -0.139647 -0.149683 -0.978823
vn -0.316888 -0.340626 -0.885187
vn -0.133346 -0.155312 -0.978824
vn -0.133346 -0.155312 -0.978824
vn -0.031073 -0.035945 -0.998871
vn -0.139647 -0.149683 -0.978823
vn -0.579214 -0.811881 0.073212
vn -0.59255 -0.614732 0.520566
vn -0.668167 -0.721596 0.181253
vn -0.315444 -0.341963 0.885187
vn -0.543288 -0.588131 0.599117
vn -0.356806 -0.370163 0.857711
vn -0.138588 -0.150664 0.978823
vn -0.315444 -0.341963 0.885187
vn -0.167245 -0.173505 0.970528
vn -0.167245 -0.173505 0.970528
vn -0.026384 -0.027372 0.999277
vn -0.138588 -0.150664 0.978823
vn -0.613194 -0.768331 -0.183467
vn -0.217752 -0.976004 0
vn -0.579214 -0.811881 0.073212
vn 0.367013 -0.930216 0
vn -0.029925 -0.999552 0
vn 0.260722 -0.965414 0
vn 0.592968 -0.805226 0
vn 0.367013 -0.930216 0
vn 0.531512 -0.847051 0
vn 0.531512 -0.847051 0
vn 0.650837 -0.759217 0
vn 0.592968 -0.805226 0
vn -0.668491 -0.721296 -0.18125
vn -0.544943 -0.586594 -0.59912
vn -0.613194 -0.768331 -0.183467
vn -0.288027 -0.298808 -0.90981
vn -0.51385 -0.533086 -0.672144
vn -0.316888 -0.340626 -0.885187
vn -0.116749 -0.121118 -0.985748
vn -0.288027 -0.298808 -0.90981
vn -0.139647 -0.149683 -0.978823
vn -0.139647 -0.149683 -0.978823
vn -0.032521 -0.034643 -0.99887
vn -0.116749 -0.121118 -0.985748
vn -0.189604 -0.981845 0.005606
vn -0.181713 -0.983349 -0.002419
vn -0.181707 -0.98335 -0.002419
vn -0.181713 -0.983349 -0.002432
vn -0.187219 -0.982285 -0.008031
vn -0.189604 -0.981845 0.005606
vn -0.189591 -0.981847 0.005599
vn -0.181707 -0.98335 -0.002432
vn -0.181713 -0.983349 -0.002432
vn -0.181707 -0.98335 -0.002419
vn -0.187206 -0.982288 -0.008025
vn -0.189591 -0.981847 0.005599
vn 0.369608 0.929178 -0.004276
vn 0.375297 0.926903 0.001843
vn 0.375304 0.9269 0.001843
vn 0.375304 0.9269 0.001843
vn 0.371336 0.928478 0.00612
vn 0.369621 0.929173 -0.00427
vn 0.369621 0.929173 -0.00427
vn 0.375303 0.9269 0.001857
vn 0.375297 0.926903 0.001857
vn 0.375297 0.926903 0.001857
vn 0.371323 0.928484 0.006127
vn 0.369608 0.929178 -0.004276
vn -0.369609 0.929177 0.004274
vn -0.375299 0.926902 -0.00186
vn -0.375291 0.926905 -0.00186
vn -0.375299 0.926902 -0.001844
vn -0.371326 0.928482 -0.006127
vn -0.369609 0.929177 0.004274
vn -0.369594 0.929183 0.004283
vn -0.375291 0.926905 -0.001844
vn -0.375299 0.926902 -0.001844
vn -0.375291 0.926905 -0.00186
vn -0.371311 0.928488 -0.006135
vn -0.369594 0.929183 0.004283
vn 0.189592 -0.981847 -0.0056
vn 0.181708 -0.983349 0.002423
vn 0.181708 -0.98335 0.002423
vn 0.181708 -0.98335 0.002423
vn 0.187207 -0.982288 0.008024
vn 0.189591 -0.981847 -0.005599
vn 0.189591 -0.981847 -0.005599
vn 0.181708 -0.98335 0.002424
vn 0.181708 -0.983349 0.002424
vn 0.181708 -0.983349 0.002424
vn 0.187208 -0.982287 0.008024
vn 0.189592 -0.981847 -0.0056
usemtl HeadphonesPBR
g headband
f 1/1/1 2/2/2 3/3/3
f 4/4/4 5/5/5 6/6/6
f 7/7/7 8/8/8 9/9/9
f 10/10/10 11/11/11 12/12/12
f 13/13/13 14/14/14 15/15/15
f 16/16/16 17/17/17 18/18/18
f 19/19/19 20/20/20 21/21/21
f 22/22/22 23/23/23 24/24/24
f 25/25/25 26/26/26 27/27/27
f 28/28/28 29/29/29 30/30/30
f 31/31/31 32/32/32 33/33/33
f 34/34/34 35/35/35 36/36/36
f 37/37/37 38/38/38 39/39/39
f 40/40/40 41/41/41 42/42/42
f 43/43/43 44/44/44 45/45/45
f 46/46/46 47/47/47 48/48/48
f 49/49/49 50/50/50 51/51/51
f 52/52/52 53/53/53 54/54/54
f 55/55/55 56/56/56 57/57/57
f 58/58/58 59/59/59 60/60/60
f 61/61/61 62/62/62 63/63/63
f 64/64/64 65/65/65 66/66/66
f 67/67/67 68/68/68 69/69/69
f 70/70/70 71/71/71 72/72/72
f 73/73/73 74/74/74 75/75/75
f 76/76/76 77/77/77 78/78/78
f 79/79/79 80/80/80 81/81/81
f 82/82/82 83/83/83 84/84/84
f 85/85/85 86/86/86 87/87/87
f 88/88/88 89/89/89 90/90/90
f 91/91/91 92/92/92 93/93/93
f 94/94/94 95/95/95 96/96/96
f 97/97/97 98/98/98 99/99/99
f 100/100/100 101/101/101 102/102/102
f 103/103/103 104/104/104 105/105/105
f 106/106/106 107/107/107 108/108/108
f 109/109/109 110/110/110 111/111/111
f 112/112/112 113/113/113 114/114/114
f 115/115/115 116/116/116 117/117/117
f 118/118/118 119/119/119 120/120/120
f 121/121/121 122/122/122 123/123/123
f 124/124/124 125/125/125 126/126/126
f 127/127/127 128/128/128 129/129/129
f 130/130/130 131/131/131 132/132/132
f 133/133/133 134/134/134 135/135/135
f 136/136/136 137/137/137 138/138/138
f 139/139/139 140/140/140 141/141/141
f 142/142/142 143/143/143 144/144/144
f 145/145/145 146/146/146 147/147/147
f 148/148/148 149/149/149 150/150/150
f 151/151/151 152/152/152 153/153/153
f 154/154/154 155/155/155 156/156/156
f 157/157/157 158/158/158 159/159/159
f 160/160/160 161/161/161 162/162/162
f 163/163/163 164/164/164 165/165/165
f 166/166/166 167/167/167 168/168/168
f 169/169/169 170/170/170 171/171/171
f 172/172/172 173/173/173 174/174/174
f 175/175/175 176/176/176 177/177/177
f 178/178/178 179/179/179 180/180/180
f 181/181/181 182/182/182 183/183/183
f 184/184/184 185/185/185 186/186/186
f 187/187/187 188/188/188 189/189/189
f 190/190/190 191/191/191 192/192/192
f 193/193/193 194/194/194 195/195/195
f 196/196/196 197/197/197 198/198/198
f 199/199/199 200/200/200 201/201/201
f 202/202/202 203/203/203 204/204/204
f 205/205/205 206/206/206 207/207/207
f 208/208/208 209/209/209 210/210/210
f 211/211/211 212/212/212 213/213/213
f 214/214/214 215/215/215 216/216/216
f 217/217/217 218/218/218 219/219/219
f 220/220/220 221/221/221 222/222/222
f 223/223/223 224/224/224 225/225/225
f 226/226/226 227/227/227 228/228/228
f 229/229/229 230/230/230 231/231/231
f 232/232/232 233/233/233 234/234/234
f 235/235/235 236/236/236 237/237/237
f 238/238/238 239/239/239 240/240/240
f 241/241/241 242/242/242 243/243/243
f 244/244/244 245/245/245 246/246/246
f 247/247/247 248/248/248 249/249/249
f 250/250/250 251/251/251 252/252/252
f 253/253/253 254/254/254 255/255/255
f 256/256/256 257/257/257 258/258/258
f 259/259/259 260/260/260 261/261/261
f 262/262/262 263/263/263 264/264/264
f 265/265/265 266/266/266 267/267/267
f 268/268/268 269/269/269 270/270/270
f 271/271/271 272/272/272 273/273/273
f 274/274/274 275/275/275 276/276/276
f 277/277/277 278/278/278 279/279/279
f 280/280/280 281/281/281 282/282/282
f 283/283/283 284/284/284 285/285/285
f 286/286/286 287/287/287 288/288/288
f 289/289/289 290/290/290 291/291/291
f 292/292/292 293/293/293 294/294/294
f 295/295/295 296/296/296 297/297/297
f 298/298/298 299/299/299 300/300/300
f 301/301/301 302/302/302 303/303/303
f 304/304/304 305/305/305 306/306/306
f 307/307/307 308/308/308 309/309/309
f 310/310/310 311/311/311 312/312/312
f 313/313/313 314/314/314 315/315/315
f 316/316/316 317/317/317 318/318/318
f 319/319/319 320/320/320 321/321/321
f 322/322/322 323/323/323 324/324/324
f 325/325/325 326/326/326 327/327/327
f 328/328/328 329/329/329 330/330/330
f 331/331/331 332/332/332 333/333/333
f 334/334/334 335/335/335 336/336/336
f 337/337/337 338/338/338 339/339/339
f 340/340/340 341/341/341 342/342/342
f 343/343/343 344/344/344 345/345/345
f 346/346/346 347/347/347 348/348/348
f 349/349/349 350/350/350 351/351/351
f 352/352/352 353/353/353 354/354/354
f 355/355/355 356/356/356 357/357/357
f 358/358/358 359/359/359 360/360/360
f 361/361/361 362/362/362 363/363/363
f 364/364/364 365/365/365 366/366/366
f 367/367/367 368/368/368 369/369/369
f 370/370/370 371/371/371 372/372/372
f 373/373/373 374/374/374 375/375/375
f 376/376/376 377/377/377 378/378/378
f 379/379/379 380/380/380 381/381/381
f 382/382/382 383/383/383 384/384/384
f 385/385/385 386/386/386 387/387/387
f 388/388/388 389/389/389 390/390/390
f 391/391/391 392/392/392 393/393/393
f 394/394/394 395/395/395 396/396/396
f 397/397/397 398/398/398 399/399/399
f 400/400/400 401/401/401 402/402/402
f 403/403/403 404/404/404 405/405/405
f 406/406/406 407/407/407 408/408/408
f 409/409/409 410/410/410 411/411/411
f 412/412/412 413/413/413 414/414/414
f 415/415/415 416/416/416 417/417/417
f 418/418/418 419/419/419 420/420/420
f 421/421/421 422/422/422 423/423/423
f 424/424/424 425/425/425 426/426/426
f 427/427/427 428/428/428 429/429/429
f 430/430/430 431/431/431 432/432/432
f 433/433/433 434/434/434 435/435/435
f 436/436/436 437/437/437 438/438/438
f 439/439/439 440/440/440 441/441/441
f 442/442/442 443/443/443 444/444/444
f 445/445/445 446/446/446 447/447/447
f 448/448/448 449/449/449 450/450/450
f 451/451/451 452/452/452 453/453/453
f 454/454/454 455/455/455 456/456/456
f 457/457/457 458/458/458 459/459/459
f 460/460/460 461/461/461 462/462/462
f 463/463/463 464/464/464 465/465/465
f 466/466/466 467/467/467 468/468/468
f 469/469/469 470/470/470 471/471/471
f 472/472/472 473/473/473 474/474/474
f 475/475/475 476/476/476 477/477/477
f 478/478/478 479/479/479 480/480/480
f 481/481/481 482/482/482 483/483/483
f 484/484/484 485/485/485 486/486/486
f 487/487/487 488/488/488 489/489/489
f 490/490/490 491/491/491 492/492/492
f 493/493/493 494/494/494 495/495/495
f 496/496/496 497/497/497 498/498/498
f 499/499/499 500/500/500 501/501/501
f 502/502/502 503/503/503 504/504/504
f 505/505/505 506/506/506 507/507/507
f 508/508/508 509/509/509 510/510/510
f 511/511/511 512/512/512 513/513/513
f 514/514/514 515/515/515 516/516/516
f 517/517/517 518/518/518 519/519/519
f 520/520/520 521/521/521 522/522/522
f 523/523/523 524/524/524 525/525/525
f 526/526/526 527/527/527 528/528/528
f 529/529/529 530/530/530 531/531/531
f 532/532/532 533/533/533 534/534/534
f 535/535/535 536/536/536 537/537/537
f 538/538/538 539/539/539 540/540/540
f 541/541/541 542/542/542 543/543/543
f 544/544/544 545/545/545 546/546/546
f 547/547/547 548/548/548 549/549/549
f 550/550/550 551/551/551 552/552/552
f 553/553/553 554/554/554 555/555/555
f 556/556/556 557/557/557 558/558/558
f 559/559/559 560/560/560 561/561/561
f 562/562/562 563/563/563 564/564/564
f 565/565/565 566/566/566 567/567/567
f 568/568/568 569/569/569 570/570/570
f 571/571/571 572/572/572 573/573/573
f 574/574/574 575/575/575 576/576/576
f 577/577/577 578/578/578 579/579/579
f 580/580/580 581/581/581 582/582/582
f 583/583/583 584/584/584 585/585/585
f 586/586/586 587/587/587 588/588/588
f 589/589/589 590/590/590 591/591/591
f 592/592/592 593/593/593 594/594/594
f 595/595/595 596/596/596 597/597/597
f 598/598/598 599/599/599 600/600/600
f 601/601/601 602/602/602 603/603/603
f 604/604/604 605/605/605 606/606/606
f 607/607/607 608/608/608 609/609/609
f 610/610/610 611/611/611 612/612/612
f 613/613/613 614/614/614 615/615/615
f 616/616/616 617/617/617 618/618/618
f 619/619/619 620/620/620 621/621/621
f 622/622/622 623/623/623 624/624/624
f 625/625/625 626/626/626 627/627/627
f 628/628/628 629/629/629 630/630/630
f 631/631/631 632/632/632 633/633/633
f 634/634/634 635/635/635 636/636/636
f 637/637/637 638/638/638 639/639/639
f 640/640/640 641/641/641 642/642/642
f 643/643/643 644/644/644 645/645/645
f 646/646/646 647/647/647 648/648/648
f 649/649/649 650/650/650 651/651/651
f 652/652/652 653/653/653 654/654/654
f 655/655/655 656/656/656 657/657/657
f 658/658/658 659/659/659 660/660/660
f 661/661/661 662/662/662 663/663/663
f 664/664/664 665/665/665 666/666/666
f 667/667/667 668/668/668 669/669/669
f 670/670/670 671/671/671 672/672/672
f 673/673/673 674/674/674 675/675/675
f 676/676/676 677/677/677 678/678/678
f 679/679/679 680/680/680 681/681/681
f 682/682/682 683/683/683 684/684/684
f 685/685/685 686/686/686 687/687/687
f 688/688/688 689/689/689 690/690/690
f 691/691/691 692/692/692 693/693/693
f 694/694/694 695/695/695 696/696/696
f 697/697/697 698/698/698 699/699/699
f 700/700/700 701/701/701 702/702/702
f 703/703/703 704/704/704 705/705/705
f 706/706/706 707/707/707 708/708/708
f 709/709/709 710/710/710 711/711/711
f 712/712/712 713/713/713 714/714/714
f 715/715/715 716/716/716 717/717/717
f 718/718/718 719/719/719 720/720/720
f 721/721/721 722/722/722 723/723/723
f 724/724/724 725/725/725 726/726/726
f 727/727/727 728/728/728 729/729/729
f 730/730/730 731/731/731 732/732/732
f 733/733/733 734/734/734 735/735/735
f 736/736/736 737/737/737 738/738/738
f 739/739/739 740/740/740 741/741/741
f 742/742/742 743/743/743 744/744/744
f 745/745/745 746/746/746 747/747/747
f 748/748/748 749/749/749 750/750/750
f 751/751/751 752/752/752 753/753/753
f 754/754/754 755/755/755 756/756/756
f 757/757/757 758/758/758 759/759/759
f 760/760/760 761/761/761 762/762/762
f 763/763/763 764/764/764 765/765/765
f 766/766/766 767/767/767 768/768/768
f 769/769/769 770/770/770 771/771/771
f 772/772/772 773/773/773 774/774/774
f 775/775/775 776/776/776 777/777/777
f 778/778/778 779/779/779 780/780/780
f 781/781/781 782/782/782 783/783/783
f 784/784/784 785/785/785 786/786/786
f 787/787/787 788/788/788 789/789/789
f 790/790/790 791/791/791 792/792/792
f 793/793/793 794/794/794 795/795/795
f 796/796/796 797/797/797 798/798/798
f 799/799/799 800/800/800 801/801/801
f 802/802/802 803/803/803 804/804/804
f 805/805/805 806/806/806 807/807/807
f 808/808/808 809/809/809 810/810/810
f 811/811/811 812/812/812 813/813/813
f 814/814/814 815/815/815 816/816/816
f 817/817/817 818/818/818 819/819/819
f 820/820/820 821/821/821 822/822/822
f 823/823/823 824/824/824 825/825/825
f 826/826/826 827/827/827 828/828/828
f 829/829/829 830/830/830 831/831/831
f 832/832/832 833/833/833 834/834/834
f 835/835/835 836/836/836 837/837/837
f 838/838/838 839/839/839 840/840/840
f 841/841/841 842/842/842 843/843/843
f 844/844/844 845/845/845 846/846/846
f 847/847/847 848/848/848 849/849/849
f 850/850/850 851/851/851 852/852/852
f 853/853/853 854/854/854 855/855/855
f 856/856/856 857/857/857 858/858/858
f 859/859/859 860/860/860 861/861/861
f 862/862/862 863/863/863 864/864/864
f 865/865/865 866/866/866 867/867/867
f 868/868/868 869/869/869 870/870/870
f 871/871/871 872/872/872 873/873/873
f 874/874/874 875/875/875 876/876/876
f 877/877/877 878/878/878 879/879/879
f 880/880/880 881/881/881 882/882/882
f 883/883/883 884/884/884 885/885/885
f 886/886/886 887/887/887 888/888/888
f 889/889/889 890/890/890 891/891/891
f 892/892/892 893/893/893 894/894/894
f 895/895/895 896/896/896 897/897/897
f 898/898/898 899/899/899 900/900/900
f 901/901/901 902/902/902 903/903/903
f 904/904/904 905/905/905 906/906/906
f 907/907/907 908/908/908 909/909/909
f 910/910/910 911/911/911 912/912/912
f 913/913/913 914/914/914 915/915/915
f 916/916/916 917/917/917 918/918/918
f 919/919/919 920/920/920 921/921/921
f 922/922/922 923/923/923 924/924/924
f 925/925/925 926/926/926 927/927/927
f 928/928/928 929/929/929 930/930/930
f 931/931/931 932/932/932 933/933/933
f 934/934/934 935/935/935 936/936/936
f 937/937/937 938/938/938 939/939/939
f 940/940/940 941/941/941 942/942/942
f 943/943/943 944/944/944 945/945/945
f 946/946/946 947/947/947 948/948/948
f 949/949/949 950/950/950 951/951/951
f 952/952/952 953/953/953 954/954/954
f 955/955/955 956/956/956 957/957/957
f 958/958/958 959/959/959 960/960/960
f 961/961/961 962/962/962 963/963/963
f 964/964/964 965/965/965 966/966/966
f 967/967/967 968/968/968 969/969/969
f 970/970/970 971/971/971 972/972/972
f 973/973/973 974/974/974 975/975/975
f 976/976/976 977/977/977 978/978/978
f 979/979/979 980/980/980 981/981/981
f 982/982/982 983/983/983 984/984/984
f 985/985/985 986/986/986 987/987/987
f 988/988/988 989/989/989 990/990/990
f 991/991/991 992/992/992 993/993/993
f 994/994/994 995/995/995 996/996/996
f 997/997/997 998/998/998 999/999/999
f 1000/1000/1000 1001/1001/1001 1002/1002/1002
f 1003/1003/1003 1004/1004/1004 1005/1005/1005
f 1006/1006/1006 1007/1007/1007 1008/1008/1008
f 1009/1009/1009 1010/1010/1010 1011/1011/1011
f 1012/1012/1012 1013/1013/1013 1014/1014/1014
f 1015/1015/1015 1016/1016/1016 1017/1017/1017
f 1018/1018/1018 1019/1019/1019 1020/1020/1020
f 1021/1021/1021 1022/1022/1022 1023/1023/1023
f 1024/1024/1024 1025/1025/1025 1026/1026/1026
f 1027/1027/1027 1028/1028/1028 1029/1029/1029
f 1030/1030/1030 1031/1031/1031 1032/1032/1032
f 1033/1033/1033 1034/1034/1034 1035/1035/1035
f 1036/1036/1036 1037/1037/1037 1038/1038/1038
f 1039/1039/1039 1040/1040/1040 1041/1041/1041
f 1042/1042/1042 1043/1043/1043 1044/1044/1044
f 1045/1045/1045 1046/1046/1046 1047/1047/1047
f 1048/1048/1048 1049/1049/1049 1050/1050/1050
f 1051/1051/1051 1052/1052/1052 1053/1053/1053
f 1054/1054/1054 1055/1055/1055 1056/1056/1056
f 1057/1057/1057 1058/1058/1058 1059/1059/1059
f 1060/1060/1060 1061/1061/1061 1062/1062/1062
f 1063/1063/1063 1064/1064/1064 1065/1065/1065
f 1066/1066/1066 1067/1067/1067 1068/1068/1068
f 1069/1069/1069 1070/1070/1070 1071/1071/1071
f 1072/1072/1072 1073/1073/1073 1074/1074/1074
f 1075/1075/1075 1076/1076/1076 1077/1077/1077
f 1078/1078/1078 1079/1079/1079 1080/1080/1080
f 1081/1081/1081 1082/1082/1082 1083/1083/1083
f 1084/1084/1084 1085/1085/1085 1086/1086/1086
f 1087/1087/1087 1088/1088/1088 1089/1089/1089
f 1090/1090/1090 1091/1091/1091 1092/1092/1092
f 1093/1093/1093 1094/1094/1094 1095/1095/1095
f 1096/1096/1096 1097/1097/1097 1098/1098/1098
f 1099/1099/1099 1100/1100/1100 1101/1101/1101
f 1102/1102/1102 1103/1103/1103 1104/1104/1104
f 1105/1105/1105 1106/1106/1106 1107/1107/1107
f 1108/1108/1108 1109/1109/1109 1110/1110/1110
f 1111/1111/1111 1112/1112/1112 1113/1113/1113
f 1114/1114/1114 1115/1115/1115 1116/1116/1116
f 1117/1117/1117 1118/1118/1118 1119/1119/1119
f 1120/1120/1120 1121/1121/1121 1122/1122/1122
f 1123/1123/1123 1124/1124/1124 1125/1125/1125
f 1126/1126/1126 1127/1127/1127 1128/1128/1128
f 1129/1129/1129 1130/1130/1130 1131/1131/1131
f 1132/1132/1132 1133/1133/1133 1134/1134/1134
f 1135/1135/1135 1136/1136/1136 1137/1137/1137
f 1138/1138/1138 1139/1139/1139 1140/1140/1140
f 1141/1141/1141 1142/1142/1142 1143/1143/1143
f 1144/1144/1144 1145/1145/1145 1146/1146/1146
f 1147/1147/1147 1148/1148/1148 1149/1149/1149
f 1150/1150/1150 1151/1151/1151 1152/1152/1152
f 1153/1153/1153 1154/1154/1154 1155/1155/1155
f 1156/1156/1156 1157/1157/1157 1158/1158/1158
f 1159/1159/1159 1160/1160/1160 1161/1161/1161
f 1162/1162/1162 1163/1163/1163 1164/1164/1164
f 1165/1165/1165 1166/1166/1166 1167/1167/1167
f 1168/1168/1168 1169/1169/1169 1170/1170/1170
f 1171/1171/1171 1172/1172/1172 1173/1173/1173
f 1174/1174/1174 1175/1175/1175 1176/1176/1176
f 1177/1177/1177 1178/1178/1178 1179/1179/1179
f 1180/1180/1180 1181/1181/1181 1182/1182/1182
f 1183/1183/1183 1184/1184/1184 1185/1185/1185
f 1186/1186/1186 1187/1187/1187 1188/1188/1188
f 1189/1189/1189 1190/1190/1190 1191/1191/1191
f 1192/1192/1192 1193/1193/1193 1194/1194/1194
f 1195/1195/1195 1196/1196/1196 1197/1197/1197
f 1198/1198/1198 1199/1199/1199 1200/1200/1200
f 1201/1201/1201 1202/1202/1202 1203/1203/1203
f 1204/1204/1204 1205/1205/1205 1206/1206/1206
f 1207/1207/1207 1208/1208/1208 1209/1209/1209
f 1210/1210/1210 1211/1211/1211 1212/1212/1212
f 1213/1213/1213 1214/1214/1214 1215/1215/1215
f 1216/1216/1216 1217/1217/1217 1218/1218/1218
f 1219/1219/1219 1220/1220/1220 1221/1221/1221
f 1222/1222/1222 1223/1223/1223 1224/1224/1224
f 1225/1225/1225 1226/1226/1226 1227/1227/1227
f 1228/1228/1228 1229/1229/1229 1230/1230/1230
f 1231/1231/1231 1232/1232/1232 1233/1233/1233
f 1234/1234/1234 1235/1235/1235 1236/1236/1236
f 1237/1237/1237 1238/1238/1238 1239/1239/1239
f 1240/1240/1240 1241/1241/1241 1242/1242/1242
f 1243/1243/1243 1244/1244/1244 1245/1245/1245
f 1246/1246/1246 1247/1247/1247 1248/1248/1248
f 1249/1249/1249 1250/1250/1250 1251/1251/1251
f 1252/1252/1252 1253/1253/1253 1254/1254/1254
f 1255/1255/1255 1256/1256/1256 1257/1257/1257
f 1258/1258/1258 1259/1259/1259 1260/1260/1260
f 1261/1261/1261 1262/1262/1262 1263/1263/1263
f 1264/1264/1264 1265/1265/1265 1266/1266/1266
f 1267/1267/1267 1268/1268/1268 1269/1269/1269
f 1270/1270/1270 1271/1271/1271 1272/1272/1272
f 1273/1273/1273 1274/1274/1274 1275/1275/1275
f 1276/1276/1276 1277/1277/1277 1278/1278/1278
f 1279/1279/1279 1280/1280/1280 1281/1281/1281
f 1282/1282/1282 1283/1283/1283 1284/1284/1284
f 1285/1285/1285 1286/1286/1286 1287/1287/1287
f 1288/1288/1288 1289/1289/1289 1290/1290/1290
f 1291/1291/1291 1292/1292/1292 1293/1293/1293
f 1294/1294/1294 1295/1295/1295 1296/1296/1296
f 1297/1297/1297 1298/1298/1298 1299/1299/1299
f 1300/1300/1300 1301/1301/1301 1302/1302/1302
f 1303/1303/1303 1304/1304/1304 1305/1305/1305
f 1306/1306/1306 1307/1307/1307 1308/1308/1308
f 1309/1309/1309 1310/1310/1310 1311/1311/1311
f 1312/1312/1312 1313/1313/1313 1314/1314/1314
f 1315/1315/1315 1316/1316/1316 1317/1317/1317
f 1318/1318/1318 1319/1319/1319 1320/1320/1320
f 1321/1321/1321 1322/1322/1322 1323/1323/1323
f 1324/1324/1324 1325/1325/1325 1326/1326/1326
f 1327/1327/1327 1328/1328/1328 1329/1329/1329
f 1330/1330/1330 1331/1331/1331 1332/1332/1332
f 1333/1333/1333 1334/1334/1334 1335/1335/1335
f 1336/1336/1336 1337/1337/1337 1338/1338/1338
f 1339/1339/1339 1340/1340/1340 1341/1341/1341
f 1342/1342/1342 1343/1343/1343 1344/1344/1344
f 1345/1345/1345 1346/1346/1346 1347/1347/1347
f 1348/1348/1348 1349/1349/1349 1350/1350/1350
f 1351/1351/1351 1352/1352/1352 1353/1353/1353
f 1354/1354/1354 1355/1355/1355 1356/1356/1356
f 1357/1357/1357 1358/1358/1358 1359/1359/1359
f 1360/1360/1360 1361/1361/1361 1362/1362/1362
f 1363/1363/1363 1364/1364/1364 1365/1365/1365
f 1366/1366/1366 1367/1367/1367 1368/1368/1368
f 1369/1369/1369 1370/1370/1370 1371/1371/1371
f 1372/1372/1372 1373/1373/1373 1374/1374/1374
f 1375/1375/1375 1376/1376/1376 1377/1377/1377
f 1378/1378/1378 1379/1379/1379 1380/1380/1380
f 1381/1381/1381 1382/1382/1382 1383/1383/1383
f 1384/1384/1384 1385/1385/1385 1386/1386/1386
f 1387/1387/1387 1388/1388/1388 1389/1389/1389
f 1390/1390/1390 1391/1391/1391 1392/1392/1392
f 1393/1393/1393 1394/1394/1394 1395/1395/1395
f 1396/1396/1396 1397/1397/1397 1398/1398/1398
f 1399/1399/1399 1400/1400/1400 1401/1401/1401
f 1402/1402/1402 1403/1403/1403 1404/1404/1404
f 1405/1405/1405 1406/1406/1406 1407/1407/1407
f 1408/1408/1408 1409/1409/1409 1410/1410/1410
f 1411/1411/1411 1412/1412/1412 1413/1413/1413
f 1414/1414/1414 1415/1415/1415 1416/1416/1416
f 1417/1417/1417 1418/1418/1418 1419/1419/1419
f 1420/1420/1420 1421/1421/1421 1422/1422/1422
f 1423/1423/1423 1424/1424/1424 1425/1425/1425
f 1426/1426/1426 1427/1427/1427 1428/1428/1428
f 1429/1429/1429 1430/1430/1430 1431/1431/1431
f 1432/1432/1432 1433/1433/1433 1434/1434/1434
f 1435/1435/1435 1436/1436/1436 1437/1437/1437
f 1438/1438/1438 1439/1439/1439 1440/1440/1440
f 1441/1441/1441 1442/1442/1442 1443/1443/1443
f 1444/1444/1444 1445/1445/1445 1446/1446/1446
f 1447/1447/1447 1448/1448/1448 1449/1449/1449
f 1450/1450/1450 1451/1451/1451 1452/1452/1452
f 1453/1453/1453 1454/1454/1454 1455/1455/1455
f 1456/1456/1456 1457/1457/1457 1458/1458/1458
f 1459/1459/1459 1460/1460/1460 1461/1461/1461
f 1462/1462/1462 1463/1463/1463 1464/1464/1464
f 1465/1465/1465 1466/1466/1466 1467/1467/1467
f 1468/1468/1468 1469/1469/1469 1470/1470/1470
f 1471/1471/1471 1472/1472/1472 1473/1473/1473
f 1474/1474/1474 1475/1475/1475 1476/1476/1476
f 1477/1477/1477 1478/1478/1478 1479/1479/1479
f 1480/1480/1480 1481/1481/1481 1482/1482/1482
f 1483/1483/1483 1484/1484/1484 1485/1485/1485
f 1486/1486/1486 1487/1487/1487 1488/1488/1488
f 1489/1489/1489 1490/1490/1490 1491/1491/1491
f 1492/1492/1492 1493/1493/1493 1494/1494/1494
f 1495/1495/1495 1496/1496/1496 1497/1497/1497
f 1498/1498/1498 1499/1499/1499 1500/1500/1500
f 1501/1501/1501 1502/1502/1502 1503/1503/1503
f 1504/1504/1504 1505/1505/1505 1506/1506/1506
f 1507/1507/1507 1508/1508/1508 1509/1509/1509
f 1510/1510/1510 1511/1511/1511 1512/1512/1512
f 1513/1513/1513 1514/1514/1514 1515/1515/1515
f 1516/1516/1516 1517/1517/1517 1518/1518/1518
f 1519/1519/1519 1520/1520/1520 1521/1521/1521
f 1522/1522/1522 1523/1523/1523 1524/1524/1524
f 1525/1525/1525 1526/1526/1526 1527/1527/1527
f 1528/1528/1528 1529/1529/1529 1530/1530/1530
f 1531/1531/1531 1532/1532/1532 1533/1533/1533
f 1534/1534/1534 1535/1535/1535 1536/1536/1536
f 1537/1537/1537 1538/1538/1538 1539/1539/1539
f 1540/1540/1540 1541/1541/1541 1542/1542/1542
f 1543/1543/1543 1544/1544/1544 1545/1545/1545
f 1546/1546/1546 1547/1547/1547 1548/1548/1548
f 1549/1549/1549 1550/1550/1550 1551/1551/1551
f 1552/1552/1552 1553/1553/1553 1554/1554/1554
f 1555/1555/1555 1556/1556/1556 1557/1557/1557
f 1558/1558/1558 1559/1559/1559 1560/1560/1560
f 1561/1561/1561 1562/1562/1562 1563/1563/1563
f 1564/1564/1564 1565/1565/1565 1566/1566/1566
f 1567/1567/1567 1568/1568/1568 1569/1569/1569
f 1570/1570/1570 1571/1571/1571 1572/1572/1572
f 1573/1573/1573 1574/1574/1574 1575/1575/1575
f 1576/1576/1576 1577/1577/1577 1578/1578/1578
f 1579/1579/1579 1580/1580/1580 1581/1581/1581
f 1582/1582/1582 1583/1583/1583 1584/1584/1584
f 1585/1585/1585 1586/1586/1586 1587/1587/1587
f 1588/1588/1588 1589/1589/1589 1590/1590/1590
f 1591/1591/1591 1592/1592/1592 1593/1593/1593
f 1594/1594/1594 1595/1595/1595 1596/1596/1596
f 1597/1597/1597 1598/1598/1598 1599/1599/1599
f 1600/1600/1600 1601/1601/1601 1602/1602/1602
f 1603/1603/1603 1604/1604/1604 1605/1605/1605
f 1606/1606/1606 1607/1607/1607 1608/1608/1608
f 1609/1609/1609 1610/1610/1610 1611/1611/1611
f 1612/1612/1612 1613/1613/1613 1614/1614/1614
f 1615/1615/1615 1616/1616/1616 1617/1617/1617
f 1618/1618/1618 1619/1619/1619 1620/1620/1620
f 1621/1621/1621 1622/1622/1622 1623/1623/1623
f 1624/1624/1624 1625/1625/1625 1626/1626/1626
f 1627/1627/1627 1628/1628/1628 1629/1629/1629
f 1630/1630/1630 1631/1631/1631 1632/1632/1632
f 1633/1633/1633 1634/1634/1634 1635/1635/1635
f 1636/1636/1636 1637/1637/1637 1638/1638/1638
f 1639/1639/1639 1640/1640/1640 1641/1641/1641
f 1642/1642/1642 1643/1643/1643 1644/1644/1644
f 1645/1645/1645 1646/1646/1646 1647/1647/1647
f 1648/1648/1648 1649/1649/1649 1650/1650/1650
f 1651/1651/1651 1652/1652/1652 1653/1653/1653
f 1654/1654/1654 1655/1655/1655 1656/1656/1656
f 1657/1657/1657 1658/1658/1658 1659/1659/1659
f 1660/1660/1660 1661/1661/1661 1662/1662/1662
f 1663/1663/1663 1664/1664/1664 1665/1665/1665
f 1666/1666/1666 1667/1667/1667 1668/1668/1668
f 1669/1669/1669 1670/1670/1670 1671/1671/1671
f 1672/1672/1672 1673/1673/1673 1674/1674/1674
f 1675/1675/1675 1676/1676/1676 1677/1677/1677
f 1678/1678/1678 1679/1679/1679 1680/1680/1680
f 1681/1681/1681 1682/1682/1682 1683/1683/1683
f 1684/1684/1684 1685/1685/1685 1686/1686/1686
f 1687/1687/1687 1688/1688/1688 1689/1689/1689
f 1690/1690/1690 1691/1691/1691 1692/1692/1692
f 1693/1693/1693 1694/1694/1694 1695/1695/1695
f 1696/1696/1696 1697/1697/1697 1698/1698/1698
f 1699/1699/1699 1700/1700/1700 1701/1701/1701
f 1702/1702/1702 1703/1703/1703 1704/1704/1704
f 1705/1705/1705 1706/1706/1706 1707/1707/1707
f 1708/1708/1708 1709/1709/1709 1710/1710/1710
f 1711/1711/1711 1712/1712/1712 1713/1713/1713
f 1714/1714/1714 1715/1715/1715 1716/1716/1716
f 1717/1717/1717 1718/1718/1718 1719/1719/1719
f 1720/1720/1720 1721/1721/1721 1722/1722/1722
f 1723/1723/1723 1724/1724/1724 1725/1725/1725
f 1726/1726/1726 1727/1727/1727 1728/1728/1728
f 1729/1729/1729 1730/1730/1730 1731/1731/1731
f 1732/1732/1732 1733/1733/1733 1734/1734/1734
f 1735/1735/1735 1736/1736/1736 1737/1737/1737
f 1738/1738/1738 1739/1739/1739 1740/1740/1740
f 1741/1741/1741 1742/1742/1742 1743/1743/1743
f 1744/1744/1744 1745/1745/1745 1746/1746/1746
f 1747/1747/1747 1748/1748/1748 1749/1749/1749
f 1750/1750/1750 1751/1751/1751 1752/1752/1752
f 1753/1753/1753 1754/1754/1754 1755/1755/1755
f 1756/1756/1756 1757/1757/1757 1758/1758/1758
f 1759/1759/1759 1760/1760/1760 1761/1761/1761
f 1762/1762/1762 1763/1763/1763 1764/1764/1764
f 1765/1765/1765 1766/1766/1766 1767/1767/1767
f 1768/1768/1768 1769/1769/1769 1770/1770/1770
f 1771/1771/1771 1772/1772/1772 1773/1773/1773
f 1774/1774/1774 1775/1775/1775 1776/1776/1776
f 1777/1777/1777 1778/1778/1778 1779/1779/1779
f 1780/1780/1780 1781/1781/1781 1782/1782/1782
f 1783/1783/1783 1784/1784/1784 1785/1785/1785
f 1786/1786/1786 1787/1787/1787 1788/1788/1788
f 1789/1789/1789 1790/1790/1790 1791/1791/1791
f 1792/1792/1792 1793/1793/1793 1794/1794/1794
f 1795/1795/1795 1796/1796/1796 1797/1797/1797
f 1798/1798/1798 1799/1799/1799 1800/1800/1800
f 1801/1801/1801 1802/1802/1802 1803/1803/1803
f 1804/1804/1804 1805/1805/1805 1806/1806/1806
f 1807/1807/1807 1808/1808/1808 1809/1809/1809
f 1810/1810/1810 1811/1811/1811 1812/1812/1812
f 1813/1813/1813 1814/1814/1814 1815/1815/1815
f 1816/1816/1816 1817/1817/1817 1818/1818/1818
f 1819/1819/1819 1820/1820/1820 1821/1821/1821
f 1822/1822/1822 1823/1823/1823 1824/1824/1824
f 1825/1825/1825 1826/1826/1826 1827/1827/1827
f 1828/1828/1828 1829/1829/1829 1830/1830/1830
f 1831/1831/1831 1832/1832/1832 1833/1833/1833
f 1834/1834/1834 1835/1835/1835 1836/1836/1836
f 1837/1837/1837 1838/1838/1838 1839/1839/1839
f 1840/1840/1840 1841/1841/1841 1842/1842/1842
f 1843/1843/1843 1844/1844/1844 1845/1845/1845
f 1846/1846/1846 1847/1847/1847 1848/1848/1848
f 1849/1849/1849 1850/1850/1850 1851/1851/1851
f 1852/1852/1852 1853/1853/1853 1854/1854/1854
f 1855/1855/1855 1856/1856/1856 1857/1857/1857
f 1858/1858/1858 1859/1859/1859 1860/1860/1860
f 1861/1861/1861 1862/1862/1862 1863/1863/1863
f 1864/1864/1864 1865/1865/1865 1866/1866/1866
f 1867/1867/1867 1868/1868/1868 1869/1869/1869
f 1870/1870/1870 1871/1871/1871 1872/1872/1872
f 1873/1873/1873 1874/1874/1874 1875/1875/1875
f 1876/1876/1876 1877/1877/1877 1878/1878/1878
f 1879/1879/1879 1880/1880/1880 1881/1881/1881
f 1882/1882/1882 1883/1883/1883 1884/1884/1884
f 1885/1885/1885 1886/1886/1886 1887/1887/1887
f 1888/1888/1888 1889/1889/1889 1890/1890/1890
f 1891/1891/1891 1892/1892/1892 1893/1893/1893
f 1894/1894/1894 1895/1895/1895 1896/1896/1896
f 1897/1897/1897 1898/1898/1898 1899/1899/1899
f 1900/1900/1900 1901/1901/1901 1902/1902/1902
f 1903/1903/1903 1904/1904/1904 1905/1905/1905
f 1906/1906/1906 1907/1907/1907 1908/1908/1908
f 1909/1909/1909 1910/1910/1910 1911/1911/1911
f 1912/1912/1912 1913/1913/1913 1914/1914/1914
f 1915/1915/1915 1916/1916/1916 1917/1917/1917
f 1918/1918/1918 1919/1919/1919 1920/1920/1920
f 1921/1921/1921 1922/1922/1922 1923/1923/1923
f 1924/1924/1924 1925/1925/1925 1926/1926/1926
f 1927/1927/1927 1928/1928/1928 1929/1929/1929
f 1930/1930/1930 1931/1931/1931 1932/1932/1932
f 1933/1933/1933 1934/1934/1934 1935/1935/1935
f 1936/1936/1936 1937/1937/1937 1938/1938/1938
f 1939/1939/1939 1940/1940/1940 1941/1941/1941
f 1942/1942/1942 1943/1943/1943 1944/1944/1944
f 1945/1945/1945 1946/1946/1946 1947/1947/1947
f 1948/1948/1948 1949/1949/1949 1950/1950/1950
f 1951/1951/1951 1952/1952/1952 1953/1953/1953
f 1954/1954/1954 1955/1955/1955 1956/1956/1956
f 1957/1957/1957 1958/1958/1958 1959/1959/1959
f 1960/1960/1960 1961/1961/1961 1962/1962/1962
f 1963/1963/1963 1964/1964/1964 1965/1965/1965
f 1966/1966/1966 1967/1967/1967 1968/1968/1968
f 1969/1969/1969 1970/1970/1970 1971/1971/1971
f 1972/1972/1972 1973/1973/1973 1974/1974/1974
f 1975/1975/1975 1976/1976/1976 1977/1977/1977
f 1978/1978/1978 1979/1979/1979 1980/1980/1980
f 1981/1981/1981 1982/1982/1982 1983/1983/1983
f 1984/1984/1984 1985/1985/1985 1986/1986/1986
f 1987/1987/1987 1988/1988/1988 1989/1989/1989
f 1990/1990/1990 1991/1991/1991 1992/1992/1992
f 1993/1993/1993 1994/1994/1994 1995/1995/1995
f 1996/1996/1996 1997/1997/1997 1998/1998/1998
f 1999/1999/1999 2000/2000/2000 2001/2001/2001
f 2002/2002/2002 2003/2003/2003 2004/2004/2004
f 2005/2005/2005 2006/2006/2006 2007/2007/2007
f 2008/2008/2008 2009/2009/2009 2010/2010/2010
f 2011/2011/2011 2012/2012/2012 2013/2013/2013
f 2014/2014/2014 2015/2015/2015 2016/2016/2016
f 2017/2017/2017 2018/2018/2018 2019/2019/2019
f 2020/2020/2020 2021/2021/2021 2022/2022/2022
f 2023/2023/2023 2024/2024/2024 2025/2025/2025
f 2026/2026/2026 2027/2027/2027 2028/2028/2028
f 2029/2029/2029 2030/2030/2030 2031/2031/2031
f 2032/2032/2032 2033/2033/2033 2034/2034/2034
f 2035/2035/2035 2036/2036/2036 2037/2037/2037
f 2038/2038/2038 2039/2039/2039 2040/2040/2040
f 2041/2041/2041 2042/2042/2042 2043/2043/2043
f 2044/2044/2044 2045/2045/2045 2046/2046/2046
f 2047/2047/2047 2048/2048/2048 2049/2049/2049
f 2050/2050/2050 2051/2051/2051 2052/2052/2052
f 2053/2053/2053 2054/2054/2054 2055/2055/2055
f 2056/2056/2056 2057/2057/2057 2058/2058/2058
f 2059/2059/2059 2060/2060/2060 2061/2061/2061
f 2062/2062/2062 2063/2063/2063 2064/2064/2064
f 2065/2065/2065 2066/2066/2066 2067/2067/2067
f 2068/2068/2068 2069/2069/2069 2070/2070/2070
f 2071/2071/2071 2072/2072/2072 2073/2073/2073
f 2074/2074/2074 2075/2075/2075 2076/2076/2076
f 2077/2077/2077 2078/2078/2078 2079/2079/2079
f 2080/2080/2080 2081/2081/2081 2082/2082/2082
f 2083/2083/2083 2084/2084/2084 2085/2085/2085
f 2086/2086/2086 2087/2087/2087 2088/2088/2088
f 2089/2089/2089 2090/2090/2090 2091/2091/2091
f 2092/2092/2092 2093/2093/2093 2094/2094/2094
f 2095/2095/2095 2096/2096/2096 2097/2097/2097
f 2098/2098/2098 2099/2099/2099 2100/2100/2100
f 2101/2101/2101 2102/2102/2102 2103/2103/2103
f 2104/2104/2104 2105/2105/2105 2106/2106/2106
f 2107/2107/2107 2108/2108/2108 2109/2109/2109
f 2110/2110/2110 2111/2111/2111 2112/2112/2112
f 2113/2113/2113 2114/2114/2114 2115/2115/2115
f 2116/2116/2116 2117/2117/2117 2118/2118/2118
f 2119/2119/2119 2120/2120/2120 2121/2121/2121
f 2122/2122/2122 2123/2123/2123 2124/2124/2124
f 2125/2125/2125 2126/2126/2126 2127/2127/2127
f 2128/2128/2128 2129/2129/2129 2130/2130/2130
f 2131/2131/2131 2132/2132/2132 2133/2133/2133
f 2134/2134/2134 2135/2135/2135 2136/2136/2136
f 2137/2137/2137 2138/2138/2138 2139/2139/2139
f 2140/2140/2140 2141/2141/2141 2142/2142/2142
f 2143/2143/2143 2144/2144/2144 2145/2145/2145
f 2146/2146/2146 2147/2147/2147 2148/2148/2148
f 2149/2149/2149 2150/2150/2150 2151/2151/2151
f 2152/2152/2152 2153/2153/2153 2154/2154/2154
f 2155/2155/2155 2156/2156/2156 2157/2157/2157
f 2158/2158/2158 2159/2159/2159 2160/2160/2160
f 2161/2161/2161 2162/2162/2162 2163/2163/2163
f 2164/2164/2164 2165/2165/2165 2166/2166/2166
f 2167/2167/2167 2168/2168/2168 2169/2169/2169
f 2170/2170/2170 2171/2171/2171 2172/2172/2172
f 2173/2173/2173 2174/2174/2174 2175/2175/2175
f 2176/2176/2176 2177/2177/2177 2178/2178/2178
f 2179/2179/2179 2180/2180/2180 2181/2181/2181
f 2182/2182/2182 2183/2183/2183 2184/2184/2184
f 2185/2185/2185 2186/2186/2186 2187/2187/2187
f 2188/2188/2188 2189/2189/2189 2190/2190/2190
f 2191/2191/2191 2192/2192/2192 2193/2193/2193
f 2194/2194/2194 2195/2195/2195 2196/2196/2196
f 2197/2197/2197 2198/2198/2198 2199/2199/2199
f 2200/2200/2200 2201/2201/2201 2202/2202/2202
f 2203/2203/2203 2204/2204/2204 2205/2205/2205
f 2206/2206/2206 2207/2207/2207 2208/2208/2208
f 2209/2209/2209 2210/2210/2210 2211/2211/2211
f 2212/2212/2212 2213/2213/2213 2214/2214/2214
f 2215/2215/2215 2216/2216/2216 2217/2217/2217
f 2218/2218/2218 2219/2219/2219 2220/2220/2220
f 2221/2221/2221 2222/2222/2222 2223/2223/2223
f 2224/2224/2224 2225/2225/2225 2226/2226/2226
f 2227/2227/2227 2228/2228/2228 2229/2229/2229
f 2230/2230/2230 2231/2231/2231 2232/2232/2232
f 2233/2233/2233 2234/2234/2234 2235/2235/2235
f 2236/2236/2236 2237/2237/2237 2238/2238/2238
f 2239/2239/2239 2240/2240/2240 2241/2241/2241
f 2242/2242/2242 2243/2243/2243 2244/2244/2244
f 2245/2245/2245 2246/2246/2246 2247/2247/2247
f 2248/2248/2248 2249/2249/2249 2250/2250/2250
f 2251/2251/2251 2252/2252/2252 2253/2253/2253
f 2254/2254/2254 2255/2255/2255 2256/2256/2256
f 2257/2257/2257 2258/2258/2258 2259/2259/2259
f 2260/2260/2260 2261/2261/2261 2262/2262/2262
f 2263/2263/2263 2264/2264/2264 2265/2265/2265
f 2266/2266/2266 2267/2267/2267 2268/2268/2268
f 2269/2269/2269 2270/2270/2270 2271/2271/2271
f 2272/2272/2272 2273/2273/2273 2274/2274/2274
f 2275/2275/2275 2276/2276/2276 2277/2277/2277
f 2278/2278/2278 2279/2279/2279 2280/2280/2280
f 2281/2281/2281 2282/2282/2282 2283/2283/2283
f 2284/2284/2284 2285/2285/2285 2286/2286/2286
f 2287/2287/2287 2288/2288/2288 2289/2289/2289
f 2290/2290/2290 2291/2291/2291 2292/2292/2292
f 2293/2293/2293 2294/2294/2294 2295/2295/2295
f 2296/2296/2296 2297/2297/2297 2298/2298/2298
f 2299/2299/2299 2300/2300/2300 2301/2301/2301
f 2302/2302/2302 2303/2303/2303 2304/2304/2304
f 2305/2305/2305 2306/2306/2306 2307/2307/2307
f 2308/2308/2308 2309/2309/2309 2310/2310/2310
f 2311/2311/2311 2312/2312/2312 2313/2313/2313
f 2314/2314/2314 2315/2315/2315 2316/2316/2316
f 2317/2317/2317 2318/2318/2318 2319/2319/2319
f 2320/2320/2320 2321/2321/2321 2322/2322/2322
f 2323/2323/2323 2324/2324/2324 2325/2325/2325
f 2326/2326/2326 2327/2327/2327 2328/2328/2328
f 2329/2329/2329 2330/2330/2330 2331/2331/2331
f 2332/2332/2332 2333/2333/2333 2334/2334/2334
f 2335/2335/2335 2336/2336/2336 2337/2337/2337
f 2338/2338/2338 2339/2339/2339 2340/2340/2340
f 2341/2341/2341 2342/2342/2342 2343/2343/2343
f 2344/2344/2344 2345/2345/2345 2346/2346/2346
f 2347/2347/2347 2348/2348/2348 2349/2349/2349
f 2350/2350/2350 2351/2351/2351 2352/2352/2352
f 2353/2353/2353 2354/2354/2354 2355/2355/2355
f 2356/2356/2356 2357/2357/2357 2358/2358/2358
f 2359/2359/2359 2360/2360/2360 2361/2361/2361
f 2362/2362/2362 2363/2363/2363 2364/2364/2364
f 2365/2365/2365 2366/2366/2366 2367/2367/2367
f 2368/2368/2368 2369/2369/2369 2370/2370/2370
f 2371/2371/2371 2372/2372/2372 2373/2373/2373
f 2374/2374/2374 2375/2375/2375 2376/2376/2376
f 2377/2377/2377 2378/2378/2378 2379/2379/2379
f 2380/2380/2380 2381/2381/2381 2382/2382/2382
f 2383/2383/2383 2384/2384/2384 2385/2385/2385
f 2386/2386/2386 2387/2387/2387 2388/2388/2388
f 2389/2389/2389 2390/2390/2390 2391/2391/2391
f 2392/2392/2392 2393/2393/2393 2394/2394/2394
f 2395/2395/2395 2396/2396/2396 2397/2397/2397
f 2398/2398/2398 2399/2399/2399 2400/2400/2400
f 2401/2401/2401 2402/2402/2402 2403/2403/2403
f 2404/2404/2404 2405/2405/2405 2406/2406/2406
f 2407/2407/2407 2408/2408/2408 2409/2409/2409
f 2410/2410/2410 2411/2411/2411 2412/2412/2412
f 2413/2413/2413 2414/2414/2414 2415/2415/2415
f 2416/2416/2416 2417/2417/2417 2418/2418/2418
f 2419/2419/2419 2420/2420/2420 2421/2421/2421
f 2422/2422/2422 2423/2423/2423 2424/2424/2424
f 2425/2425/2425 2426/2426/2426 2427/2427/2427
f 2428/2428/2428 2429/2429/2429 2430/2430/2430
f 2431/2431/2431 2432/2432/2432 2433/2433/2433
f 2434/2434/2434 2435/2435/2435 2436/2436/2436
f 2437/2437/2437 2438/2438/2438 2439/2439/2439
f 2440/2440/2440 2441/2441/2441 2442/2442/2442
f 2443/2443/2443 2444/2444/2444 2445/2445/2445
f 2446/2446/2446 2447/2447/2447 2448/2448/2448
f 2449/2449/2449 2450/2450/2450 2451/2451/2451
f 2452/2452/2452 2453/2453/2453 2454/2454/2454
f 2455/2455/2455 2456/2456/2456 2457/2457/2457
f 2458/2458/2458 2459/2459/2459 2460/2460/2460
f 2461/2461/2461 2462/2462/2462 2463/2463/2463
f 2464/2464/2464 2465/2465/2465 2466/2466/2466
f 2467/2467/2467 2468/2468/2468 2469/2469/2469
f 2470/2470/2470 2471/2471/2471 2472/2472/2472
f 2473/2473/2473 2474/2474/2474 2475/2475/2475
f 2476/2476/2476 2477/2477/2477 2478/2478/2478
f 2479/2479/2479 2480/2480/2480 2481/2481/2481
f 2482/2482/2482 2483/2483/2483 2484/2484/2484
f 2485/2485/2485 2486/2486/2486 2487/2487/2487
f 2488/2488/2488 2489/2489/2489 2490/2490/2490
f 2491/2491/2491 2492/2492/2492 2493/2493/2493
f 2494/2494/2494 2495/2495/2495 2496/2496/2496
f 2497/2497/2497 2498/2498/2498 2499/2499/2499
f 2500/2500/2500 2501/2501/2501 2502/2502/2502
f 2503/2503/2503 2504/2504/2504 2505/2505/2505
f 2506/2506/2506 2507/2507/2507 2508/2508/2508
f 2509/2509/2509 2510/2510/2510 2511/2511/2511
f 2512/2512/2512 2513/2513/2513 2514/2514/2514
f 2515/2515/2515 2516/2516/2516 2517/2517/2517
f 2518/2518/2518 2519/2519/2519 2520/2520/2520
f 2521/2521/2521 2522/2522/2522 2523/2523/2523
f 2524/2524/2524 2525/2525/2525 2526/2526/2526
f 2527/2527/2527 2528/2528/2528 2529/2529/2529
f 2530/2530/2530 2531/2531/2531 2532/2532/2532
f 2533/2533/2533 2534/2534/2534 2535/2535/2535
f 2536/2536/2536 2537/2537/2537 2538/2538/2538
f 2539/2539/2539 2540/2540/2540 2541/2541/2541
f 2542/2542/2542 2543/2543/2543 2544/2544/2544
f 2545/2545/2545 2546/2546/2546 2547/2547/2547
f 2548/2548/2548 2549/2549/2549 2550/2550/2550
f 2551/2551/2551 2552/2552/2552 2553/2553/2553
f 2554/2554/2554 2555/2555/2555 2556/2556/2556
f 2557/2557/2557 2558/2558/2558 2559/2559/2559
f 2560/2560/2560 2561/2561/2561 2562/2562/2562
f 2563/2563/2563 2564/2564/2564 2565/2565/2565
f 2566/2566/2566 2567/2567/2567 2568/2568/2568
f 2569/2569/2569 2570/2570/2570 2571/2571/2571
f 2572/2572/2572 2573/2573/2573 2574/2574/2574
f 2575/2575/2575 2576/2576/2576 2577/2577/2577
f 2578/2578/2578 2579/2579/2579 2580/2580/2580
f 2581/2581/2581 2582/2582/2582 2583/2583/2583
f 2584/2584/2584 2585/2585/2585 2586/2586/2586
f 2587/2587/2587 2588/2588/2588 2589/2589/2589
f 2590/2590/2590 2591/2591/2591 2592/2592/2592
f 2593/2593/2593 2594/2594/2594 2595/2595/2595
f 2596/2596/2596 2597/2597/2597 2598/2598/2598
f 2599/2599/2599 2600/2600/2600 2601/2601/2601
f 2602/2602/2602 2603/2603/2603 2604/2604/2604
f 2605/2605/2605 2606/2606/2606 2607/2607/2607
f 2608/2608/2608 2609/2609/2609 2610/2610/2610
f 2611/2611/2611 2612/2612/2612 2613/2613/2613
f 2614/2614/2614 2615/2615/2615 2616/2616/2616
f 2617/2617/2617 2618/2618/2618 2619/2619/2619
f 2620/2620/2620 2621/2621/2621 2622/2622/2622
f 2623/2623/2623 2624/2624/2624 2625/2625/2625
f 2626/2626/2626 2627/2627/2627 2628/2628/2628
f 2629/2629/2629 2630/2630/2630 2631/2631/2631
f 2632/2632/2632 2633/2633/2633 2634/2634/2634
f 2635/2635/2635 2636/2636/2636 2637/2637/2637
f 2638/2638/2638 2639/2639/2639 2640/2640/2640
f 2641/2641/2641 2642/2642/2642 2643/2643/2643
f 2644/2644/2644 2645/2645/2645 2646/2646/2646
f 2647/2647/2647 2648/2648/2648 2649/2649/2649
f 2650/2650/2650 2651/2651/2651 2652/2652/2652
f 2653/2653/2653 2654/2654/2654 2655/2655/2655
f 2656/2656/2656 2657/2657/2657 2658/2658/2658
f 2659/2659/2659 2660/2660/2660 2661/2661/2661
f 2662/2662/2662 2663/2663/2663 2664/2664/2664
f 2665/2665/2665 2666/2666/2666 2667/2667/2667
f 2668/2668/2668 2669/2669/2669 2670/2670/2670
f 2671/2671/2671 2672/2672/2672 2673/2673/2673
f 2674/2674/2674 2675/2675/2675 2676/2676/2676
f 2677/2677/2677 2678/2678/2678 2679/2679/2679
f 2680/2680/2680 2681/2681/2681 2682/2682/2682
f 2683/2683/2683 2684/2684/2684 2685/2685/2685
f 2686/2686/2686 2687/2687/2687 2688/2688/2688
f 2689/2689/2689 2690/2690/2690 2691/2691/2691
f 2692/2692/2692 2693/2693/2693 2694/2694/2694
f 2695/2695/2695 2696/2696/2696 2697/2697/2697
f 2698/2698/2698 2699/2699/2699 2700/2700/2700
f 2701/2701/2701 2702/2702/2702 2703/2703/2703
f 2704/2704/2704 2705/2705/2705 2706/2706/2706
f 2707/2707/2707 2708/2708/2708 2709/2709/2709
f 2710/2710/2710 2711/2711/2711 2712/2712/2712
f 2713/2713/2713 2714/2714/2714 2715/2715/2715
f 2716/2716/2716 2717/2717/2717 2718/2718/2718
f 2719/2719/2719 2720/2720/2720 2721/2721/2721
f 2722/2722/2722 2723/2723/2723 2724/2724/2724
f 2725/2725/2725 2726/2726/2726 2727/2727/2727
f 2728/2728/2728 2729/2729/2729 2730/2730/2730
f 2731/2731/2731 2732/2732/2732 2733/2733/2733
f 2734/2734/2734 2735/2735/2735 2736/2736/2736
f 2737/2737/2737 2738/2738/2738 2739/2739/2739
f 2740/2740/2740 2741/2741/2741 2742/2742/2742
f 2743/2743/2743 2744/2744/2744 2745/2745/2745
f 2746/2746/2746 2747/2747/2747 2748/2748/2748
f 2749/2749/2749 2750/2750/2750 2751/2751/2751
f 2752/2752/2752 2753/2753/2753 2754/2754/2754
f 2755/2755/2755 2756/2756/2756 2757/2757/2757
f 2758/2758/2758 2759/2759/2759 2760/2760/2760
f 2761/2761/2761 2762/2762/2762 2763/2763/2763
f 2764/2764/2764 2765/2765/2765 2766/2766/2766
f 2767/2767/2767 2768/2768/2768 2769/2769/2769
f 2770/2770/2770 2771/2771/2771 2772/2772/2772
f 2773/2773/2773 2774/2774/2774 2775/2775/2775
f 2776/2776/2776 2777/2777/2777 2778/2778/2778
f 2779/2779/2779 2780/2780/2780 2781/2781/2781
f 2782/2782/2782 2783/2783/2783 2784/2784/2784
f 2785/2785/2785 2786/2786/2786 2787/2787/2787
f 2788/2788/2788 2789/2789/2789 2790/2790/2790
f 2791/2791/2791 2792/2792/2792 2793/2793/2793
f 2794/2794/2794 2795/2795/2795 2796/2796/2796
f 2797/2797/2797 2798/2798/2798 2799/2799/2799
f 2800/2800/2800 2801/2801/2801 2802/2802/2802
f 2803/2803/2803 2804/2804/2804 2805/2805/2805
f 2806/2806/2806 2807/2807/2807 2808/2808/2808
f 2809/2809/2809 2810/2810/2810 2811/2811/2811
f 2812/2812/2812 2813/2813/2813 2814/2814/2814
f 2815/2815/2815 2816/2816/2816 2817/2817/2817
f 2818/2818/2818 2819/2819/2819 2820/2820/2820
f 2821/2821/2821 2822/2822/2822 2823/2823/2823
f 2824/2824/2824 2825/2825/2825 2826/2826/2826
f 2827/2827/2827 2828/2828/2828 2829/2829/2829
f 2830/2830/2830 2831/2831/2831 2832/2832/2832
f 2833/2833/2833 2834/2834/2834 2835/2835/2835
f 2836/2836/2836 2837/2837/2837 2838/2838/2838
f 2839/2839/2839 2840/2840/2840 2841/2841/2841
f 2842/2842/2842 2843/2843/2843 2844/2844/2844
f 2845/2845/2845 2846/2846/2846 2847/2847/2847
f 2848/2848/2848 2849/2849/2849 2850/2850/2850
f 2851/2851/2851 2852/2852/2852 2853/2853/2853
f 2854/2854/2854 2855/2855/2855 2856/2856/2856
f 2857/2857/2857 2858/2858/2858 2859/2859/2859
f 2860/2860/2860 2861/2861/2861 2862/2862/2862
f 2863/2863/2863 2864/2864/2864 2865/2865/2865
f 2866/2866/2866 2867/2867/2867 2868/2868/2868
f 2869/2869/2869 2870/2870/2870 2871/2871/2871
f 2872/2872/2872 2873/2873/2873 2874/2874/2874
f 2875/2875/2875 2876/2876/2876 2877/2877/2877
f 2878/2878/2878 2879/2879/2879 2880/2880/2880
f 2881/2881/2881 2882/2882/2882 2883/2883/2883
f 2884/2884/2884 2885/2885/2885 2886/2886/2886
f 2887/2887/2887 2888/2888/2888 2889/2889/2889
f 2890/2890/2890 2891/2891/2891 2892/2892/2892
f 2893/2893/2893 2894/2894/2894 2895/2895/2895
f 2896/2896/2896 2897/2897/2897 2898/2898/2898
f 2899/2899/2899 2900/2900/2900 2901/2901/2901
f 2902/2902/2902 2903/2903/2903 2904/2904/2904
f 2905/2905/2905 2906/2906/2906 2907/2907/2907
f 2908/2908/2908 2909/2909/2909 2910/2910/2910
f 2911/2911/2911 2912/2912/2912 2913/2913/2913
f 2914/2914/2914 2915/2915/2915 2916/2916/2916
f 2917/2917/2917 2918/2918/2918 2919/2919/2919
f 2920/2920/2920 2921/2921/2921 2922/2922/2922
f 2923/2923/2923 2924/2924/2924 2925/2925/2925
f 2926/2926/2926 2927/2927/2927 2928/2928/2928
f 2929/2929/2929 2930/2930/2930 2931/2931/2931
f 2932/2932/2932 2933/2933/2933 2934/2934/2934
f 2935/2935/2935 2936/2936/2936 2937/2937/2937
f 2938/2938/2938 2939/2939/2939 2940/2940/2940
f 2941/2941/2941 2942/2942/2942 2943/2943/2943
f 2944/2944/2944 2945/2945/2945 2946/2946/2946
f 2947/2947/2947 2948/2948/2948 2949/2949/2949
f 2950/2950/2950 2951/2951/2951 2952/2952/2952
f 2953/2953/2953 2954/2954/2954 2955/2955/2955
f 2956/2956/2956 2957/2957/2957 2958/2958/2958
f 2959/2959/2959 2960/2960/2960 2961/2961/2961
f 2962/2962/2962 2963/2963/2963 2964/2964/2964
f 2965/2965/2965 2966/2966/2966 2967/2967/2967
f 2968/2968/2968 2969/2969/2969 2970/2970/2970
f 2971/2971/2971 2972/2972/2972 2973/2973/2973
f 2974/2974/2974 2975/2975/2975 2976/2976/2976
f 2977/2977/2977 2978/2978/2978 2979/2979/2979
f 2980/2980/2980 2981/2981/2981 2982/2982/2982
f 2983/2983/2983 2984/2984/2984 2985/2985/2985
f 2986/2986/2986 2987/2987/2987 2988/2988/2988
f 2989/2989/2989 2990/2990/2990 2991/2991/2991
f 2992/2992/2992 2993/2993/2993 2994/2994/2994
f 2995/2995/2995 2996/2996/2996 2997/2997/2997
f 2998/2998/2998 2999/2999/2999 3000/3000/3000
f 3001/3001/3001 3002/3002/3002 3003/3003/3003
f 3004/3004/3004 3005/3005/3005 3006/3006/3006
f 3007/3007/3007 3008/3008/3008 3009/3009/3009
f 3010/3010/3010 3011/3011/3011 3012/3012/3012
f 3013/3013/3013 3014/3014/3014 3015/3015/3015
f 3016/3016/3016 3017/3017/3017 3018/3018/3018
f 3019/3019/3019 3020/3020/3020 3021/3021/3021
f 3022/3022/3022 3023/3023/3023 3024/3024/3024
f 3025/3025/3025 3026/3026/3026 3027/3027/3027
f 3028/3028/3028 3029/3029/3029 3030/3030/3030
f 3031/3031/3031 3032/3032/3032 3033/3033/3033
f 3034/3034/3034 3035/3035/3035 3036/3036/3036
f 3037/3037/3037 3038/3038/3038 3039/3039/3039
f 3040/3040/3040 3041/3041/3041 3042/3042/3042
f 3043/3043/3043 3044/3044/3044 3045/3045/3045
f 3046/3046/3046 3047/3047/3047 3048/3048/3048
f 3049/3049/3049 3050/3050/3050 3051/3051/3051
f 3052/3052/3052 3053/3053/3053 3054/3054/3054
f 3055/3055/3055 3056/3056/3056 3057/3057/3057
f 3058/3058/3058 3059/3059/3059 3060/3060/3060
f 3061/3061/3061 3062/3062/3062 3063/3063/3063
f 3064/3064/3064 3065/3065/3065 3066/3066/3066
f 3067/3067/3067 3068/3068/3068 3069/3069/3069
f 3070/3070/3070 3071/3071/3071 3072/3072/3072
f 3073/3073/3073 3074/3074/3074 3075/3075/3075
f 3076/3076/3076 3077/3077/3077 3078/3078/3078
f 3079/3079/3079 3080/3080/3080 3081/3081/3081
f 3082/3082/3082 3083/3083/3083 3084/3084/3084
f 3085/3085/3085 3086/3086/3086 3087/3087/3087
f 3088/3088/3088 3089/3089/3089 3090/3090/3090
f 3091/3091/3091 3092/3092/3092 3093/3093/3093
f 3094/3094/3094 3095/3095/3095 3096/3096/3096
f 3097/3097/3097 3098/3098/3098 3099/3099/3099
f 3100/3100/3100 3101/3101/3101 3102/3102/3102
f 3103/3103/3103 3104/3104/3104 3105/3105/3105
f 3106/3106/3106 3107/3107/3107 3108/3108/3108
f 3109/3109/3109 3110/3110/3110 3111/3111/3111
f 3112/3112/3112 3113/3113/3113 3114/3114/3114
f 3115/3115/3115 3116/3116/3116 3117/3117/3117
f 3118/3118/3118 3119/3119/3119 3120/3120/3120
f 3121/3121/3121 3122/3122/3122 3123/3123/3123
f 3124/3124/3124 3125/3125/3125 3126/3126/3126
f 3127/3127/3127 3128/3128/3128 3129/3129/3129
f 3130/3130/3130 3131/3131/3131 3132/3132/3132
f 3133/3133/3133 3134/3134/3134 3135/3135/3135
f 3136/3136/3136 3137/3137/3137 3138/3138/3138
f 3139/3139/3139 3140/3140/3140 3141/3141/3141
f 3142/3142/3142 3143/3143/3143 3144/3144/3144
f 3145/3145/3145 3146/3146/3146 3147/3147/3147
f 3148/3148/3148 3149/3149/3149 3150/3150/3150
f 3151/3151/3151 3152/3152/3152 3153/3153/3153
f 3154/3154/3154 3155/3155/3155 3156/3156/3156
f 3157/3157/3157 3158/3158/3158 3159/3159/3159
f 3160/3160/3160 3161/3161/3161 3162/3162/3162
f 3163/3163/3163 3164/3164/3164 3165/3165/3165
f 3166/3166/3166 3167/3167/3167 3168/3168/3168
f 3169/3169/3169 3170/3170/3170 3171/3171/3171
f 3172/3172/3172 3173/3173/3173 3174/3174/3174
f 3175/3175/3175 3176/3176/3176 3177/3177/3177
f 3178/3178/3178 3179/3179/3179 3180/3180/3180
f 3181/3181/3181 3182/3182/3182 3183/3183/3183
f 3184/3184/3184 3185/3185/3185 3186/3186/3186
f 3187/3187/3187 3188/3188/3188 3189/3189/3189
f 3190/3190/3190 3191/3191/3191 3192/3192/3192
f 3193/3193/3193 3194/3194/3194 3195/3195/3195
f 3196/3196/3196 3197/3197/3197 3198/3198/3198
f 3199/3199/3199 3200/3200/3200 3201/3201/3201
f 3202/3202/3202 3203/3203/3203 3204/3204/3204
f 3205/3205/3205 3206/3206/3206 3207/3207/3207
f 3208/3208/3208 3209/3209/3209 3210/3210/3210
f 3211/3211/3211 3212/3212/3212 3213/3213/3213
f 3214/3214/3214 3215/3215/3215 3216/3216/3216
f 3217/3217/3217 3218/3218/3218 3219/3219/3219
f 3220/3220/3220 3221/3221/3221 3222/3222/3222
f 3223/3223/3223 3224/3224/3224 3225/3225/3225
f 3226/3226/3226 3227/3227/3227 3228/3228/3228
f 3229/3229/3229 3230/3230/3230 3231/3231/3231
f 3232/3232/3232 3233/3233/3233 3234/3234/3234
f 3235/3235/3235 3236/3236/3236 3237/3237/3237
f 3238/3238/3238 3239/3239/3239 3240/3240/3240
f 3241/3241/3241 3242/3242/3242 3243/3243/3243
f 3244/3244/3244 3245/3245/3245 3246/3246/3246
f 3247/3247/3247 3248/3248/3248 3249/3249/3249
f 3250/3250/3250 3251/3251/3251 3252/3252/3252
f 3253/3253/3253 3254/3254/3254 3255/3255/3255
f 3256/3256/3256 3257/3257/3257 3258/3258/3258
f 3259/3259/3259 3260/3260/3260 3261/3261/3261
f 3262/3262/3262 3263/3263/3263 3264/3264/3264
f 3265/3265/3265 3266/3266/3266 3267/3267/3267
f 3268/3268/3268 3269/3269/3269 3270/3270/3270
f 3271/3271/3271 3272/3272/3272 3273/3273/3273
f 3274/3274/3274 3275/3275/3275 3276/3276/3276
f 3277/3277/3277 3278/3278/3278 3279/3279/3279
f 3280/3280/3280 3281/3281/3281 3282/3282/3282
f 3283/3283/3283 3284/3284/3284 3285/3285/3285
f 3286/3286/3286 3287/3287/3287 3288/3288/3288
f 3289/3289/3289 3290/3290/3290 3291/3291/3291
f 3292/3292/3292 3293/3293/3293 3294/3294/3294
f 3295/3295/3295 3296/3296/3296 3297/3297/3297
f 3298/3298/3298 3299/3299/3299 3300/3300/3300
f 3301/3301/3301 3302/3302/3302 3303/3303/3303
f 3304/3304/3304 3305/3305/3305 3306/3306/3306
f 3307/3307/3307 3308/3308/3308 3309/3309/3309
f 3310/3310/3310 3311/3311/3311 3312/3312/3312
f 3313/3313/3313 3314/3314/3314 3315/3315/3315
f 3316/3316/3316 3317/3317/3317 3318/3318/3318
f 3319/3319/3319 3320/3320/3320 3321/3321/3321
f 3322/3322/3322 3323/3323/3323 3324/3324/3324
f 3325/3325/3325 3326/3326/3326 3327/3327/3327
f 3328/3328/3328 3329/3329/3329 3330/3330/3330
f 3331/3331/3331 3332/3332/3332 3333/3333/3333
f 3334/3334/3334 3335/3335/3335 3336/3336/3336
f 3337/3337/3337 3338/3338/3338 3339/3339/3339
f 3340/3340/3340 3341/3341/3341 3342/3342/3342
f 3343/3343/3343 3344/3344/3344 3345/3345/3345
f 3346/3346/3346 3347/3347/3347 3348/3348/3348
f 3349/3349/3349 3350/3350/3350 3351/3351/3351
f 3352/3352/3352 3353/3353/3353 3354/3354/3354
f 3355/3355/3355 3356/3356/3356 3357/3357/3357
f 3358/3358/3358 3359/3359/3359 3360/3360/3360
f 3361/3361/3361 3362/3362/3362 3363/3363/3363
f 3364/3364/3364 3365/3365/3365 3366/3366/3366
f 3367/3367/3367 3368/3368/3368 3369/3369/3369
f 3370/3370/3370 3371/3371/3371 3372/3372/3372
f 3373/3373/3373 3374/3374/3374 3375/3375/3375
f 3376/3376/3376 3377/3377/3377 3378/3378/3378
f 3379/3379/3379 3380/3380/3380 3381/3381/3381
f 3382/3382/3382 3383/3383/3383 3384/3384/3384
f 3385/3385/3385 3386/3386/3386 3387/3387/3387
f 3388/3388/3388 3389/3389/3389 3390/3390/3390
f 3391/3391/3391 3392/3392/3392 3393/3393/3393
f 3394/3394/3394 3395/3395/3395 3396/3396/3396
f 3397/3397/3397 3398/3398/3398 3399/3399/3399
f 3400/3400/3400 3401/3401/3401 3402/3402/3402
f 3403/3403/3403 3404/3404/3404 3405/3405/3405
f 3406/3406/3406 3407/3407/3407 3408/3408/3408
f 3409/3409/3409 3410/3410/3410 3411/3411/3411
f 3412/3412/3412 3413/3413/3413 3414/3414/3414
f 3415/3415/3415 3416/3416/3416 3417/3417/3417
f 3418/3418/3418 3419/3419/3419 3420/3420/3420
f 3421/3421/3421 3422/3422/3422 3423/3423/3423
f 3424/3424/3424 3425/3425/3425 3426/3426/3426
f 3427/3427/3427 3428/3428/3428 3429/3429/3429
f 3430/3430/3430 3431/3431/3431 3432/3432/3432
f 3433/3433/3433 3434/3434/3434 3435/3435/3435
f 3436/3436/3436 3437/3437/3437 3438/3438/3438
f 3439/3439/3439 3440/3440/3440 3441/3441/3441
f 3442/3442/3442 3443/3443/3443 3444/3444/3444
f 3445/3445/3445 3446/3446/3446 3447/3447/3447
f 3448/3448/3448 3449/3449/3449 3450/3450/3450
f 3451/3451/3451 3452/3452/3452 3453/3453/3453
f 3454/3454/3454 3455/3455/3455 3456/3456/3456
f 3457/3457/3457 3458/3458/3458 3459/3459/3459
f 3460/3460/3460 3461/3461/3461 3462/3462/3462
f 3463/3463/3463 3464/3464/3464 3465/3465/3465
f 3466/3466/3466 3467/3467/3467 3468/3468/3468
f 3469/3469/3469 3470/3470/3470 3471/3471/3471
f 3472/3472/3472 3473/3473/3473 3474/3474/3474
f 3475/3475/3475 3476/3476/3476 3477/3477/3477
f 3478/3478/3478 3479/3479/3479 3480/3480/3480
f 3481/3481/3481 3482/3482/3482 3483/3483/3483
f 3484/3484/3484 3485/3485/3485 3486/3486/3486
f 3487/3487/3487 3488/3488/3488 3489/3489/3489
f 3490/3490/3490 3491/3491/3491 3492/3492/3492
f 3493/3493/3493 3494/3494/3494 3495/3495/3495
f 3496/3496/3496 3497/3497/3497 3498/3498/3498
f 3499/3499/3499 3500/3500/3500 3501/3501/3501
f 3502/3502/3502 3503/3503/3503 3504/3504/3504
f 3505/3505/3505 3506/3506/3506 3507/3507/3507
f 3508/3508/3508 3509/3509/3509 3510/3510/3510
f 3511/3511/3511 3512/3512/3512 3513/3513/3513
f 3514/3514/3514 3515/3515/3515 3516/3516/3516
f 3517/3517/3517 3518/3518/3518 3519/3519/3519
f 3520/3520/3520 3521/3521/3521 3522/3522/3522
f 3523/3523/3523 3524/3524/3524 3525/3525/3525
f 3526/3526/3526 3527/3527/3527 3528/3528/3528
f 3529/3529/3529 3530/3530/3530 3531/3531/3531
f 3532/3532/3532 3533/3533/3533 3534/3534/3534
f 3535/3535/3535 3536/3536/3536 3537/3537/3537
f 3538/3538/3538 3539/3539/3539 3540/3540/3540
f 3541/3541/3541 3542/3542/3542 3543/3543/3543
f 3544/3544/3544 3545/3545/3545 3546/3546/3546
f 3547/3547/3547 3548/3548/3548 3549/3549/3549
f 3550/3550/3550 3551/3551/3551 3552/3552/3552
f 3553/3553/3553 3554/3554/3554 3555/3555/3555
f 3556/3556/3556 3557/3557/3557 3558/3558/3558
f 3559/3559/3559 3560/3560/3560 3561/3561/3561
f 3562/3562/3562 3563/3563/3563 3564/3564/3564
f 3565/3565/3565 3566/3566/3566 3567/3567/3567
f 3568/3568/3568 3569/3569/3569 3570/3570/3570
f 3571/3571/3571 3572/3572/3572 3573/3573/3573
f 3574/3574/3574 3575/3575/3575 3576/3576/3576
f 3577/3577/3577 3578/3578/3578 3579/3579/3579
f 3580/3580/3580 3581/3581/3581 3582/3582/3582
f 3583/3583/3583 3584/3584/3584 3585/3585/3585
f 3586/3586/3586 3587/3587/3587 3588/3588/3588
f 3589/3589/3589 3590/3590/3590 3591/3591/3591
f 3592/3592/3592 3593/3593/3593 3594/3594/3594
f 3595/3595/3595 3596/3596/3596 3597/3597/3597
f 3598/3598/3598 3599/3599/3599 3600/3600/3600
f 3601/3601/3601 3602/3602/3602 3603/3603/3603
f 3604/3604/3604 3605/3605/3605 3606/3606/3606
f 3607/3607/3607 3608/3608/3608 3609/3609/3609
f 3610/3610/3610 3611/3611/3611 3612/3612/3612