# CC0 Headphones by nisu. Part geometry is local to its hinge/pivot; see metadata.json for translation.
mtllib headphones.mtl
o left-ear
v -0.010118452725101625 -0.03780389046284641 -0.06950050836150333
v -0.010118265682331685 -0.03784264188800193 -0.06944357062394813
v -0.010127306082878488 -0.03353606843771148 -0.07026315847001825
v -0.036231968636418484 -0.03364748358100195 -0.07026070293416681
v -0.03604910795098179 -0.03791293160174932 -0.06950050836150333
v -0.03735153951368299 -0.019076626392651643 -0.056663628773838834
v -0.010127306082878488 -0.03353606843771148 0.07026315847001825
v -0.010118452725101625 -0.03780389046284641 0.06950050836150333
v -0.010118452725101625 -0.018922656621216997 0.056663628773838834
v -0.03604910795098179 -0.03791293160174932 0.06950050836150333
v -0.03604890652030648 -0.03795167823093633 0.06944357062394813
v -0.036231968636418484 -0.03364748358100195 0.07026070293416681
v 0.024471352330826174 -0.03692872213829525 -0.008443566251809446
v 0.024471352330826174 -0.035674149544854775 0
v 0.024471352330826174 -0.08356756824702152 0
v -0.0006832480546938457 0.004391279845228107 -0.020882380457307417
v -0.0006832480546938457 0.0074941419475945854 0
v 0.024471352330826174 0.0074941419475945854 0
v -0.040003623744540924 -0.0016878739558813932 -0.018895055822730655
v -0.03433512474280502 -0.08366731479904922 0
v -0.04019729933885454 0.0011130051964430027 0
v 0.024471352330826174 -0.04087177077126689 -0.016877957815955223
v 0.024471352330826174 -0.03692872213829525 -0.008443566251809446
v 0.024471352330826174 -0.08356756824702152 0
v -0.0006832480546938457 -0.004705847416508859 -0.04034166278546413
v -0.0006832480546938457 0.004391279845228107 -0.020882380457307417
v 0.024471352330826174 0.004391279845228107 -0.020882380457307417
v -0.03943155583068303 -0.009961317614483538 -0.036634743659612584
v -0.03433512474280502 -0.08366731479904922 0
v -0.040003623744540924 -0.0016878739558813932 -0.018895055822730655
v 0.024471352330826174 -0.04780066467215349 -0.02487874107567862
v 0.024471352330826174 -0.04087177077126689 -0.016877957815955223
v 0.024471352330826174 -0.08356756824702152 0
v -0.0006832480546938457 -0.01917721223915981 -0.057051728133545816
v -0.0006832480546938457 -0.004705847416508859 -0.04034166278546413
v 0.024471352330826174 -0.004705847416508859 -0.04034166278546413
v -0.03851092172513259 -0.023275477595365645 -0.05204525023010053
v -0.03433512474280502 -0.08366731479904922 0
v -0.03943155583068303 -0.009961317614483538 -0.036634743659612584
v 0.024471352330826174 -0.05769037368156318 -0.03160249701763259
v 0.024471352330826174 -0.04780066467215349 -0.02487874107567862
v 0.024471352330826174 -0.08356756824702152 0
v -0.0006832480546938457 -0.0380367155476977 -0.06987381215851171
v -0.0006832480546938457 -0.01917721223915981 -0.057051728133545816
v 0.024471352330826174 -0.01917721223915981 -0.057051728133545816
v -0.037297311498307596 -0.04082720183636962 -0.0640067168988224
v -0.03433512474280502 -0.08366731479904922 0
v -0.03851092172513259 -0.023275477595365645 -0.05204525023010053
v 0.024471352330826174 -0.0699661345513636 -0.03610776264524563
v 0.024471352330826174 -0.05769037368156318 -0.03160249701763259
v 0.024471352330826174 -0.08356756824702152 0
v -0.0006832480546938457 -0.05999907616263368 -0.0779341133868217
v -0.0006832480546938457 -0.0380367155476977 -0.06987381215851171
v 0.024471352330826174 -0.0380367155476977 -0.06987381215851171
v -0.03587179140508468 -0.061443554719178346 -0.0715910901970204
v -0.03433512474280502 -0.08366731479904922 0
v -0.037297311498307596 -0.04082720183636962 -0.0640067168988224
v 0.024471352330826174 -0.08356756824702152 -0.03769434095128681
v 0.024471352330826174 -0.0699661345513636 -0.03610776264524563
v 0.024471352330826174 -0.08356756824702152 0
v -0.0006832480546938457 -0.08356756824702152 -0.08068332557092826
v -0.0006832480546938457 -0.05999907616263368 -0.0779341133868217
v 0.024471352330826174 -0.05999907616263368 -0.0779341133868217
v -0.03433512474280502 -0.08366731479904922 -0.07418964182792961
v -0.03433512474280502 -0.08366731479904922 0
v -0.03587179140508468 -0.061443554719178346 -0.0715910901970204
v 0.024471352330826174 -0.09716900194267952 -0.03610776264524563
v 0.024471352330826174 -0.08356756824702152 -0.03769434095128681
v 0.024471352330826174 -0.08356756824702152 0
v -0.0006832480546938457 -0.10713606512737793 -0.0779341133868217
v -0.0006832480546938457 -0.08356756824702152 -0.08068332557092826
v 0.024471352330826174 -0.08356756824702152 -0.08068332557092826
v -0.03279843889665154 -0.10589111324666786 -0.0715910901970204
v -0.03433512474280502 -0.08366731479904922 0
v -0.03433512474280502 -0.08366731479904922 -0.07418964182792961
v 0.024471352330826174 -0.10944474842457454 -0.03160249701763259
v 0.024471352330826174 -0.09716900194267952 -0.03610776264524563
v 0.024471352330826174 -0.08356756824702152 0
v -0.0006832480546938457 -0.12909840655844002 -0.06987381215851171
v -0.0006832480546938457 -0.10713606512737793 -0.0779341133868217
v 0.024471352330826174 -0.10713606512737793 -0.0779341133868217
v -0.03137291880342863 -0.12650744214963427 -0.0640067168988224
v -0.03433512474280502 -0.08366731479904922 0
v -0.03279843889665154 -0.10589111324666786 -0.0715910901970204
v 0.024471352330826174 -0.11933445743398421 -0.02487874107567862
v 0.024471352330826174 -0.10944474842457454 -0.03160249701763259
v 0.024471352330826174 -0.08356756824702152 0
v -0.0006832480546938457 -0.14795790507100945 -0.057051728133545816
v -0.0006832480546938457 -0.12909840655844002 -0.06987381215851171
v 0.024471352330826174 -0.12909840655844002 -0.06987381215851171
v -0.030159289392729775 -0.14405919037048054 -0.05204525023010053
v -0.03433512474280502 -0.08366731479904922 0
v -0.03137291880342863 -0.12650744214963427 -0.0640067168988224
v 0.024471352330826174 -0.12626337051874467 -0.016877957815955223
v 0.024471352330826174 -0.11933445743398421 -0.02487874107567862
v 0.024471352330826174 -0.08356756824702152 0
v -0.0006832480546938457 -0.1624292746896289 -0.04034166278546413
v -0.0006832480546938457 -0.14795790507100945 -0.057051728133545816
v 0.024471352330826174 -0.14795790507100945 -0.057051728133545816
v -0.029238674471053196 -0.1573733503513627 -0.036634743659612584
v -0.03433512474280502 -0.08366731479904922 0
v -0.030159289392729775 -0.14405919037048054 -0.05204525023010053
v 0.024471352330826174 -0.13020638078396865 -0.008443566251809446
v 0.024471352330826174 -0.12626337051874467 -0.016877957815955223
v 0.024471352330826174 -0.08356756824702152 0
v -0.0006832480546938457 -0.1715264019513658 -0.020882380457307417
v -0.0006832480546938457 -0.1624292746896289 -0.04034166278546413
v 0.024471352330826174 -0.1624292746896289 -0.04034166278546413
v -0.02866660176122685 -0.1656467892139963 -0.018895055822730655
v -0.03433512474280502 -0.08366731479904922 0
v -0.029238674471053196 -0.1573733503513627 -0.036634743659612584
v 0.024471352330826174 -0.1314609869491883 0
v 0.024471352330826174 -0.13020638078396865 -0.008443566251809446
v 0.024471352330826174 -0.08356756824702152 0
v -0.0006832480546938457 -0.17462925925776387 0
v -0.0006832480546938457 -0.1715264019513658 -0.020882380457307417
v 0.024471352330826174 -0.1715264019513658 -0.020882380457307417
v -0.02847293096288168 -0.16844767316228917 0
v -0.03433512474280502 -0.08366731479904922 0
v -0.02866660176122685 -0.1656467892139963 -0.018895055822730655
v 0.024471352330826174 -0.13020638078396865 0.008443566251809446
v 0.024471352330826174 -0.1314609869491883 0
v 0.024471352330826174 -0.08356756824702152 0
v -0.0006832480546938457 -0.1715264019513658 0.020882380457307417
v -0.0006832480546938457 -0.17462925925776387 0
v 0.024471352330826174 -0.17462925925776387 0
v -0.02866660176122685 -0.1656467892139963 0.018895055822730655
v -0.03433512474280502 -0.08366731479904922 0
v -0.02847293096288168 -0.16844767316228917 0
v 0.024471352330826174 -0.12626337051874467 0.016877957815955223
v 0.024471352330826174 -0.13020638078396865 0.008443566251809446
v 0.024471352330826174 -0.08356756824702152 0
v -0.0006832480546938457 -0.1624292746896289 0.04034166278546413
v -0.0006832480546938457 -0.1715264019513658 0.020882380457307417
v 0.024471352330826174 -0.1715264019513658 0.020882380457307417
v -0.029238674471053196 -0.1573733503513627 0.036634743659612584
v -0.03433512474280502 -0.08366731479904922 0
v -0.02866660176122685 -0.1656467892139963 0.018895055822730655
v 0.024471352330826174 -0.11933445743398421 0.02487874107567862
v 0.024471352330826174 -0.12626337051874467 0.016877957815955223
v 0.024471352330826174 -0.08356756824702152 0
v -0.0006832480546938457 -0.14795790507100945 0.057051728133545816
v -0.0006832480546938457 -0.1624292746896289 0.04034166278546413
v 0.024471352330826174 -0.1624292746896289 0.04034166278546413
v -0.030159289392729775 -0.14405919037048054 0.05204525023010053
v -0.03433512474280502 -0.08366731479904922 0
v -0.029238674471053196 -0.1573733503513627 0.036634743659612584
v 0.024471352330826174 -0.10944474842457454 0.03160249701763259
v 0.024471352330826174 -0.11933445743398421 0.02487874107567862
v 0.024471352330826174 -0.08356756824702152 0
v -0.0006832480546938457 -0.12909840655844002 0.06987381215851171
v -0.0006832480546938457 -0.14795790507100945 0.057051728133545816
v 0.024471352330826174 -0.14795790507100945 0.057051728133545816
v -0.03137291880342863 -0.12650744214963427 0.0640067168988224
v -0.03433512474280502 -0.08366731479904922 0
v -0.030159289392729775 -0.14405919037048054 0.05204525023010053
v 0.024471352330826174 -0.09716900194267952 0.03610776264524563
v 0.024471352330826174 -0.10944474842457454 0.03160249701763259
v 0.024471352330826174 -0.08356756824702152 0
v -0.0006832480546938457 -0.10713606512737793 0.0779341133868217
v -0.0006832480546938457 -0.12909840655844002 0.06987381215851171
v 0.024471352330826174 -0.12909840655844002 0.06987381215851171
v -0.03279843889665154 -0.10589111324666786 0.0715910901970204
v -0.03433512474280502 -0.08366731479904922 0
v -0.03137291880342863 -0.12650744214963427 0.0640067168988224
v 0.024471352330826174 -0.08356756824702152 0.03769434095128681
v 0.024471352330826174 -0.09716900194267952 0.03610776264524563
v 0.024471352330826174 -0.08356756824702152 0
v -0.0006832480546938457 -0.08356756824702152 0.08068332557092826
v -0.0006832480546938457 -0.10713606512737793 0.0779341133868217
v 0.024471352330826174 -0.10713606512737793 0.0779341133868217
v -0.03433512474280502 -0.08366731479904922 0.07418964182792961
v -0.03433512474280502 -0.08366731479904922 0
v -0.03279843889665154 -0.10589111324666786 0.0715910901970204
v 0.024471352330826174 -0.0699661345513636 0.03610776264524563
v 0.024471352330826174 -0.08356756824702152 0.03769434095128681
v 0.024471352330826174 -0.08356756824702152 0
v -0.0006832480546938457 -0.05999907616263368 0.0779341133868217
v -0.0006832480546938457 -0.08356756824702152 0.08068332557092826
v 0.024471352330826174 -0.08356756824702152 0.08068332557092826
v -0.03587179140508468 -0.061443554719178346 0.0715910901970204
v -0.03433512474280502 -0.08366731479904922 0
v -0.03433512474280502 -0.08366731479904922 0.07418964182792961
v 0.024471352330826174 -0.05769037368156318 0.03160249701763259
v 0.024471352330826174 -0.0699661345513636 0.03610776264524563
v 0.024471352330826174 -0.08356756824702152 0
v -0.0006832480546938457 -0.0380367155476977 0.06987381215851171
v -0.0006832480546938457 -0.05999907616263368 0.0779341133868217
v 0.024471352330826174 -0.05999907616263368 0.0779341133868217
v -0.037297311498307596 -0.04082720183636962 0.0640067168988224
v -0.03433512474280502 -0.08366731479904922 0
v -0.03587179140508468 -0.061443554719178346 0.0715910901970204
v 0.024471352330826174 -0.04780066467215349 0.02487874107567862
v 0.024471352330826174 -0.05769037368156318 0.03160249701763259
v 0.024471352330826174 -0.08356756824702152 0
v -0.0006832480546938457 -0.01917721223915981 0.057051728133545816
v -0.0006832480546938457 -0.0380367155476977 0.06987381215851171
v 0.024471352330826174 -0.0380367155476977 0.06987381215851171
v -0.03851092172513259 -0.023275477595365645 0.05204525023010053
v -0.03433512474280502 -0.08366731479904922 0
v -0.037297311498307596 -0.04082720183636962 0.0640067168988224
v 0.024471352330826174 -0.04087177077126689 0.016877957815955223
v 0.024471352330826174 -0.04780066467215349 0.02487874107567862
v 0.024471352330826174 -0.08356756824702152 0
v -0.0006832480546938457 -0.004705847416508859 0.04034166278546413
v -0.0006832480546938457 -0.01917721223915981 0.057051728133545816
v 0.024471352330826174 -0.01917721223915981 0.057051728133545816
v -0.03943155583068303 -0.009961317614483538 0.036634743659612584
v -0.03433512474280502 -0.08366731479904922 0
v -0.03851092172513259 -0.023275477595365645 0.05204525023010053
v 0.024471352330826174 -0.03692872213829525 0.008443566251809446
v 0.024471352330826174 -0.04087177077126689 0.016877957815955223
v 0.024471352330826174 -0.08356756824702152 0
v -0.0006832480546938457 0.004391279845228107 0.020882380457307417
v -0.0006832480546938457 -0.004705847416508859 0.04034166278546413
v 0.024471352330826174 -0.004705847416508859 0.04034166278546413
v -0.040003623744540924 -0.0016878739558813932 0.018895055822730655
v -0.03433512474280502 -0.08366731479904922 0
v -0.03943155583068303 -0.009961317614483538 0.036634743659612584
v 0.024471352330826174 -0.035674149544854775 0
v 0.024471352330826174 -0.03692872213829525 0.008443566251809446
v 0.024471352330826174 -0.08356756824702152 0
v -0.0006832480546938457 0.0074941419475945854 0
v -0.0006832480546938457 0.004391279845228107 0.020882380457307417
v 0.024471352330826174 0.004391279845228107 0.020882380457307417
v -0.04019729933885454 0.0011130051964430027 0
v -0.03433512474280502 -0.08366731479904922 0
v -0.040003623744540924 -0.0016878739558813932 0.018895055822730655
v 0.024471352330826174 0.004391279845228107 -0.020882380457307417
v 0.024471352330826174 0.0074941419475945854 0
v 0.024471352330826174 0.005057185677971175 0
v 0.024471352330826174 -0.004705847416508859 -0.04034166278546413
v 0.024471352330826174 0.004391279845228107 -0.020882380457307417
v 0.024471352330826174 0.002058683849290697 -0.02018018832719721
v 0.024471352330826174 -0.01917721223915981 -0.057051728133545816
v 0.024471352330826174 -0.004705847416508859 -0.04034166278546413
v 0.024471352330826174 -0.006747438434208639 -0.039017097828320794
v 0.024471352330826174 -0.0380367155476977 -0.06987381215851171
v 0.024471352330826174 -0.01917721223915981 -0.057051728133545816
v 0.024471352330826174 -0.02079307952458523 -0.05523551406167915
v 0.024471352330826174 -0.05999907616263368 -0.0779341133868217
v 0.024471352330826174 -0.0380367155476977 -0.06987381215851171
v 0.024471352330826174 -0.039146205299259655 -0.06771332908269251
v 0.024471352330826174 -0.08356756824702152 -0.08068332557092826
v 0.024471352330826174 -0.05999907616263368 -0.0779341133868217
v 0.024471352330826174 -0.06056172479443645 -0.07557294301080059
v 0.024471352330826174 -0.10713606512737793 -0.0779341133868217
v 0.024471352330826174 -0.08356756824702152 -0.08068332557092826
v 0.024471352330826174 -0.08356756824702152 -0.07825652716250274
v 0.024471352330826174 -0.12909840655844002 -0.06987381215851171
v 0.024471352330826174 -0.10713606512737793 -0.0779341133868217
v 0.024471352330826174 -0.10657341169960667 -0.07557294301080059
v 0.024471352330826174 -0.14795790507100945 -0.057051728133545816
v 0.024471352330826174 -0.12909840655844002 -0.06987381215851171
v 0.024471352330826174 -0.12798893119478347 -0.06771332908269251
v 0.024471352330826174 -0.1624292746896289 -0.04034166278546413
v 0.024471352330826174 -0.14795790507100945 -0.057051728133545816
v 0.024471352330826174 -0.14634205696945787 -0.05523551406167915
v 0.024471352330826174 -0.1715264019513658 -0.020882380457307417
v 0.024471352330826174 -0.1624292746896289 -0.04034166278546413
v 0.024471352330826174 -0.16038767887596062 -0.039017097828320794
v 0.024471352330826174 -0.17462925925776387 0
v 0.024471352330826174 -0.1715264019513658 -0.020882380457307417
v 0.024471352330826174 -0.1691938203433338 -0.02018018832719721
v 0.024471352330826174 -0.1715264019513658 0.020882380457307417
v 0.024471352330826174 -0.17462925925776387 0
v 0.024471352330826174 -0.1721923269679827 0
v 0.024471352330826174 -0.1624292746896289 0.04034166278546413
v 0.024471352330826174 -0.1715264019513658 0.020882380457307417
v 0.024471352330826174 -0.1691938203433338 0.02018018832719721
v 0.024471352330826174 -0.14795790507100945 0.057051728133545816
v 0.024471352330826174 -0.1624292746896289 0.04034166278546413
v 0.024471352330826174 -0.16038767887596062 0.039017097828320794
v 0.024471352330826174 -0.12909840655844002 0.06987381215851171
v 0.024471352330826174 -0.14795790507100945 0.057051728133545816
v 0.024471352330826174 -0.14634205696945787 0.05523551406167915
v 0.024471352330826174 -0.10713606512737793 0.0779341133868217
v 0.024471352330826174 -0.12909840655844002 0.06987381215851171
v 0.024471352330826174 -0.12798893119478347 0.06771332908269251
v 0.024471352330826174 -0.08356756824702152 0.08068332557092826
v 0.024471352330826174 -0.10713606512737793 0.0779341133868217
v 0.024471352330826174 -0.10657341169960667 0.07557294301080059
v 0.024471352330826174 -0.05999907616263368 0.0779341133868217
v 0.024471352330826174 -0.08356756824702152 0.08068332557092826
v 0.024471352330826174 -0.08356756824702152 0.07825652716250274
v 0.024471352330826174 -0.0380367155476977 0.06987381215851171
v 0.024471352330826174 -0.05999907616263368 0.0779341133868217
v 0.024471352330826174 -0.06056172479443645 0.07557294301080059
v 0.024471352330826174 -0.01917721223915981 0.057051728133545816
v 0.024471352330826174 -0.0380367155476977 0.06987381215851171
v 0.024471352330826174 -0.039146205299259655 0.06771332908269251
v 0.024471352330826174 -0.004705847416508859 0.04034166278546413
v 0.024471352330826174 -0.01917721223915981 0.057051728133545816
v 0.024471352330826174 -0.02079307952458523 0.05523551406167915
v 0.024471352330826174 0.004391279845228107 0.020882380457307417
v 0.024471352330826174 -0.004705847416508859 0.04034166278546413
v 0.024471352330826174 -0.006747438434208639 0.039017097828320794
v 0.024471352330826174 0.0074941419475945854 0
v 0.024471352330826174 0.004391279845228107 0.020882380457307417
v 0.024471352330826174 0.002058683849290697 0.02018018832719721
v 0.04203323443302809 -0.014935844776049345 -0.015064223259782286
v 0.04203323443302809 -0.012697470376473948 0
v 0.04203323443302809 -0.01791945991863045 0
v 0.04203323443302809 -0.021622144204331964 -0.02936670764505702
v 0.04203323443302809 -0.014935844776049345 -0.015064223259782286
v 0.04203323443302809 -0.01993423188070292 -0.013559526523255908
v 0.04203323443302809 -0.0325656186077687 -0.042003072587384165
v 0.04203323443302809 -0.021622144204331964 -0.02936670764505702
v 0.04203323443302809 -0.025997069797112013 -0.026528352795187456
v 0.04203323443302809 -0.04722956074795604 -0.05197271600311394
v 0.04203323443302809 -0.0325656186077687 -0.042003072587384165
v 0.04203323443302809 -0.03602812558897002 -0.03811117775400514
v 0.04203323443302809 -0.06466108842741955 -0.05837016863896594
v 0.04203323443302809 -0.04722956074795604 -0.05197271600311394
v 0.04203323443302809 -0.049607018232866784 -0.04734311968914808
v 0.04203323443302809 -0.08356756824702152 -0.06057557555134844
v 0.04203323443302809 -0.06466108842741955 -0.05837016863896594
v 0.04203323443302809 -0.06586677571434889 -0.05331053222111182
v 0.04203323443302809 -0.102474052862592 -0.05837016863896594
v 0.04203323443302809 -0.08356756824702152 -0.06057557555134844
v 0.04203323443302809 -0.08356756824702152 -0.055375292562441114
v 0.04203323443302809 -0.11990556135818167 -0.05197271600311394
v 0.04203323443302809 -0.102474052862592 -0.05837016863896594
v 0.04203323443302809 -0.10126836557566266 -0.05331053222111182
v 0.04203323443302809 -0.13456952268224284 -0.042003072587384165
v 0.04203323443302809 -0.11990556135818167 -0.05197271600311394
v 0.04203323443302809 -0.11752810387327096 -0.04734311968914808
v 0.04203323443302809 -0.14551297790180576 -0.02936670764505702
v 0.04203323443302809 -0.13456952268224284 -0.042003072587384165
v 0.04203323443302809 -0.1311069965171677 -0.03811117775400514
v 0.04203323443302809 -0.15219929171799373 -0.015064223259782286
v 0.04203323443302809 -0.14551297790180576 -0.02936670764505702
v 0.04203323443302809 -0.1411380523090257 -0.026528352795187456
v 0.04203323443302809 -0.1544376517296638 0
v 0.04203323443302809 -0.15219929171799373 -0.015064223259782286
v 0.04203323443302809 -0.1472009094093087 -0.013559526523255908
v 0.04203323443302809 -0.15219929171799373 0.015064223259782286
v 0.04203323443302809 -0.1544376517296638 0
v 0.04203323443302809 -0.14921568137138108 0
v 0.04203323443302809 -0.14551297790180576 0.02936670764505702
v 0.04203323443302809 -0.15219929171799373 0.015064223259782286
v 0.04203323443302809 -0.1472009094093087 0.013559526523255908
v 0.04203323443302809 -0.13456952268224284 0.042003072587384165
v 0.04203323443302809 -0.14551297790180576 0.02936670764505702
v 0.04203323443302809 -0.1411380523090257 0.026528352795187456
v 0.04203323443302809 -0.11990556135818167 0.05197271600311394
v 0.04203323443302809 -0.13456952268224284 0.042003072587384165
v 0.04203323443302809 -0.1311069965171677 0.03811117775400514
v 0.04203323443302809 -0.102474052862592 0.05837016863896594
v 0.04203323443302809 -0.11990556135818167 0.05197271600311394
v 0.04203323443302809 -0.11752810387327096 0.04734311968914808
v 0.04203323443302809 -0.08356756824702152 0.06057557555134844
v 0.04203323443302809 -0.102474052862592 0.05837016863896594
v 0.04203323443302809 -0.10126836557566266 0.05331053222111182
v 0.04203323443302809 -0.06466108842741955 0.05837016863896594
v 0.04203323443302809 -0.08356756824702152 0.06057557555134844
v 0.04203323443302809 -0.08356756824702152 0.055375292562441114
v 0.04203323443302809 -0.04722956074795604 0.05197271600311394
v 0.04203323443302809 -0.06466108842741955 0.05837016863896594
v 0.04203323443302809 -0.06586677571434889 0.05331053222111182
v 0.04203323443302809 -0.0325656186077687 0.042003072587384165
v 0.04203323443302809 -0.04722956074795604 0.05197271600311394
v 0.04203323443302809 -0.049607018232866784 0.04734311968914808
v 0.04203323443302809 -0.021622144204331964 0.02936670764505702
v 0.04203323443302809 -0.0325656186077687 0.042003072587384165
v 0.04203323443302809 -0.03602812558897002 0.03811117775400514
v 0.04203323443302809 -0.014935844776049345 0.015064223259782286
v 0.04203323443302809 -0.021622144204331964 0.02936670764505702
v 0.04203323443302809 -0.025997069797112013 0.026528352795187456
v 0.04203323443302809 -0.012697470376473948 0
v 0.04203323443302809 -0.014935844776049345 0.015064223259782286
v 0.04203323443302809 -0.01993423188070292 0.013559526523255908
v 0.039789881818191354 -0.006624791132785239 -0.017566145718162705
v 0.039789881818191354 -0.004014690809824704 0
v 0.04203323443302809 -0.012697470376473948 0
v 0.039789881818191354 -0.004014690809824704 0
v 0.039789881818191354 -0.006624791132785239 -0.017566145718162705
v 0.03305984795352345 -0.00011218729421252765 -0.01952668007292281
v 0.024471352330826174 0.002058683849290697 -0.02018018832719721
v 0.024471352330826174 0.005057185677971175 0
v 0.03305984795352345 0.002789244132840831 0
v 0.039789881818191354 -0.026602234689311246 0
v 0.039789881818191354 -0.028245251952187824 -0.011057608860843948
v 0.04203323443302809 -0.01993423188070292 -0.013559526523255908
v 0.039789881818191354 -0.028245251952187824 -0.011057608860843948
v 0.039789881818191354 -0.026602234689311246 0
v 0.03305984795352345 -0.03340616963197678 0
v 0.024471352330826174 -0.035674149544854775 0
v 0.024471352330826174 -0.03692872213829525 -0.008443566251809446
v 0.03305984795352345 -0.03475785579076054 -0.009097074506083842
v 0.039789881818191354 -0.014347801491251715 -0.03408615163214949
v 0.039789881818191354 -0.006624791132785239 -0.017566145718162705
v 0.04203323443302809 -0.014935844776049345 -0.015064223259782286
v 0.039789881818191354 -0.006624791132785239 -0.017566145718162705
v 0.039789881818191354 -0.014347801491251715 -0.03408615163214949
v 0.03305984795352345 -0.008647538790406322 -0.037784361279277964
v 0.024471352330826174 -0.006747438434208639 -0.039017097828320794
v 0.024471352330826174 0.002058683849290697 -0.02018018832719721
v 0.03305984795352345 -0.00011218729421252765 -0.01952668007292281
v 0.039789881818191354 -0.028245251952187824 -0.011057608860843948
v 0.039789881818191354 -0.033271407714223815 -0.02180890880809499
v 0.04203323443302809 -0.025997069797112013 -0.026528352795187456
v 0.039789881818191354 -0.033271407714223815 -0.02180890880809499
v 0.039789881818191354 -0.028245251952187824 -0.011057608860843948
v 0.03305984795352345 -0.03475785579076054 -0.009097074506083842
v 0.024471352330826174 -0.03692872213829525 -0.008443566251809446
v 0.024471352330826174 -0.04087177077126689 -0.016877957815955223
v 0.03305984795352345 -0.03897167041506921 -0.01811069916096651
v 0.039789881818191354 -0.02680834622984121 -0.04847428721814846
v 0.039789881818191354 -0.014347801491251715 -0.03408615163214949
v 0.04203323443302809 -0.021622144204331964 -0.02936670764505702
v 0.039789881818191354 -0.014347801491251715 -0.03408615163214949
v 0.039789881818191354 -0.02680834622984121 -0.04847428721814846
v 0.03305984795352345 -0.022296869823072694 -0.05354520375382013
v 0.024471352330826174 -0.02079307952458523 -0.05523551406167915
v 0.024471352330826174 -0.006747438434208639 -0.039017097828320794
v 0.03305984795352345 -0.008647538790406322 -0.037784361279277964
v 0.039789881818191354 -0.033271407714223815 -0.02180890880809499
v 0.039789881818191354 -0.04178539317092907 -0.03163996312324084
v 0.04203323443302809 -0.03602812558897002 -0.03811117775400514
v 0.039789881818191354 -0.04178539317092907 -0.03163996312324084
v 0.039789881818191354 -0.033271407714223815 -0.02180890880809499
v 0.03305984795352345 -0.03897167041506921 -0.01811069916096651
v 0.024471352330826174 -0.04087177077126689 -0.016877957815955223
v 0.024471352330826174 -0.04780066467215349 -0.02487874107567862
v 0.03305984795352345 -0.04629683600591838 -0.026569046587569173
v 0.039789881818191354 -0.043276450173155644 -0.059670533139260934
v 0.039789881818191354 -0.02680834622984121 -0.04847428721814846
v 0.04203323443302809 -0.0325656186077687 -0.042003072587384165
v 0.039789881818191354 -0.02680834622984121 -0.04847428721814846
v 0.039789881818191354 -0.043276450173155644 -0.059670533139260934
v 0.03305984795352345 -0.040178748532851936 -0.0657026288978425
v 0.024471352330826174 -0.039146205299259655 -0.06771332908269251
v 0.024471352330826174 -0.02079307952458523 -0.05523551406167915
v 0.03305984795352345 -0.022296869823072694 -0.05354520375382013
v 0.039789881818191354 -0.04178539317092907 -0.03163996312324084
v 0.039789881818191354 -0.05356012880766712 -0.03964529775703262
v 0.04203323443302809 -0.049607018232866784 -0.04734311968914808
v 0.039789881818191354 -0.05356012880766712 -0.03964529775703262
v 0.039789881818191354 -0.04178539317092907 -0.03163996312324084
v 0.03305984795352345 -0.04629683600591838 -0.026569046587569173
v 0.024471352330826174 -0.04780066467215349 -0.02487874107567862
v 0.024471352330826174 -0.05769037368156318 -0.03160249701763259
v 0.03305984795352345 -0.05665783044797089 -0.0336131972024826
v 0.039789881818191354 -0.06265634003942819 -0.06678304069263243
v 0.039789881818191354 -0.043276450173155644 -0.059670533139260934
v 0.04203323443302809 -0.04722956074795604 -0.05197271600311394
v 0.039789881818191354 -0.043276450173155644 -0.059670533139260934
v 0.039789881818191354 -0.06265634003942819 -0.06678304069263243
v 0.03305984795352345 -0.06108536781475536 -0.0733754638342822
v 0.024471352330826174 -0.06056172479443645 -0.07557294301080059
v 0.024471352330826174 -0.039146205299259655 -0.06771332908269251
v 0.03305984795352345 -0.040178748532851936 -0.0657026288978425
v 0.039789881818191354 -0.05356012880766712 -0.03964529775703262
v 0.039789881818191354 -0.06787152410234025 -0.04489766016744533
v 0.04203323443302809 -0.06586677571434889 -0.05331053222111182
v 0.039789881818191354 -0.06787152410234025 -0.04489766016744533
v 0.039789881818191354 -0.05356012880766712 -0.03964529775703262
v 0.03305984795352345 -0.05665783044797089 -0.0336131972024826
v 0.024471352330826174 -0.05769037368156318 -0.03160249701763259
v 0.024471352330826174 -0.0699661345513636 -0.03610776264524563
v 0.03305984795352345 -0.06944245795926542 -0.03830523702579555
v 0.039789881818191354 -0.08356756824702152 -0.06922229423114815
v 0.039789881818191354 -0.06265634003942819 -0.06678304069263243
v 0.04203323443302809 -0.06466108842741955 -0.05837016863896594
v 0.039789881818191354 -0.06265634003942819 -0.06678304069263243
v 0.039789881818191354 -0.08356756824702152 -0.06922229423114815
v 0.03305984795352345 -0.08356756824702152 -0.07599797132764832
v 0.024471352330826174 -0.08356756824702152 -0.07825652716250274
v 0.024471352330826174 -0.06056172479443645 -0.07557294301080059
v 0.03305984795352345 -0.06108536781475536 -0.0733754638342822
v 0.039789881818191354 -0.06787152410234025 -0.04489766016744533
v 0.039789881818191354 -0.08356756824702152 -0.046728569086672944
v 0.04203323443302809 -0.08356756824702152 -0.055375292562441114
v 0.039789881818191354 -0.08356756824702152 -0.046728569086672944
v 0.039789881818191354 -0.06787152410234025 -0.04489766016744533
v 0.03305984795352345 -0.06944245795926542 -0.03830523702579555
v 0.024471352330826174 -0.0699661345513636 -0.03610776264524563
v 0.024471352330826174 -0.08356756824702152 -0.03769434095128681
v 0.03305984795352345 -0.08356756824702152 -0.039952901582109686
v 0.039789881818191354 -0.10447880125058336 -0.06678304069263243
v 0.039789881818191354 -0.08356756824702152 -0.06922229423114815
v 0.04203323443302809 -0.08356756824702152 -0.06057557555134844
v 0.039789881818191354 -0.08356756824702152 -0.06922229423114815
v 0.039789881818191354 -0.10447880125058336 -0.06678304069263243
v 0.03305984795352345 -0.10604974949541394 -0.0733754638342822
v 0.024471352330826174 -0.10657341169960667 -0.07557294301080059
v 0.024471352330826174 -0.08356756824702152 -0.07825652716250274
v 0.03305984795352345 -0.08356756824702152 -0.07599797132764832
v 0.039789881818191354 -0.08356756824702152 -0.046728569086672944
v 0.039789881818191354 -0.09926361718767132 -0.04489766016744533
v 0.04203323443302809 -0.10126836557566266 -0.05331053222111182
v 0.039789881818191354 -0.09926361718767132 -0.04489766016744533
v 0.039789881818191354 -0.08356756824702152 -0.046728569086672944
v 0.03305984795352345 -0.08356756824702152 -0.039952901582109686
v 0.024471352330826174 -0.08356756824702152 -0.03769434095128681
v 0.024471352330826174 -0.09716900194267952 -0.03610776264524563
v 0.03305984795352345 -0.09769264496299843 -0.03830523702579555
v 0.039789881818191354 -0.12385865274910825 -0.059670533139260934
v 0.039789881818191354 -0.10447880125058336 -0.06678304069263243
v 0.04203323443302809 -0.102474052862592 -0.05837016863896594
v 0.039789881818191354 -0.10447880125058336 -0.06678304069263243
v 0.039789881818191354 -0.12385865274910825 -0.059670533139260934
v 0.03305984795352345 -0.12695637357328582 -0.0657026288978425
v 0.024471352330826174 -0.12798893119478347 -0.06771332908269251
v 0.024471352330826174 -0.10657341169960667 -0.07557294301080059
v 0.03305984795352345 -0.10604974949541394 -0.0733754638342822
v 0.039789881818191354 -0.09926361718767132 -0.04489766016744533
v 0.039789881818191354 -0.11357501248234442 -0.03964529775703262
v 0.04203323443302809 -0.11752810387327096 -0.04734311968914808
v 0.039789881818191354 -0.11357501248234442 -0.03964529775703262
v 0.039789881818191354 -0.09926361718767132 -0.04489766016744533
v 0.03305984795352345 -0.09769264496299843 -0.03830523702579555
v 0.024471352330826174 -0.09716900194267952 -0.03610776264524563
v 0.024471352330826174 -0.10944474842457454 -0.03160249701763259
v 0.03305984795352345 -0.11047731084204068 -0.0336131972024826
v 0.039789881818191354 -0.1403267902642019 -0.04847428721814846
v 0.039789881818191354 -0.12385865274910825 -0.059670533139260934
v 0.04203323443302809 -0.11990556135818167 -0.05197271600311394
v 0.039789881818191354 -0.12385865274910825 -0.059670533139260934
v 0.039789881818191354 -0.1403267902642019 -0.04847428721814846
v 0.03305984795352345 -0.14483825228306502 -0.05354520375382013
v 0.024471352330826174 -0.14634205696945787 -0.05523551406167915
v 0.024471352330826174 -0.12798893119478347 -0.06771332908269251
v 0.03305984795352345 -0.12695637357328582 -0.0657026288978425
v 0.039789881818191354 -0.11357501248234442 -0.03964529775703262
v 0.039789881818191354 -0.12534974332311405 -0.03163996312324084
v 0.04203323443302809 -0.1311069965171677 -0.03811117775400514
v 0.039789881818191354 -0.12534974332311405 -0.03163996312324084
v 0.039789881818191354 -0.11357501248234442 -0.03964529775703262
v 0.03305984795352345 -0.11047731084204068 -0.0336131972024826
v 0.024471352330826174 -0.10944474842457454 -0.03160249701763259
v 0.024471352330826174 -0.11933445743398421 -0.02487874107567862
v 0.03305984795352345 -0.12083828610021936 -0.026569046587569173
v 0.039789881818191354 -0.152787320614886 -0.03408615163214949
v 0.039789881818191354 -0.1403267902642019 -0.04847428721814846
v 0.04203323443302809 -0.13456952268224284 -0.042003072587384165
v 0.039789881818191354 -0.1403267902642019 -0.04847428721814846
v 0.039789881818191354 -0.152787320614886 -0.03408615163214949
v 0.03305984795352345 -0.15848757851976292 -0.037784361279277964
v 0.024471352330826174 -0.16038767887596062 -0.039017097828320794
v 0.024471352330826174 -0.14634205696945787 -0.05523551406167915
v 0.03305984795352345 -0.14483825228306502 -0.05354520375382013
v 0.039789881818191354 -0.12534974332311405 -0.03163996312324084
v 0.039789881818191354 -0.13386369520804006 -0.02180890880809499
v 0.04203323443302809 -0.1411380523090257 -0.026528352795187456
v 0.039789881818191354 -0.13386369520804006 -0.02180890880809499
v 0.039789881818191354 -0.12534974332311405 -0.03163996312324084
v 0.03305984795352345 -0.12083828610021936 -0.026569046587569173
v 0.024471352330826174 -0.11933445743398421 -0.02487874107567862
v 0.024471352330826174 -0.12626337051874467 -0.016877957815955223
v 0.03305984795352345 -0.1281634516910685 -0.01811069916096651
v 0.039789881818191354 -0.16051033097335252 -0.017566145718162705
v 0.039789881818191354 -0.152787320614886 -0.03408615163214949
v 0.04203323443302809 -0.14551297790180576 -0.02936670764505702
v 0.039789881818191354 -0.152787320614886 -0.03408615163214949
v 0.039789881818191354 -0.16051033097335252 -0.017566145718162705
v 0.03305984795352345 -0.16702295399579906 -0.01952668007292281
v 0.024471352330826174 -0.1691938203433338 -0.02018018832719721
v 0.024471352330826174 -0.16038767887596062 -0.039017097828320794
v 0.03305984795352345 -0.15848757851976292 -0.037784361279277964
v 0.039789881818191354 -0.13386369520804006 -0.02180890880809499
v 0.039789881818191354 -0.13888988933782376 -0.011057608860843948
v 0.04203323443302809 -0.1472009094093087 -0.013559526523255908
v 0.039789881818191354 -0.13888988933782376 -0.011057608860843948
v 0.039789881818191354 -0.13386369520804006 -0.02180890880809499
v 0.03305984795352345 -0.1281634516910685 -0.01811069916096651
v 0.024471352330826174 -0.12626337051874467 -0.016877957815955223
v 0.024471352330826174 -0.13020638078396865 -0.008443566251809446
v 0.03305984795352345 -0.13237726631537722 -0.009097074506083842
v 0.039789881818191354 -0.163120431296313 0
v 0.039789881818191354 -0.16051033097335252 -0.017566145718162705
v 0.04203323443302809 -0.15219929171799373 -0.015064223259782286
v 0.039789881818191354 -0.16051033097335252 -0.017566145718162705
v 0.039789881818191354 -0.163120431296313 0
v 0.03305984795352345 -0.16992436623897855 0
v 0.024471352330826174 -0.1721923269679827 0
v 0.024471352330826174 -0.1691938203433338 -0.02018018832719721
v 0.03305984795352345 -0.16702295399579906 -0.01952668007292281
v 0.039789881818191354 -0.13888988933782376 -0.011057608860843948
v 0.039789881818191354 -0.14053290180473185 0
v 0.04203323443302809 -0.14921568137138108 0
v 0.039789881818191354 -0.14053290180473185 0
v 0.039789881818191354 -0.13888988933782376 -0.011057608860843948
v 0.03305984795352345 -0.13237726631537722 -0.009097074506083842
v 0.024471352330826174 -0.13020638078396865 -0.008443566251809446
v 0.024471352330826174 -0.1314609869491883 0
v 0.03305984795352345 -0.1337289668620663 0
v 0.039789881818191354 -0.16051033097335252 0.017566145718162705
v 0.039789881818191354 -0.163120431296313 0
v 0.04203323443302809 -0.1544376517296638 0
v 0.039789881818191354 -0.163120431296313 0
v 0.039789881818191354 -0.16051033097335252 0.017566145718162705
v 0.03305984795352345 -0.16702295399579906 0.01952668007292281
v 0.024471352330826174 -0.1691938203433338 0.02018018832719721
v 0.024471352330826174 -0.1721923269679827 0
v 0.03305984795352345 -0.16992436623897855 0
v 0.039789881818191354 -0.14053290180473185 0
v 0.039789881818191354 -0.13888988933782376 0.011057608860843948
v 0.04203323443302809 -0.1472009094093087 0.013559526523255908
v 0.039789881818191354 -0.13888988933782376 0.011057608860843948
v 0.039789881818191354 -0.14053290180473185 0
v 0.03305984795352345 -0.1337289668620663 0
v 0.024471352330826174 -0.1314609869491883 0
v 0.024471352330826174 -0.13020638078396865 0.008443566251809446
v 0.03305984795352345 -0.13237726631537722 0.009097074506083842
v 0.039789881818191354 -0.152787320614886 0.03408615163214949
v 0.039789881818191354 -0.16051033097335252 0.017566145718162705
v 0.04203323443302809 -0.15219929171799373 0.015064223259782286
v 0.039789881818191354 -0.16051033097335252 0.017566145718162705
v 0.039789881818191354 -0.152787320614886 0.03408615163214949
v 0.03305984795352345 -0.15848757851976292 0.037784361279277964
v 0.024471352330826174 -0.16038767887596062 0.039017097828320794
v 0.024471352330826174 -0.1691938203433338 0.02018018832719721
v 0.03305984795352345 -0.16702295399579906 0.01952668007292281
v 0.039789881818191354 -0.13888988933782376 0.011057608860843948
v 0.039789881818191354 -0.13386369520804006 0.02180890880809499
v 0.04203323443302809 -0.1411380523090257 0.026528352795187456
v 0.039789881818191354 -0.13386369520804006 0.02180890880809499
v 0.039789881818191354 -0.13888988933782376 0.011057608860843948
v 0.03305984795352345 -0.13237726631537722 0.009097074506083842
v 0.024471352330826174 -0.13020638078396865 0.008443566251809446
v 0.024471352330826174 -0.12626337051874467 0.016877957815955223
v 0.03305984795352345 -0.1281634516910685 0.01811069916096651
v 0.039789881818191354 -0.1403267902642019 0.04847428721814846
v 0.039789881818191354 -0.152787320614886 0.03408615163214949
v 0.04203323443302809 -0.14551297790180576 0.02936670764505702
v 0.039789881818191354 -0.152787320614886 0.03408615163214949
v 0.039789881818191354 -0.1403267902642019 0.04847428721814846
v 0.03305984795352345 -0.14483825228306502 0.05354520375382013
v 0.024471352330826174 -0.14634205696945787 0.05523551406167915
v 0.024471352330826174 -0.16038767887596062 0.039017097828320794
v 0.03305984795352345 -0.15848757851976292 0.037784361279277964
v 0.039789881818191354 -0.13386369520804006 0.02180890880809499
v 0.039789881818191354 -0.12534974332311405 0.03163996312324084
v 0.04203323443302809 -0.1311069965171677 0.03811117775400514
v 0.039789881818191354 -0.12534974332311405 0.03163996312324084
v 0.039789881818191354 -0.13386369520804006 0.02180890880809499
v 0.03305984795352345 -0.1281634516910685 0.01811069916096651
v 0.024471352330826174 -0.12626337051874467 0.016877957815955223
v 0.024471352330826174 -0.11933445743398421 0.02487874107567862
v 0.03305984795352345 -0.12083828610021936 0.026569046587569173
v 0.039789881818191354 -0.12385865274910825 0.059670533139260934
v 0.039789881818191354 -0.1403267902642019 0.04847428721814846
v 0.04203323443302809 -0.13456952268224284 0.042003072587384165
v 0.039789881818191354 -0.1403267902642019 0.04847428721814846
v 0.039789881818191354 -0.12385865274910825 0.059670533139260934
v 0.03305984795352345 -0.12695637357328582 0.0657026288978425
v 0.024471352330826174 -0.12798893119478347 0.06771332908269251
v 0.024471352330826174 -0.14634205696945787 0.05523551406167915
v 0.03305984795352345 -0.14483825228306502 0.05354520375382013
v 0.039789881818191354 -0.12534974332311405 0.03163996312324084
v 0.039789881818191354 -0.11357501248234442 0.03964529775703262
v 0.04203323443302809 -0.11752810387327096 0.04734311968914808
v 0.039789881818191354 -0.11357501248234442 0.03964529775703262
v 0.039789881818191354 -0.12534974332311405 0.03163996312324084
v 0.03305984795352345 -0.12083828610021936 0.026569046587569173
v 0.024471352330826174 -0.11933445743398421 0.02487874107567862
v 0.024471352330826174 -0.10944474842457454 0.03160249701763259
v 0.03305984795352345 -0.11047731084204068 0.0336131972024826
v 0.039789881818191354 -0.10447880125058336 0.06678304069263243
v 0.039789881818191354 -0.12385865274910825 0.059670533139260934
v 0.04203323443302809 -0.11990556135818167 0.05197271600311394
v 0.039789881818191354 -0.12385865274910825 0.059670533139260934
v 0.039789881818191354 -0.10447880125058336 0.06678304069263243
v 0.03305984795352345 -0.10604974949541394 0.0733754638342822
v 0.024471352330826174 -0.10657341169960667 0.07557294301080059
v 0.024471352330826174 -0.12798893119478347 0.06771332908269251
v 0.03305984795352345 -0.12695637357328582 0.0657026288978425
v 0.039789881818191354 -0.11357501248234442 0.03964529775703262
v 0.039789881818191354 -0.09926361718767132 0.04489766016744533
v 0.04203323443302809 -0.10126836557566266 0.05331053222111182
v 0.039789881818191354 -0.09926361718767132 0.04489766016744533
v 0.039789881818191354 -0.11357501248234442 0.03964529775703262
v 0.03305984795352345 -0.11047731084204068 0.0336131972024826
v 0.024471352330826174 -0.10944474842457454 0.03160249701763259
v 0.024471352330826174 -0.09716900194267952 0.03610776264524563
v 0.03305984795352345 -0.09769264496299843 0.03830523702579555
v 0.039789881818191354 -0.08356756824702152 0.06922229423114815
v 0.039789881818191354 -0.10447880125058336 0.06678304069263243
v 0.04203323443302809 -0.102474052862592 0.05837016863896594
v 0.039789881818191354 -0.10447880125058336 0.06678304069263243
v 0.039789881818191354 -0.08356756824702152 0.06922229423114815
v 0.03305984795352345 -0.08356756824702152 0.07599797132764832
v 0.024471352330826174 -0.08356756824702152 0.07825652716250274
v 0.024471352330826174 -0.10657341169960667 0.07557294301080059
v 0.03305984795352345 -0.10604974949541394 0.0733754638342822
v 0.039789881818191354 -0.09926361718767132 0.04489766016744533
v 0.039789881818191354 -0.08356756824702152 0.046728569086672944
v 0.04203323443302809 -0.08356756824702152 0.055375292562441114
v 0.039789881818191354 -0.08356756824702152 0.046728569086672944
v 0.039789881818191354 -0.09926361718767132 0.04489766016744533
v 0.03305984795352345 -0.09769264496299843 0.03830523702579555
v 0.024471352330826174 -0.09716900194267952 0.03610776264524563
v 0.024471352330826174 -0.08356756824702152 0.03769434095128681
v 0.03305984795352345 -0.08356756824702152 0.039952901582109686
v 0.039789881818191354 -0.06265634003942819 0.06678304069263243
v 0.039789881818191354 -0.08356756824702152 0.06922229423114815
v 0.04203323443302809 -0.08356756824702152 0.06057557555134844
v 0.039789881818191354 -0.08356756824702152 0.06922229423114815
v 0.039789881818191354 -0.06265634003942819 0.06678304069263243
v 0.03305984795352345 -0.06108536781475536 0.0733754638342822
v 0.024471352330826174 -0.06056172479443645 0.07557294301080059
v 0.024471352330826174 -0.08356756824702152 0.07825652716250274
v 0.03305984795352345 -0.08356756824702152 0.07599797132764832
v 0.039789881818191354 -0.08356756824702152 0.046728569086672944
v 0.039789881818191354 -0.06787152410234025 0.04489766016744533
v 0.04203323443302809 -0.06586677571434889 0.05331053222111182
v 0.039789881818191354 -0.06787152410234025 0.04489766016744533
v 0.039789881818191354 -0.08356756824702152 0.046728569086672944
v 0.03305984795352345 -0.08356756824702152 0.039952901582109686
v 0.024471352330826174 -0.08356756824702152 0.03769434095128681
v 0.024471352330826174 -0.0699661345513636 0.03610776264524563
v 0.03305984795352345 -0.06944245795926542 0.03830523702579555
v 0.039789881818191354 -0.043276450173155644 0.059670533139260934
v 0.039789881818191354 -0.06265634003942819 0.06678304069263243
v 0.04203323443302809 -0.06466108842741955 0.05837016863896594
v 0.039789881818191354 -0.06265634003942819 0.06678304069263243
v 0.039789881818191354 -0.043276450173155644 0.059670533139260934
v 0.03305984795352345 -0.040178748532851936 0.0657026288978425
v 0.024471352330826174 -0.039146205299259655 0.06771332908269251
v 0.024471352330826174 -0.06056172479443645 0.07557294301080059
v 0.03305984795352345 -0.06108536781475536 0.0733754638342822
v 0.039789881818191354 -0.06787152410234025 0.04489766016744533
v 0.039789881818191354 -0.05356012880766712 0.03964529775703262
v 0.04203323443302809 -0.049607018232866784 0.04734311968914808
v 0.039789881818191354 -0.05356012880766712 0.03964529775703262
v 0.039789881818191354 -0.06787152410234025 0.04489766016744533
v 0.03305984795352345 -0.06944245795926542 0.03830523702579555
v 0.024471352330826174 -0.0699661345513636 0.03610776264524563
v 0.024471352330826174 -0.05769037368156318 0.03160249701763259
v 0.03305984795352345 -0.05665783044797089 0.0336131972024826
v 0.039789881818191354 -0.02680834622984121 0.04847428721814846
v 0.039789881818191354 -0.043276450173155644 0.059670533139260934
v 0.04203323443302809 -0.04722956074795604 0.05197271600311394
v 0.039789881818191354 -0.043276450173155644 0.059670533139260934
v 0.039789881818191354 -0.02680834622984121 0.04847428721814846
v 0.03305984795352345 -0.022296869823072694 0.05354520375382013
v 0.024471352330826174 -0.02079307952458523 0.05523551406167915
v 0.024471352330826174 -0.039146205299259655 0.06771332908269251
v 0.03305984795352345 -0.040178748532851936 0.0657026288978425
v 0.039789881818191354 -0.05356012880766712 0.03964529775703262
v 0.039789881818191354 -0.04178539317092907 0.03163996312324084
v 0.04203323443302809 -0.03602812558897002 0.03811117775400514
v 0.039789881818191354 -0.04178539317092907 0.03163996312324084
v 0.039789881818191354 -0.05356012880766712 0.03964529775703262
v 0.03305984795352345 -0.05665783044797089 0.0336131972024826
v 0.024471352330826174 -0.05769037368156318 0.03160249701763259
v 0.024471352330826174 -0.04780066467215349 0.02487874107567862
v 0.03305984795352345 -0.04629683600591838 0.026569046587569173
v 0.039789881818191354 -0.014347801491251715 0.03408615163214949
v 0.039789881818191354 -0.02680834622984121 0.04847428721814846
v 0.04203323443302809 -0.0325656186077687 0.042003072587384165
v 0.039789881818191354 -0.02680834622984121 0.04847428721814846
v 0.039789881818191354 -0.014347801491251715 0.03408615163214949
v 0.03305984795352345 -0.008647538790406322 0.037784361279277964
v 0.024471352330826174 -0.006747438434208639 0.039017097828320794
v 0.024471352330826174 -0.02079307952458523 0.05523551406167915
v 0.03305984795352345 -0.022296869823072694 0.05354520375382013
v 0.039789881818191354 -0.04178539317092907 0.03163996312324084
v 0.039789881818191354 -0.033271407714223815 0.02180890880809499
v 0.04203323443302809 -0.025997069797112013 0.026528352795187456
v 0.039789881818191354 -0.033271407714223815 0.02180890880809499
v 0.039789881818191354 -0.04178539317092907 0.03163996312324084
v 0.03305984795352345 -0.04629683600591838 0.026569046587569173
v 0.024471352330826174 -0.04780066467215349 0.02487874107567862
v 0.024471352330826174 -0.04087177077126689 0.016877957815955223
v 0.03305984795352345 -0.03897167041506921 0.01811069916096651
v 0.039789881818191354 -0.006624791132785239 0.017566145718162705
v 0.039789881818191354 -0.014347801491251715 0.03408615163214949
v 0.04203323443302809 -0.021622144204331964 0.02936670764505702
v 0.039789881818191354 -0.014347801491251715 0.03408615163214949
v 0.039789881818191354 -0.006624791132785239 0.017566145718162705
v 0.03305984795352345 -0.00011218729421252765 0.01952668007292281
v 0.024471352330826174 0.002058683849290697 0.02018018832719721
v 0.024471352330826174 -0.006747438434208639 0.039017097828320794
v 0.03305984795352345 -0.008647538790406322 0.037784361279277964
v 0.039789881818191354 -0.033271407714223815 0.02180890880809499
v 0.039789881818191354 -0.028245251952187824 0.011057608860843948
v 0.04203323443302809 -0.01993423188070292 0.013559526523255908
v 0.039789881818191354 -0.028245251952187824 0.011057608860843948
v 0.039789881818191354 -0.033271407714223815 0.02180890880809499
v 0.03305984795352345 -0.03897167041506921 0.01811069916096651
v 0.024471352330826174 -0.04087177077126689 0.016877957815955223
v 0.024471352330826174 -0.03692872213829525 0.008443566251809446
v 0.03305984795352345 -0.03475785579076054 0.009097074506083842
v 0.039789881818191354 -0.004014690809824704 0
v 0.039789881818191354 -0.006624791132785239 0.017566145718162705
v 0.04203323443302809 -0.014935844776049345 0.015064223259782286
v 0.039789881818191354 -0.006624791132785239 0.017566145718162705
v 0.039789881818191354 -0.004014690809824704 0
v 0.03305984795352345 0.002789244132840831 0
v 0.024471352330826174 0.005057185677971175 0
v 0.024471352330826174 0.002058683849290697 0.02018018832719721
v 0.03305984795352345 -0.00011218729421252765 0.01952668007292281
v 0.039789881818191354 -0.028245251952187824 0.011057608860843948
v 0.039789881818191354 -0.026602234689311246 0
v 0.04203323443302809 -0.01791945991863045 0
v 0.039789881818191354 -0.026602234689311246 0
v 0.039789881818191354 -0.028245251952187824 0.011057608860843948
v 0.03305984795352345 -0.03475785579076054 0.009097074506083842
v 0.024471352330826174 -0.03692872213829525 0.008443566251809446
v 0.024471352330826174 -0.035674149544854775 0
v 0.03305984795352345 -0.03340616963197678 0
v -0.0006832480546938457 0.0074941419475945854 0
v -0.0006832480546938457 0.004391279845228107 -0.020882380457307417
v -0.0006832480546938457 0.0008257698494148311 -0.019809033124058833
v -0.0006832480546938457 0.004391279845228107 -0.020882380457307417
v -0.0006832480546938457 -0.004705847416508859 -0.04034166278546413
v -0.0006832480546938457 -0.007826598481230553 -0.038316972760616776
v -0.0006832480546938457 -0.004705847416508859 -0.04034166278546413
v -0.0006832480546938457 -0.01917721223915981 -0.057051728133545816
v -0.0006832480546938457 -0.021647169567755396 -0.0542755098510419
v -0.0006832480546938457 -0.01917721223915981 -0.057051728133545816
v -0.0006832480546938457 -0.0380367155476977 -0.06987381215851171
v -0.0006832480546938457 -0.039732641934623204 -0.06657136582868904
v -0.0006832480546938457 -0.0380367155476977 -0.06987381215851171
v -0.0006832480546938457 -0.05999907616263368 -0.0779341133868217
v -0.0006832480546938457 -0.06085913239056789 -0.07432490252640242
v -0.0006832480546938457 -0.05999907616263368 -0.0779341133868217
v -0.0006832480546938457 -0.08356756824702152 -0.08068332557092826
v -0.0006832480546938457 -0.08356756824702152 -0.07697378784629764
v -0.0006832480546938457 -0.08356756824702152 -0.08068332557092826
v -0.0006832480546938457 -0.10713606512737793 -0.0779341133868217
v -0.0006832480546938457 -0.10627600889944369 -0.07432490252640242
v -0.0006832480546938457 -0.10713606512737793 -0.0779341133868217
v -0.0006832480546938457 -0.12909840655844002 -0.06987381215851171
v -0.0006832480546938457 -0.12740248017151454 -0.06657136582868904
v -0.0006832480546938457 -0.12909840655844002 -0.06987381215851171
v -0.0006832480546938457 -0.14795790507100945 -0.057051728133545816
v -0.0006832480546938457 -0.1454879669262877 -0.0542755098510419
v -0.0006832480546938457 -0.14795790507100945 -0.057051728133545816
v -0.0006832480546938457 -0.1624292746896289 -0.04034166278546413
v -0.0006832480546938457 -0.15930852362490716 -0.038316972760616776
v -0.0006832480546938457 -0.1624292746896289 -0.04034166278546413
v -0.0006832480546938457 -0.1715264019513658 -0.020882380457307417
v -0.0006832480546938457 -0.16796089195555258 -0.019809033124058833
v -0.0006832480546938457 -0.1715264019513658 -0.020882380457307417
v -0.0006832480546938457 -0.17462925925776387 0
v -0.0006832480546938457 -0.17090425453485028 0
v -0.0006832480546938457 -0.17462925925776387 0
v -0.0006832480546938457 -0.1715264019513658 0.020882380457307417
v -0.0006832480546938457 -0.16796089195555258 0.019809033124058833
v -0.0006832480546938457 -0.1715264019513658 0.020882380457307417
v -0.0006832480546938457 -0.1624292746896289 0.04034166278546413
v -0.0006832480546938457 -0.15930852362490716 0.038316972760616776
v -0.0006832480546938457 -0.1624292746896289 0.04034166278546413
v -0.0006832480546938457 -0.14795790507100945 0.057051728133545816
v -0.0006832480546938457 -0.1454879669262877 0.0542755098510419
v -0.0006832480546938457 -0.14795790507100945 0.057051728133545816
v -0.0006832480546938457 -0.12909840655844002 0.06987381215851171
v -0.0006832480546938457 -0.12740248017151454 0.06657136582868904
v -0.0006832480546938457 -0.12909840655844002 0.06987381215851171
v -0.0006832480546938457 -0.10713606512737793 0.0779341133868217
v -0.0006832480546938457 -0.10627600889944369 0.07432490252640242
v -0.0006832480546938457 -0.10713606512737793 0.0779341133868217
v -0.0006832480546938457 -0.08356756824702152 0.08068332557092826
v -0.0006832480546938457 -0.08356756824702152 0.07697378784629764
v -0.0006832480546938457 -0.08356756824702152 0.08068332557092826
v -0.0006832480546938457 -0.05999907616263368 0.0779341133868217
v -0.0006832480546938457 -0.06085913239056789 0.07432490252640242
v -0.0006832480546938457 -0.05999907616263368 0.0779341133868217
v -0.0006832480546938457 -0.0380367155476977 0.06987381215851171
v -0.0006832480546938457 -0.039732641934623204 0.06657136582868904
v -0.0006832480546938457 -0.0380367155476977 0.06987381215851171
v -0.0006832480546938457 -0.01917721223915981 0.057051728133545816
v -0.0006832480546938457 -0.021647169567755396 0.0542755098510419
v -0.0006832480546938457 -0.01917721223915981 0.057051728133545816
v -0.0006832480546938457 -0.004705847416508859 0.04034166278546413
v -0.0006832480546938457 -0.007826598481230553 0.038316972760616776
v -0.0006832480546938457 -0.004705847416508859 0.04034166278546413
v -0.0006832480546938457 0.004391279845228107 0.020882380457307417
v -0.0006832480546938457 0.0008257698494148311 0.019809033124058833
v -0.0006832480546938457 0.004391279845228107 0.020882380457307417
v -0.0006832480546938457 0.0074941419475945854 0
v -0.0006832480546938457 0.0037691324287125283 0
v -0.0006832480546938457 0.0037691324287125283 0
v -0.0006832480546938457 0.0008257698494148311 -0.019809033124058833
v -0.0041611980543358055 0.0008257698494148311 -0.019809033124058833
v -0.0006832480546938457 0.0008257698494148311 -0.019809033124058833
v -0.0006832480546938457 -0.007826598481230553 -0.038316972760616776
v -0.0041611980543358055 -0.007826598481230553 -0.038316972760616776
v -0.0006832480546938457 -0.007826598481230553 -0.038316972760616776
v -0.0006832480546938457 -0.021647169567755396 -0.0542755098510419
v -0.0041611980543358055 -0.021647169567755396 -0.0542755098510419
v -0.0006832480546938457 -0.021647169567755396 -0.0542755098510419
v -0.0006832480546938457 -0.039732641934623204 -0.06657136582868904
v -0.0041611980543358055 -0.039732641934623204 -0.06657136582868904
v -0.0006832480546938457 -0.039732641934623204 -0.06657136582868904
v -0.0006832480546938457 -0.06085913239056789 -0.07432490252640242
v -0.0041611980543358055 -0.06085913239056789 -0.07432490252640242
v -0.0006832480546938457 -0.06085913239056789 -0.07432490252640242
v -0.0006832480546938457 -0.08356756824702152 -0.07697378784629764
v -0.0041611980543358055 -0.08356756824702152 -0.07697378784629764
v -0.0006832480546938457 -0.08356756824702152 -0.07697378784629764
v -0.0006832480546938457 -0.10627600889944369 -0.07432490252640242
v -0.0041611980543358055 -0.10627600889944369 -0.07432490252640242
v -0.0006832480546938457 -0.10627600889944369 -0.07432490252640242
v -0.0006832480546938457 -0.12740248017151454 -0.06657136582868904
v -0.0041611980543358055 -0.12740248017151454 -0.06657136582868904
v -0.0006832480546938457 -0.12740248017151454 -0.06657136582868904
v -0.0006832480546938457 -0.1454879669262877 -0.0542755098510419
v -0.0041611980543358055 -0.1454879669262877 -0.0542755098510419
v -0.0006832480546938457 -0.1454879669262877 -0.0542755098510419
v -0.0006832480546938457 -0.15930852362490716 -0.038316972760616776
v -0.0041611980543358055 -0.15930852362490716 -0.038316972760616776
v -0.0006832480546938457 -0.15930852362490716 -0.038316972760616776
v -0.0006832480546938457 -0.16796089195555258 -0.019809033124058833
v -0.0041611980543358055 -0.16796089195555258 -0.019809033124058833
v -0.0006832480546938457 -0.16796089195555258 -0.019809033124058833
v -0.0006832480546938457 -0.17090425453485028 0
v -0.0041611980543358055 -0.17090425453485028 0
v -0.0006832480546938457 -0.17090425453485028 0
v -0.0006832480546938457 -0.16796089195555258 0.019809033124058833
v -0.0041611980543358055 -0.16796089195555258 0.019809033124058833
v -0.0006832480546938457 -0.16796089195555258 0.019809033124058833
v -0.0006832480546938457 -0.15930852362490716 0.038316972760616776
v -0.0041611980543358055 -0.15930852362490716 0.038316972760616776
v -0.0006832480546938457 -0.15930852362490716 0.038316972760616776
v -0.0006832480546938457 -0.1454879669262877 0.0542755098510419
v -0.0041611980543358055 -0.1454879669262877 0.0542755098510419
v -0.0006832480546938457 -0.1454879669262877 0.0542755098510419
v -0.0006832480546938457 -0.12740248017151454 0.06657136582868904
v -0.0041611980543358055 -0.12740248017151454 0.06657136582868904
v -0.0006832480546938457 -0.12740248017151454 0.06657136582868904
v -0.0006832480546938457 -0.10627600889944369 0.07432490252640242
v -0.0041611980543358055 -0.10627600889944369 0.07432490252640242
v -0.0006832480546938457 -0.10627600889944369 0.07432490252640242
v -0.0006832480546938457 -0.08356756824702152 0.07697378784629764
v -0.0041611980543358055 -0.08356756824702152 0.07697378784629764
v -0.0006832480546938457 -0.08356756824702152 0.07697378784629764
v -0.0006832480546938457 -0.06085913239056789 0.07432490252640242
v -0.0041611980543358055 -0.06085913239056789 0.07432490252640242
v -0.0006832480546938457 -0.06085913239056789 0.07432490252640242
v -0.0006832480546938457 -0.039732641934623204 0.06657136582868904
v -0.0041611980543358055 -0.039732641934623204 0.06657136582868904
v -0.0006832480546938457 -0.039732641934623204 0.06657136582868904
v -0.0006832480546938457 -0.021647169567755396 0.0542755098510419
v -0.0041611980543358055 -0.021647169567755396 0.0542755098510419
v -0.0006832480546938457 -0.021647169567755396 0.0542755098510419
v -0.0006832480546938457 -0.007826598481230553 0.038316972760616776
v -0.0041611980543358055 -0.007826598481230553 0.038316972760616776
v -0.0006832480546938457 -0.007826598481230553 0.038316972760616776
v -0.0006832480546938457 0.0008257698494148311 0.019809033124058833
v -0.0041611980543358055 0.0008257698494148311 0.019809033124058833
v -0.0006832480546938457 0.0008257698494148311 0.019809033124058833
v -0.0006832480546938457 0.0037691324287125283 0
v -0.0041611980543358055 0.0037691324287125283 0
v -0.0041611980543358055 0.0037691324287125283 0
v -0.0041611980543358055 0.0008257698494148311 -0.019809033124058833
v -0.006261736320375507 0.0045390676133179545 -0.020680628452107424
v -0.0041611980543358055 0.0008257698494148311 -0.019809033124058833
v -0.0041611980543358055 -0.007826598481230553 -0.038316972760616776
v -0.006261736320375507 -0.004493990305763931 -0.04000291873717734
v -0.0041611980543358055 -0.007826598481230553 -0.038316972760616776
v -0.0041611980543358055 -0.021647169567755396 -0.0542755098510419
v -0.006261736320375507 -0.018922656621216997 -0.056663628773838834
v -0.0041611980543358055 -0.021647169567755396 -0.0542755098510419
v -0.0041611980543358055 -0.039732641934623204 -0.06657136582868904
v -0.006261736320375507 -0.03780389046284641 -0.06950050836150333
v -0.0041611980543358055 -0.039732641934623204 -0.06657136582868904
v -0.0041611980543358055 -0.06085913239056789 -0.07432490252640242
v -0.006261736320375507 -0.05985995950551914 -0.07759519668367035
v -0.0041611980543358055 -0.06085913239056789 -0.07432490252640242
v -0.0041611980543358055 -0.08356756824702152 -0.07697378784629764
v -0.006261736320375507 -0.08356756824702152 -0.08036063842504501
v -0.0041611980543358055 -0.08356756824702152 -0.07697378784629764
v -0.0041611980543358055 -0.10627600889944369 -0.07432490252640242
v -0.006261736320375507 -0.10727518178449244 -0.07759519668367035
v -0.0041611980543358055 -0.10627600889944369 -0.07432490252640242
v -0.0041611980543358055 -0.12740248017151454 -0.06657136582868904
v -0.006261736320375507 -0.1293312316432913 -0.06950050836150333
v -0.0041611980543358055 -0.12740248017151454 -0.06657136582868904
v -0.0041611980543358055 -0.1454879669262877 -0.0542755098510419
v -0.006261736320375507 -0.14821246548492073 -0.056663628773838834
v -0.0041611980543358055 -0.1454879669262877 -0.0542755098510419
v -0.0041611980543358055 -0.15930852362490716 -0.038316972760616776
v -0.006261736320375507 -0.1626411318003738 -0.04000291873717734
v -0.0041611980543358055 -0.15930852362490716 -0.038316972760616776
v -0.0041611980543358055 -0.16796089195555258 -0.019809033124058833
v -0.006261736320375507 -0.1716741897194557 -0.020680628452107424
v -0.0041611980543358055 -0.16796089195555258 -0.019809033124058833
v -0.0041611980543358055 -0.17090425453485028 0
v -0.006261736320375507 -0.1747470626310429 0
v -0.0041611980543358055 -0.17090425453485028 0
v -0.0041611980543358055 -0.16796089195555258 0.019809033124058833
v -0.006261736320375507 -0.1716741897194557 0.020680628452107424
v -0.0041611980543358055 -0.16796089195555258 0.019809033124058833
v -0.0041611980543358055 -0.15930852362490716 0.038316972760616776
v -0.006261736320375507 -0.1626411318003738 0.04000291873717734
v -0.0041611980543358055 -0.15930852362490716 0.038316972760616776
v -0.0041611980543358055 -0.1454879669262877 0.0542755098510419
v -0.006261736320375507 -0.14821246548492073 0.056663628773838834
v -0.0041611980543358055 -0.1454879669262877 0.0542755098510419
v -0.0041611980543358055 -0.12740248017151454 0.06657136582868904
v -0.006261736320375507 -0.1293312316432913 0.06950050836150333
v -0.0041611980543358055 -0.12740248017151454 0.06657136582868904
v -0.0041611980543358055 -0.10627600889944369 0.07432490252640242
v -0.006261736320375507 -0.10727518178449244 0.07759519668367035
v -0.0041611980543358055 -0.10627600889944369 0.07432490252640242
v -0.0041611980543358055 -0.08356756824702152 0.07697378784629764
v -0.006261736320375507 -0.08356756824702152 0.08036063842504501
v -0.0041611980543358055 -0.08356756824702152 0.07697378784629764
v -0.0041611980543358055 -0.06085913239056789 0.07432490252640242
v -0.006261736320375507 -0.05985995950551914 0.07759519668367035
v -0.0041611980543358055 -0.06085913239056789 0.07432490252640242
v -0.0041611980543358055 -0.039732641934623204 0.06657136582868904
v -0.006261736320375507 -0.03780389046284641 0.06950050836150333
v -0.0041611980543358055 -0.039732641934623204 0.06657136582868904
v -0.0041611980543358055 -0.021647169567755396 0.0542755098510419
v -0.006261736320375507 -0.018922656621216997 0.056663628773838834
v -0.0041611980543358055 -0.021647169567755396 0.0542755098510419
v -0.0041611980543358055 -0.007826598481230553 0.038316972760616776
v -0.006261736320375507 -0.004493990305763931 0.04000291873717734
v -0.0041611980543358055 -0.007826598481230553 0.038316972760616776
v -0.0041611980543358055 0.0008257698494148311 0.019809033124058833
v -0.006261736320375507 0.0045390676133179545 0.020680628452107424
v -0.0041611980543358055 0.0008257698494148311 0.019809033124058833
v -0.0041611980543358055 0.0037691324287125283 0
v -0.006261736320375507 0.007611926136999789 0
v -0.006261736320375507 0.007611926136999789 0
v -0.006261736320375507 0.0045390676133179545 -0.020680628452107424
v -0.010118452725101625 0.0045390676133179545 -0.020680628452107424
v -0.006261736320375507 0.0045390676133179545 -0.020680628452107424
v -0.006261736320375507 -0.004493990305763931 -0.04000291873717734
v -0.010118452725101625 -0.004493990305763931 -0.04000291873717734
v -0.006261736320375507 -0.004493990305763931 -0.04000291873717734
v -0.006261736320375507 -0.018922656621216997 -0.056663628773838834
v -0.010118452725101625 -0.018922656621216997 -0.056663628773838834
v -0.006261736320375507 -0.018922656621216997 -0.056663628773838834
v -0.006261736320375507 -0.03780389046284641 -0.06950050836150333
v -0.010118452725101625 -0.03780389046284641 -0.06950050836150333
v -0.006261736320375507 -0.03780389046284641 -0.06950050836150333
v -0.006261736320375507 -0.05985995950551914 -0.07759519668367035
v -0.010118452725101625 -0.05985995950551914 -0.07759519668367035
v -0.006261736320375507 -0.05985995950551914 -0.07759519668367035
v -0.006261736320375507 -0.08356756824702152 -0.08036063842504501
v -0.010118452725101625 -0.08356756824702152 -0.08036063842504501
v -0.006261736320375507 -0.08356756824702152 -0.08036063842504501
v -0.006261736320375507 -0.10727518178449244 -0.07759519668367035
v -0.010118452725101625 -0.10727518178449244 -0.07759519668367035
v -0.006261736320375507 -0.10727518178449244 -0.07759519668367035
v -0.006261736320375507 -0.1293312316432913 -0.06950050836150333
v -0.010118452725101625 -0.1293312316432913 -0.06950050836150333
v -0.006261736320375507 -0.1293312316432913 -0.06950050836150333
v -0.006261736320375507 -0.14821246548492073 -0.056663628773838834
v -0.010118452725101625 -0.14821246548492073 -0.056663628773838834
v -0.006261736320375507 -0.14821246548492073 -0.056663628773838834
v -0.006261736320375507 -0.1626411318003738 -0.04000291873717734
v -0.010118452725101625 -0.1626411318003738 -0.04000291873717734
v -0.006261736320375507 -0.1626411318003738 -0.04000291873717734
v -0.006261736320375507 -0.1716741897194557 -0.020680628452107424
v -0.010118452725101625 -0.1716741897194557 -0.020680628452107424
v -0.006261736320375507 -0.1716741897194557 -0.020680628452107424
v -0.006261736320375507 -0.1747470626310429 0
v -0.010118452725101625 -0.1747470626310429 0
v -0.006261736320375507 -0.1747470626310429 0
v -0.006261736320375507 -0.1716741897194557 0.020680628452107424
v -0.010118452725101625 -0.1716741897194557 0.020680628452107424
v -0.006261736320375507 -0.1716741897194557 0.020680628452107424
v -0.006261736320375507 -0.1626411318003738 0.04000291873717734
v -0.010118452725101625 -0.1626411318003738 0.04000291873717734
v -0.006261736320375507 -0.1626411318003738 0.04000291873717734
v -0.006261736320375507 -0.14821246548492073 0.056663628773838834
v -0.010118452725101625 -0.14821246548492073 0.056663628773838834
v -0.006261736320375507 -0.14821246548492073 0.056663628773838834
v -0.006261736320375507 -0.1293312316432913 0.06950050836150333
v -0.010118452725101625 -0.1293312316432913 0.06950050836150333
v -0.006261736320375507 -0.1293312316432913 0.06950050836150333
v -0.006261736320375507 -0.10727518178449244 0.07759519668367035
v -0.010118452725101625 -0.10727518178449244 0.07759519668367035
v -0.006261736320375507 -0.10727518178449244 0.07759519668367035
v -0.006261736320375507 -0.08356756824702152 0.08036063842504501
v -0.010118452725101625 -0.08356756824702152 0.08036063842504501
v -0.006261736320375507 -0.08356756824702152 0.08036063842504501
v -0.006261736320375507 -0.05985995950551914 0.07759519668367035
v -0.010118452725101625 -0.05985995950551914 0.07759519668367035
v -0.006261736320375507 -0.05985995950551914 0.07759519668367035
v -0.006261736320375507 -0.03780389046284641 0.06950050836150333
v -0.010118452725101625 -0.03780389046284641 0.06950050836150333
v -0.006261736320375507 -0.03780389046284641 0.06950050836150333
v -0.006261736320375507 -0.018922656621216997 0.056663628773838834
v -0.010118452725101625 -0.018922656621216997 0.056663628773838834
v -0.006261736320375507 -0.018922656621216997 0.056663628773838834
v -0.006261736320375507 -0.004493990305763931 0.04000291873717734
v -0.010118452725101625 -0.004493990305763931 0.04000291873717734
v -0.006261736320375507 -0.004493990305763931 0.04000291873717734
v -0.006261736320375507 0.0045390676133179545 0.020680628452107424
v -0.010118452725101625 0.0045390676133179545 0.020680628452107424
v -0.006261736320375507 0.0045390676133179545 0.020680628452107424
v -0.006261736320375507 0.007611926136999789 0
v -0.010118452725101625 0.007611926136999789 0
v -0.010141046532515921 0.010675341398784122 0
v -0.01013952621051414 0.0074715625280856995 -0.021562616643808485
v -0.038991022147804665 0.0072616813563462805 -0.021562616643808485
v -0.01013952621051414 0.0074715625280856995 -0.021562616643808485
v -0.010135430453449454 -0.001926737165023637 -0.041666961525781816
v -0.0383638293724694 -0.0021151036222522247 -0.041666961525781816
v -0.010135430453449454 -0.001926737165023637 -0.041666961525781816
v -0.010129939069562936 -0.01689024508714934 -0.058945891080790236
v -0.03736303065411275 -0.017044219654552436 -0.058945891080790236
v -0.03736303065411275 -0.017044219654552436 -0.058945891080790236
v -0.010129939069562936 -0.01689024508714934 -0.058945891080790236
v -0.010127306082878488 -0.03353606843771148 -0.07026315847001825
v -0.010118452725101625 -0.03780389046284641 -0.06950050836150333
v -0.010118452725101625 -0.05985995950551914 -0.07759519668367035
v -0.03452766369259366 -0.05991641764622838 -0.07759519668367035
v -0.010118452725101625 -0.05985995950551914 -0.07759519668367035
v -0.010118452725101625 -0.08356756824702152 -0.08036063842504501
v -0.03289229599941057 -0.08356756824702152 -0.08036063842504501
v -0.010118452725101625 -0.08356756824702152 -0.08036063842504501
v -0.010118452725101625 -0.10727518178449244 -0.07759519668367035
v -0.031256923510258994 -0.10721870445990936 -0.07759519668367035
v -0.010118452725101625 -0.10727518178449244 -0.07759519668367035
v -0.010118452725101625 -0.1293312316432913 -0.06950050836150333
v -0.029735479251870863 -0.12922220968826229 -0.06950050836150333
v -0.010118452725101625 -0.1293312316432913 -0.06950050836150333
v -0.010118452725101625 -0.14821246548492073 -0.056663628773838834
v -0.028433028505295808 -0.14805849571348606 -0.056663628773838834
v -0.010118452725101625 -0.14821246548492073 -0.056663628773838834
v -0.010118452725101625 -0.1626411318003738 -0.04000291873717734
v -0.02743773555873109 -0.16245278452701903 -0.04000291873717734
v -0.010118452725101625 -0.1626411318003738 -0.04000291873717734
v -0.010118452725101625 -0.1716741897194557 -0.020680628452107424
v -0.026814619356586685 -0.17146432293562167 -0.020680628452107424
v -0.010118452725101625 -0.1716741897194557 -0.020680628452107424
v -0.010118452725101625 -0.1747470626310429 0
v -0.026602651938567257 -0.17452988199530758 0
v -0.010118452725101625 -0.1747470626310429 0
v -0.010118452725101625 -0.1716741897194557 0.020680628452107424
v -0.026814619356586685 -0.17146432293562167 0.020680628452107424
v -0.010118452725101625 -0.1716741897194557 0.020680628452107424
v -0.010118452725101625 -0.1626411318003738 0.04000291873717734
v -0.02743773555873109 -0.16245278452701903 0.04000291873717734
v -0.010118452725101625 -0.1626411318003738 0.04000291873717734
v -0.010118452725101625 -0.14821246548492073 0.056663628773838834
v -0.028433028505295808 -0.14805849571348606 0.056663628773838834
v -0.010118452725101625 -0.14821246548492073 0.056663628773838834
v -0.010118452725101625 -0.1293312316432913 0.06950050836150333
v -0.029735479251870863 -0.12922220968826229 0.06950050836150333
v -0.010118452725101625 -0.1293312316432913 0.06950050836150333
v -0.010118452725101625 -0.10727518178449244 0.07759519668367035
v -0.031256923510258994 -0.10721870445990936 0.07759519668367035
v -0.010118452725101625 -0.10727518178449244 0.07759519668367035
v -0.010118452725101625 -0.08356756824702152 0.08036063842504501
v -0.03289229599941057 -0.08356756824702152 0.08036063842504501
v -0.010118452725101625 -0.08356756824702152 0.08036063842504501
v -0.010118452725101625 -0.05985995950551914 0.07759519668367035
v -0.03452766369259366 -0.05991641764622838 0.07759519668367035
v -0.010118452725101625 -0.05985995950551914 0.07759519668367035
v -0.010118452725101625 -0.03780389046284641 0.06950050836150333
v -0.03604910795098179 -0.03791293160174932 0.06950050836150333
v -0.010127306082878488 -0.03353606843771148 0.07026315847001825
v -0.010129939069562936 -0.01689024508714934 0.058945891080790236
v -0.03736303065411275 -0.017044219654552436 0.058945891080790236
v -0.010129939069562936 -0.01689024508714934 0.058945891080790236
v -0.010135430453449454 -0.001926737165023637 0.041666961525781816
v -0.0383638293724694 -0.0021151036222522247 0.041666961525781816
v -0.010135430453449454 -0.001926737165023637 0.041666961525781816
v -0.01013952621051414 0.0074715625280856995 0.021562616643808485
v -0.038991022147804665 0.0072616813563462805 0.021562616643808485
v -0.01013952621051414 0.0074715625280856995 0.021562616643808485
v -0.010141046532515921 0.010675341398784122 0
v -0.039204509887825874 0.010458141579174999 0
v -0.04203323443302809 0.007197573645943619 0
v -0.04182125262710325 0.004132038566100006 -0.020680628452107424
v -0.041667239691952504 0.0019047476496352534 -0.0200085310240827
v -0.04182125262710325 0.004132038566100006 -0.020680628452107424
v -0.0411981556088327 -0.004879504638471117 -0.04000291873717734
v -0.04106335532333202 -0.006828965102057412 -0.038735123658693096
v -0.0411981556088327 -0.004879504638471117 -0.04000291873717734
v -0.040202824294520295 -0.01927381263587789 -0.056663628773838834
v -0.04009616195597349 -0.02081671885312379 -0.05492524847410687
v -0.040202824294520295 -0.01927381263587789 -0.056663628773838834
v -0.03890040711972448 -0.03811007947722785 -0.06950050836150333
v -0.03882715349746892 -0.03916948013419523 -0.06743261625276975
v -0.03890040711972448 -0.03811007947722785 -0.06950050836150333
v -0.03737896286133635 -0.060113565521706915 -0.07759519668367035
v -0.03734180849367798 -0.06065085786826248 -0.07533522603812028
v -0.03737896286133635 -0.060113565521706915 -0.07759519668367035
v -0.03574359516815322 -0.08376471612250012 -0.08036063842504501
v -0.03574359516815322 -0.08376471612250012 -0.07803784538863952
v -0.03574359516815322 -0.08376471612250012 -0.08036063842504501
v -0.034108227474970124 -0.10741585233538793 -0.07759519668367035
v -0.03414536745472308 -0.10687859356061154 -0.07533522603812028
v -0.034108227474970124 -0.10741585233538793 -0.07759519668367035
v -0.032586783216581997 -0.12941937674761467 -0.06950050836150333
v -0.032660036838837544 -0.12835995690677343 -0.06743261625276975
v -0.032586783216581997 -0.12941937674761467 -0.06950050836150333
v -0.03128433247000694 -0.14825564358896465 -0.056663628773838834
v -0.031391009196459124 -0.1467127373717187 -0.05492524847410687
v -0.03128433247000694 -0.14825564358896465 -0.056663628773838834
v -0.03028903952344222 -0.1626499324024976 -0.04000291873717734
v -0.03042380144119522 -0.1607004527550374 -0.038735123658693096
v -0.03028903952344222 -0.1626499324024976 -0.04000291873717734
v -0.029665923321297815 -0.17166147560706868 -0.020680628452107424
v -0.029819931460480148 -0.16943418469060392 -0.0200085310240827
v -0.029665923321297815 -0.17166147560706868 -0.020680628452107424
v -0.029453955903278387 -0.17472702987078612 0
v -0.029614841461232107 -0.17240010270956826 0
v -0.029453955903278387 -0.17472702987078612 0
v -0.029665923321297815 -0.17166147560706868 0.020680628452107424
v -0.029819931460480148 -0.16943418469060392 0.0200085310240827
v -0.029665923321297815 -0.17166147560706868 0.020680628452107424
v -0.03028903952344222 -0.1626499324024976 0.04000291873717734
v -0.03042380144119522 -0.1607004527550374 0.038735123658693096
v -0.03028903952344222 -0.1626499324024976 0.04000291873717734
v -0.03128433247000694 -0.14825564358896465 0.056663628773838834
v -0.031391009196459124 -0.1467127373717187 0.05492524847410687
v -0.03128433247000694 -0.14825564358896465 0.056663628773838834
v -0.032586783216581997 -0.12941937674761467 0.06950050836150333
v -0.032660036838837544 -0.12835995690677343 0.06743261625276975
v -0.032586783216581997 -0.12941937674761467 0.06950050836150333
v -0.034108227474970124 -0.10741585233538793 0.07759519668367035
v -0.03414536745472308 -0.10687859356061154 0.07533522603812028
v -0.034108227474970124 -0.10741585233538793 0.07759519668367035
v -0.03574359516815322 -0.08376471612250012 0.08036063842504501
v -0.03574359516815322 -0.08376471612250012 0.07803784538863952
v -0.03574359516815322 -0.08376471612250012 0.08036063842504501
v -0.03737896286133635 -0.060113565521706915 0.07759519668367035
v -0.03734180849367798 -0.06065085786826248 0.07533522603812028
v -0.03737896286133635 -0.060113565521706915 0.07759519668367035
v -0.03890040711972448 -0.03811007947722785 0.06950050836150333
v -0.03882715349746892 -0.03916948013419523 0.06743261625276975
v -0.03890040711972448 -0.03811007947722785 0.06950050836150333
v -0.040202824294520295 -0.01927381263587789 0.056663628773838834
v -0.04009616195597349 -0.02081671885312379 0.05492524847410687
v -0.040202824294520295 -0.01927381263587789 0.056663628773838834
v -0.0411981556088327 -0.004879504638471117 0.04000291873717734
v -0.04106335532333202 -0.006828965102057412 0.038735123658693096
v -0.0411981556088327 -0.004879504638471117 0.04000291873717734
v -0.04182125262710325 0.004132038566100006 0.020680628452107424
v -0.041667239691952504 0.0019047476496352534 0.0200085310240827
v -0.04182125262710325 0.004132038566100006 0.020680628452107424
v -0.04203323443302809 0.007197573645943619 0
v -0.041872329691200506 0.0048706512806942544 0
v -0.03902103052245786 0.005067832727951986 0
v -0.038815959707083646 0.002101895525113851 -0.0200085310240827
v -0.03865733784624298 -0.0001918819021096331 -0.019316372059990473
v -0.038815959707083646 0.002101895525113851 -0.0200085310240827
v -0.03821205135862089 -0.006631817226578882 -0.038735123658693096
v -0.03807322725558244 -0.008639491155330721 -0.03742947879712382
v -0.03821205135862089 -0.006631817226578882 -0.038735123658693096
v -0.03724486278723084 -0.02061953260989754 -0.05492524847410687
v -0.03713499674175288 -0.022208504104200215 -0.05313498059160792
v -0.03724486278723084 -0.02061953260989754 -0.05492524847410687
v -0.03597585432872624 -0.03897232746274819 -0.06743261625276975
v -0.03590040415291608 -0.040063343143802804 -0.06530300962189499
v -0.03597585432872624 -0.03897232746274819 -0.06743261625276975
v -0.03449050452896685 -0.06045367642100474 -0.07533522603812028
v -0.03445224708856274 -0.06100699209818465 -0.07300779050424568
v -0.03449050452896685 -0.06045367642100474 -0.07533522603812028
v -0.03289229599941057 -0.08356756824702152 -0.07803784538863952
v -0.03289229599941057 -0.08356756824702152 -0.07564572183217863
v -0.03289229599941057 -0.08356756824702152 -0.07803784538863952
v -0.03129406349001195 -0.10668144568513296 -0.07533522603812028
v -0.031332320930416095 -0.10612814439585844 -0.07300779050424568
v -0.03129406349001195 -0.10668144568513296 -0.07533522603812028
v -0.029808732874126415 -0.1281628090312949 -0.06743261625276975
v -0.029884149478157342 -0.1270717933502403 -0.06530300962189499
v -0.029808732874126415 -0.1281628090312949 -0.06743261625276975
v -0.02853971002771644 -0.14651558949624016 -0.05492524847410687
v -0.028649590461099782 -0.14492661800193754 -0.05313498059160792
v -0.02853971002771644 -0.14651558949624016 -0.05492524847410687
v -0.027572535844231773 -0.16050330487955883 -0.038735123658693096
v -0.027711340763396364 -0.158495630950807 -0.03742947879712382
v -0.027572535844231773 -0.16050330487955883 -0.038735123658693096
v -0.026968627495769015 -0.16923701763125157 -0.0200085310240827
v -0.02712723017273582 -0.1669432402040281 -0.019316372059990473
v -0.026968627495769015 -0.16923701763125157 -0.0200085310240827
v -0.026763542292489423 -0.17220295483408973 0
v -0.026929238206808346 -0.16980656286569956 0
v -0.026763542292489423 -0.17220295483408973 0
v -0.026968627495769015 -0.16923701763125157 0.0200085310240827
v -0.02712723017273582 -0.1669432402040281 0.019316372059990473
v -0.026968627495769015 -0.16923701763125157 0.0200085310240827
v -0.027572535844231773 -0.16050330487955883 0.038735123658693096
v -0.027711340763396364 -0.158495630950807 0.03742947879712382
v -0.027572535844231773 -0.16050330487955883 0.038735123658693096
v -0.02853971002771644 -0.14651558949624016 0.05492524847410687
v -0.028649590461099782 -0.14492661800193754 0.05313498059160792
v -0.02853971002771644 -0.14651558949624016 0.05492524847410687
v -0.029808732874126415 -0.1281628090312949 0.06743261625276975
v -0.029884149478157342 -0.1270717933502403 0.06530300962189499
v -0.029808732874126415 -0.1281628090312949 0.06743261625276975
v -0.03129406349001195 -0.10668144568513296 0.07533522603812028
v -0.031332320930416095 -0.10612814439585844 0.07300779050424568
v -0.03129406349001195 -0.10668144568513296 0.07533522603812028
v -0.03289229599941057 -0.08356756824702152 0.07803784538863952
v -0.03289229599941057 -0.08356756824702152 0.07564572183217863
v -0.03289229599941057 -0.08356756824702152 0.07803784538863952
v -0.03449050452896685 -0.06045367642100474 0.07533522603812028
v -0.03445224708856274 -0.06100699209818465 0.07300779050424568
v -0.03449050452896685 -0.06045367642100474 0.07533522603812028
v -0.03597585432872624 -0.03897232746274819 0.06743261625276975
v -0.03590040415291608 -0.040063343143802804 0.06530300962189499
v -0.03597585432872624 -0.03897232746274819 0.06743261625276975
v -0.03724486278723084 -0.02061953260989754 0.05492524847410687
v -0.03713499674175288 -0.022208504104200215 0.05313498059160792
v -0.03724486278723084 -0.02061953260989754 0.05492524847410687
v -0.03821205135862089 -0.006631817226578882 0.038735123658693096
v -0.03807322725558244 -0.008639491155330721 0.03742947879712382
v -0.03821205135862089 -0.006631817226578882 0.038735123658693096
v -0.038815959707083646 0.002101895525113851 0.0200085310240827
v -0.03865733784624298 -0.0001918819021096331 0.019316372059990473
v -0.038815959707083646 0.002101895525113851 0.0200085310240827
v -0.03902103052245786 0.005067832727951986 0
v -0.03885532981217046 0.002671421575687977 0
v -0.03984603301691911 0.0021736480092414802 0
v -0.03964930239069659 -0.0006713588488819034 -0.019192971791518847
v -0.040003623744540924 -0.0016878739558813932 -0.018895055822730655
v -0.03885532981217046 0.002671421575687977 0
v -0.03865733784624298 -0.0001918819021096331 -0.019316372059990473
v -0.03964930239069659 -0.0006713588488819034 -0.019192971791518847
v -0.03964930239069659 -0.0006713588488819034 -0.019192971791518847
v -0.039068707244917095 -0.00906796297753265 -0.037196706467925604
v -0.03943155583068303 -0.009961317614483538 -0.036634743659612584
v -0.03865733784624298 -0.0001918819021096331 -0.019316372059990473
v -0.03807322725558244 -0.008639491155330721 -0.03742947879712382
v -0.039068707244917095 -0.00906796297753265 -0.037196706467925604
v -0.039068707244917095 -0.00906796297753265 -0.037196706467925604
v -0.03813563239718186 -0.022562331473293173 -0.05281580889060573
v -0.03851092172513259 -0.023275477595365645 -0.05204525023010053
v -0.03807322725558244 -0.008639491155330721 -0.03742947879712382
v -0.03713499674175288 -0.022208504104200215 -0.05313498059160792
v -0.03813563239718186 -0.022562331473293173 -0.05281580889060573
v -0.03813563239718186 -0.022562331473293173 -0.05281580889060573
v -0.03690718823991059 -0.040328401932672654 -0.06492333677877195
v -0.037297311498307596 -0.04082720183636962 -0.0640067168988224
v -0.03713499674175288 -0.022208504104200215 -0.05313498059160792
v -0.03590040415291608 -0.040063343143802804 -0.06530300962189499
v -0.03690718823991059 -0.040328401932672654 -0.06492333677877195
v -0.03690718823991059 -0.040328401932672654 -0.06492333677877195
v -0.03546565440800026 -0.061176189069479275 -0.07259284810906898
v -0.03587179140508468 -0.061443554719178346 -0.0715910901970204
v -0.03590040415291608 -0.040063343143802804 -0.06530300962189499
v -0.03445224708856274 -0.06100699209818465 -0.07300779050424568
v -0.03546565440800026 -0.061176189069479275 -0.07259284810906898
v -0.03546565440800026 -0.061176189069479275 -0.07259284810906898
v -0.033912523185997974 -0.08363811694306578 -0.07521924033688757
v -0.03433512474280502 -0.08366731479904922 -0.07418964182792961
v -0.03445224708856274 -0.06100699209818465 -0.07300779050424568
v -0.03289229599941057 -0.08356756824702152 -0.07564572183217863
v -0.033912523185997974 -0.08363811694306578 -0.07521924033688757
v -0.033912523185997974 -0.08363811694306578 -0.07521924033688757
v -0.03235937278012186 -0.10610004481665225 -0.07259284810906898
v -0.03279843889665154 -0.10589111324666786 -0.0715910901970204
v -0.03289229599941057 -0.08356756824702152 -0.07564572183217863
v -0.031332320930416095 -0.10612814439585844 -0.07300779050424568
v -0.03235937278012186 -0.10610004481665225 -0.07259284810906898
v -0.03235937278012186 -0.10610004481665225 -0.07259284810906898
v -0.030917843744180013 -0.1269478271574904 -0.06492333677877195
v -0.03137291880342863 -0.12650744214963427 -0.0640067168988224
v -0.031332320930416095 -0.10612814439585844 -0.07300779050424568
v -0.029884149478157342 -0.1270717933502403 -0.06530300962189499
v -0.030917843744180013 -0.1269478271574904 -0.06492333677877195
v -0.030917843744180013 -0.1269478271574904 -0.06492333677877195
v -0.029689413974814123 -0.14471387843299605 -0.05281580889060573
v -0.030159289392729775 -0.14405919037048054 -0.05204525023010053
v -0.029884149478157342 -0.1270717933502403 -0.06530300962189499
v -0.028649590461099782 -0.14492661800193754 -0.05313498059160792
v -0.029689413974814123 -0.14471387843299605 -0.05281580889060573
v -0.029689413974814123 -0.14471387843299605 -0.05281580889060573
v -0.028756324739173476 -0.15820825172472505 -0.037196706467925604
v -0.029238674471053196 -0.1573733503513627 -0.036634743659612584
v -0.028649590461099782 -0.14492661800193754 -0.05313498059160792
v -0.027711340763396364 -0.158495630950807 -0.03742947879712382
v -0.028756324739173476 -0.15820825172472505 -0.037196706467925604
v -0.028756324739173476 -0.15820825172472505 -0.037196706467925604
v -0.028175743981299392 -0.16660485585337578 -0.019192971791518847
v -0.02866660176122685 -0.1656467892139963 -0.018895055822730655
v -0.027711340763396364 -0.158495630950807 -0.03742947879712382
v -0.02712723017273582 -0.1669432402040281 -0.019316372059990473
v -0.028175743981299392 -0.16660485585337578 -0.019192971791518847
v -0.028175743981299392 -0.16660485585337578 -0.019192971791518847
v -0.027979018151045285 -0.16944988189537297 0
v -0.02847293096288168 -0.16844767316228917 0
v -0.02712723017273582 -0.1669432402040281 -0.019316372059990473
v -0.026929238206808346 -0.16980656286569956 0
v -0.027979018151045285 -0.16944988189537297 0
v -0.027979018151045285 -0.16944988189537297 0
v -0.028175743981299392 -0.16660485585337578 0.019192971791518847
v -0.02866660176122685 -0.1656467892139963 0.018895055822730655
v -0.026929238206808346 -0.16980656286569956 0
v -0.02712723017273582 -0.1669432402040281 0.019316372059990473
v -0.028175743981299392 -0.16660485585337578 0.019192971791518847
v -0.028175743981299392 -0.16660485585337578 0.019192971791518847
v -0.028756324739173476 -0.15820825172472505 0.037196706467925604
v -0.029238674471053196 -0.1573733503513627 0.036634743659612584
v -0.02712723017273582 -0.1669432402040281 0.019316372059990473
v -0.027711340763396364 -0.158495630950807 0.03742947879712382
v -0.028756324739173476 -0.15820825172472505 0.037196706467925604
v -0.028756324739173476 -0.15820825172472505 0.037196706467925604
v -0.029689413974814123 -0.14471387843299605 0.05281580889060573
v -0.030159289392729775 -0.14405919037048054 0.05204525023010053
v -0.027711340763396364 -0.158495630950807 0.03742947879712382
v -0.028649590461099782 -0.14492661800193754 0.05313498059160792
v -0.029689413974814123 -0.14471387843299605 0.05281580889060573
v -0.029689413974814123 -0.14471387843299605 0.05281580889060573
v -0.030917843744180013 -0.1269478271574904 0.06492333677877195
v -0.03137291880342863 -0.12650744214963427 0.0640067168988224
v -0.028649590461099782 -0.14492661800193754 0.05313498059160792
v -0.029884149478157342 -0.1270717933502403 0.06530300962189499
v -0.030917843744180013 -0.1269478271574904 0.06492333677877195
v -0.030917843744180013 -0.1269478271574904 0.06492333677877195
v -0.03235937278012186 -0.10610004481665225 0.07259284810906898
v -0.03279843889665154 -0.10589111324666786 0.0715910901970204
v -0.029884149478157342 -0.1270717933502403 0.06530300962189499
v -0.031332320930416095 -0.10612814439585844 0.07300779050424568
v -0.03235937278012186 -0.10610004481665225 0.07259284810906898
v -0.03235937278012186 -0.10610004481665225 0.07259284810906898
v -0.033912523185997974 -0.08363811694306578 0.07521924033688757
v -0.03433512474280502 -0.08366731479904922 0.07418964182792961
v -0.031332320930416095 -0.10612814439585844 0.07300779050424568
v -0.03289229599941057 -0.08356756824702152 0.07564572183217863
v -0.033912523185997974 -0.08363811694306578 0.07521924033688757
v -0.033912523185997974 -0.08363811694306578 0.07521924033688757
v -0.03546565440800026 -0.061176189069479275 0.07259284810906898
v -0.03587179140508468 -0.061443554719178346 0.0715910901970204
v -0.03289229599941057 -0.08356756824702152 0.07564572183217863
v -0.03445224708856274 -0.06100699209818465 0.07300779050424568
v -0.03546565440800026 -0.061176189069479275 0.07259284810906898
v -0.03546565440800026 -0.061176189069479275 0.07259284810906898
v -0.03690718823991059 -0.040328401932672654 0.06492333677877195
v -0.037297311498307596 -0.04082720183636962 0.0640067168988224
v -0.03445224708856274 -0.06100699209818465 0.07300779050424568
v -0.03590040415291608 -0.040063343143802804 0.06530300962189499
v -0.03690718823991059 -0.040328401932672654 0.06492333677877195
v -0.03690718823991059 -0.040328401932672654 0.06492333677877195
v -0.03813563239718186 -0.022562331473293173 0.05281580889060573
v -0.03851092172513259 -0.023275477595365645 0.05204525023010053
v -0.03590040415291608 -0.040063343143802804 0.06530300962189499
v -0.03713499674175288 -0.022208504104200215 0.05313498059160792
v -0.03813563239718186 -0.022562331473293173 0.05281580889060573
v -0.03813563239718186 -0.022562331473293173 0.05281580889060573
v -0.039068707244917095 -0.00906796297753265 0.037196706467925604
v -0.03943155583068303 -0.009961317614483538 0.036634743659612584
v -0.03713499674175288 -0.022208504104200215 0.05313498059160792
v -0.03807322725558244 -0.008639491155330721 0.03742947879712382
v -0.039068707244917095 -0.00906796297753265 0.037196706467925604
v -0.039068707244917095 -0.00906796297753265 0.037196706467925604
v -0.03964930239069659 -0.0006713588488819034 0.019192971791518847
v -0.040003623744540924 -0.0016878739558813932 0.018895055822730655
v -0.03807322725558244 -0.008639491155330721 0.03742947879712382
v -0.03865733784624298 -0.0001918819021096331 0.019316372059990473
v -0.03964930239069659 -0.0006713588488819034 0.019192971791518847
v -0.03964930239069659 -0.0006713588488819034 0.019192971791518847
v -0.03984603301691911 0.0021736480092414802 0
v -0.04019729933885454 0.0011130051964430027 0
v -0.03865733784624298 -0.0001918819021096331 0.019316372059990473
v -0.03885532981217046 0.002671421575687977 0
v -0.03984603301691911 0.0021736480092414802 0
v -0.03918191608041158 0.007394759889169868 0
v -0.03896992947851829 0.0043291864415785355 -0.020680628452107424
v -0.04182125262710325 0.004132038566100006 -0.020680628452107424
v -0.038815959707083646 0.002101895525113851 -0.0200085310240827
v -0.03902103052245786 0.005067832727951986 0
v -0.041872329691200506 0.0048706512806942544 0
v -0.03896992947851829 0.0043291864415785355 -0.020680628452107424
v -0.03834685164412157 -0.004682356762992519 -0.04000291873717734
v -0.0411981556088327 -0.004879504638471117 -0.04000291873717734
v -0.03821205135862089 -0.006631817226578882 -0.038735123658693096
v -0.038815959707083646 0.002101895525113851 -0.0200085310240827
v -0.041667239691952504 0.0019047476496352534 -0.0200085310240827
v -0.03834685164412157 -0.004682356762992519 -0.04000291873717734
v -0.03735153951368299 -0.019076626392651643 -0.056663628773838834
v -0.040202824294520295 -0.01927381263587789 -0.056663628773838834
v -0.03724486278723084 -0.02061953260989754 -0.05492524847410687
v -0.03821205135862089 -0.006631817226578882 -0.038735123658693096
v -0.04106335532333202 -0.006828965102057412 -0.038735123658693096
v -0.03735153951368299 -0.019076626392651643 -0.056663628773838834
v -0.03604910795098179 -0.03791293160174932 -0.06950050836150333
v -0.03890040711972448 -0.03811007947722785 -0.06950050836150333
v -0.03597585432872624 -0.03897232746274819 -0.06743261625276975
v -0.03724486278723084 -0.02061953260989754 -0.05492524847410687
v -0.04009616195597349 -0.02081671885312379 -0.05492524847410687
v -0.03604910795098179 -0.03791293160174932 -0.06950050836150333
v -0.03452766369259366 -0.05991641764622838 -0.07759519668367035
v -0.03737896286133635 -0.060113565521706915 -0.07759519668367035
v -0.03449050452896685 -0.06045367642100474 -0.07533522603812028
v -0.03597585432872624 -0.03897232746274819 -0.06743261625276975
v -0.03882715349746892 -0.03916948013419523 -0.06743261625276975
v -0.03452766369259366 -0.05991641764622838 -0.07759519668367035
v -0.03289229599941057 -0.08356756824702152 -0.08036063842504501
v -0.03574359516815322 -0.08376471612250012 -0.08036063842504501
v -0.03289229599941057 -0.08356756824702152 -0.07803784538863952
v -0.03449050452896685 -0.06045367642100474 -0.07533522603812028
v -0.03734180849367798 -0.06065085786826248 -0.07533522603812028
v -0.03289229599941057 -0.08356756824702152 -0.08036063842504501
v -0.031256923510258994 -0.10721870445990936 -0.07759519668367035
v -0.034108227474970124 -0.10741585233538793 -0.07759519668367035
v -0.03129406349001195 -0.10668144568513296 -0.07533522603812028
v -0.03289229599941057 -0.08356756824702152 -0.07803784538863952
v -0.03574359516815322 -0.08376471612250012 -0.07803784538863952
v -0.031256923510258994 -0.10721870445990936 -0.07759519668367035
v -0.029735479251870863 -0.12922220968826229 -0.06950050836150333
v -0.032586783216581997 -0.12941937674761467 -0.06950050836150333
v -0.029808732874126415 -0.1281628090312949 -0.06743261625276975
v -0.03129406349001195 -0.10668144568513296 -0.07533522603812028
v -0.03414536745472308 -0.10687859356061154 -0.07533522603812028
v -0.029735479251870863 -0.12922220968826229 -0.06950050836150333
v -0.028433028505295808 -0.14805849571348606 -0.056663628773838834
v -0.03128433247000694 -0.14825564358896465 -0.056663628773838834
v -0.02853971002771644 -0.14651558949624016 -0.05492524847410687
v -0.029808732874126415 -0.1281628090312949 -0.06743261625276975
v -0.032660036838837544 -0.12835995690677343 -0.06743261625276975
v -0.028433028505295808 -0.14805849571348606 -0.056663628773838834
v -0.02743773555873109 -0.16245278452701903 -0.04000291873717734
v -0.03028903952344222 -0.1626499324024976 -0.04000291873717734
v -0.027572535844231773 -0.16050330487955883 -0.038735123658693096
v -0.02853971002771644 -0.14651558949624016 -0.05492524847410687
v -0.031391009196459124 -0.1467127373717187 -0.05492524847410687
v -0.02743773555873109 -0.16245278452701903 -0.04000291873717734
v -0.026814619356586685 -0.17146432293562167 -0.020680628452107424
v -0.029665923321297815 -0.17166147560706868 -0.020680628452107424
v -0.026968627495769015 -0.16923701763125157 -0.0200085310240827
v -0.027572535844231773 -0.16050330487955883 -0.038735123658693096
v -0.03042380144119522 -0.1607004527550374 -0.038735123658693096
v -0.026814619356586685 -0.17146432293562167 -0.020680628452107424
v -0.026602651938567257 -0.17452988199530758 0
v -0.029453955903278387 -0.17472702987078612 0
v -0.026763542292489423 -0.17220295483408973 0
v -0.026968627495769015 -0.16923701763125157 -0.0200085310240827
v -0.029819931460480148 -0.16943418469060392 -0.0200085310240827
v -0.026602651938567257 -0.17452988199530758 0
v -0.026814619356586685 -0.17146432293562167 0.020680628452107424
v -0.029665923321297815 -0.17166147560706868 0.020680628452107424
v -0.026968627495769015 -0.16923701763125157 0.0200085310240827
v -0.026763542292489423 -0.17220295483408973 0
v -0.029614841461232107 -0.17240010270956826 0
v -0.026814619356586685 -0.17146432293562167 0.020680628452107424
v -0.02743773555873109 -0.16245278452701903 0.04000291873717734
v -0.03028903952344222 -0.1626499324024976 0.04000291873717734
v -0.027572535844231773 -0.16050330487955883 0.038735123658693096
v -0.026968627495769015 -0.16923701763125157 0.0200085310240827
v -0.029819931460480148 -0.16943418469060392 0.0200085310240827
v -0.02743773555873109 -0.16245278452701903 0.04000291873717734
v -0.028433028505295808 -0.14805849571348606 0.056663628773838834
v -0.03128433247000694 -0.14825564358896465 0.056663628773838834
v -0.02853971002771644 -0.14651558949624016 0.05492524847410687
v -0.027572535844231773 -0.16050330487955883 0.038735123658693096
v -0.03042380144119522 -0.1607004527550374 0.038735123658693096
v -0.028433028505295808 -0.14805849571348606 0.056663628773838834
v -0.029735479251870863 -0.12922220968826229 0.06950050836150333
v -0.032586783216581997 -0.12941937674761467 0.06950050836150333
v -0.029808732874126415 -0.1281628090312949 0.06743261625276975
v -0.02853971002771644 -0.14651558949624016 0.05492524847410687
v -0.031391009196459124 -0.1467127373717187 0.05492524847410687
v -0.029735479251870863 -0.12922220968826229 0.06950050836150333
v -0.031256923510258994 -0.10721870445990936 0.07759519668367035
v -0.034108227474970124 -0.10741585233538793 0.07759519668367035
v -0.03129406349001195 -0.10668144568513296 0.07533522603812028
v -0.029808732874126415 -0.1281628090312949 0.06743261625276975
v -0.032660036838837544 -0.12835995690677343 0.06743261625276975
v -0.031256923510258994 -0.10721870445990936 0.07759519668367035
v -0.03289229599941057 -0.08356756824702152 0.08036063842504501
v -0.03574359516815322 -0.08376471612250012 0.08036063842504501
v -0.03289229599941057 -0.08356756824702152 0.07803784538863952
v -0.03129406349001195 -0.10668144568513296 0.07533522603812028
v -0.03414536745472308 -0.10687859356061154 0.07533522603812028
v -0.03289229599941057 -0.08356756824702152 0.08036063842504501
v -0.03452766369259366 -0.05991641764622838 0.07759519668367035
v -0.03737896286133635 -0.060113565521706915 0.07759519668367035
v -0.03449050452896685 -0.06045367642100474 0.07533522603812028
v -0.03289229599941057 -0.08356756824702152 0.07803784538863952
v -0.03574359516815322 -0.08376471612250012 0.07803784538863952
v -0.03452766369259366 -0.05991641764622838 0.07759519668367035
v -0.03604910795098179 -0.03791293160174932 0.06950050836150333
v -0.03890040711972448 -0.03811007947722785 0.06950050836150333
v -0.03597585432872624 -0.03897232746274819 0.06743261625276975
v -0.03449050452896685 -0.06045367642100474 0.07533522603812028
v -0.03734180849367798 -0.06065085786826248 0.07533522603812028
v -0.03604910795098179 -0.03791293160174932 0.06950050836150333
v -0.03735153951368299 -0.019076626392651643 0.056663628773838834
v -0.040202824294520295 -0.01927381263587789 0.056663628773838834
v -0.03724486278723084 -0.02061953260989754 0.05492524847410687
v -0.03597585432872624 -0.03897232746274819 0.06743261625276975
v -0.03882715349746892 -0.03916948013419523 0.06743261625276975
v -0.03735153951368299 -0.019076626392651643 0.056663628773838834
v -0.03834685164412157 -0.004682356762992519 0.04000291873717734
v -0.0411981556088327 -0.004879504638471117 0.04000291873717734
v -0.03821205135862089 -0.006631817226578882 0.038735123658693096
v -0.03724486278723084 -0.02061953260989754 0.05492524847410687
v -0.04009616195597349 -0.02081671885312379 0.05492524847410687
v -0.03834685164412157 -0.004682356762992519 0.04000291873717734
v -0.03896992947851829 0.0043291864415785355 0.020680628452107424
v -0.04182125262710325 0.004132038566100006 0.020680628452107424
v -0.038815959707083646 0.002101895525113851 0.0200085310240827
v -0.03821205135862089 -0.006631817226578882 0.038735123658693096
v -0.04106335532333202 -0.006828965102057412 0.038735123658693096
v -0.03896992947851829 0.0043291864415785355 0.020680628452107424
v -0.03918191608041158 0.007394759889169868 0
v -0.04203323443302809 0.007197573645943619 0
v -0.03902103052245786 0.005067832727951986 0
v -0.038815959707083646 0.002101895525113851 0.0200085310240827
v -0.041667239691952504 0.0019047476496352534 0.0200085310240827
v -0.010118452725101625 0.007611926136999789 0
v -0.010118452725101625 0.0045390676133179545 -0.020680628452107424
v -0.01013952621051414 0.0074715625280856995 -0.021562616643808485
v -0.03896992947851829 0.0043291864415785355 -0.020680628452107424
v -0.03918191608041158 0.007394759889169868 0
v -0.039204509887825874 0.010458141579174999 0
v -0.010118452725101625 0.0045390676133179545 -0.020680628452107424
v -0.010118452725101625 -0.004493990305763931 -0.04000291873717734
v -0.010135430453449454 -0.001926737165023637 -0.041666961525781816
v -0.03834685164412157 -0.004682356762992519 -0.04000291873717734
v -0.03896992947851829 0.0043291864415785355 -0.020680628452107424
v -0.038991022147804665 0.0072616813563462805 -0.021562616643808485
v -0.010118452725101625 -0.004493990305763931 -0.04000291873717734
v -0.010118452725101625 -0.018922656621216997 -0.056663628773838834
v -0.010129939069562936 -0.01689024508714934 -0.058945891080790236
v -0.03735153951368299 -0.019076626392651643 -0.056663628773838834
v -0.03834685164412157 -0.004682356762992519 -0.04000291873717734
v -0.0383638293724694 -0.0021151036222522247 -0.041666961525781816
v -0.010118452725101625 -0.03780389046284641 -0.06950050836150333
v -0.03604910795098179 -0.03791293160174932 -0.06950050836150333
v -0.03604890652030648 -0.03795167823093633 -0.06944357062394813
v -0.03604910795098179 -0.03791293160174932 0.06950050836150333
v -0.010118452725101625 -0.03780389046284641 0.06950050836150333
v -0.010118265682331685 -0.03784264188800193 0.06944357062394813
v -0.010118452725101625 -0.018922656621216997 0.056663628773838834
v -0.010118452725101625 -0.004493990305763931 0.04000291873717734
v -0.010135430453449454 -0.001926737165023637 0.041666961525781816
v -0.03834685164412157 -0.004682356762992519 0.04000291873717734
v -0.03735153951368299 -0.019076626392651643 0.056663628773838834
v -0.03736303065411275 -0.017044219654552436 0.058945891080790236
v -0.010118452725101625 -0.004493990305763931 0.04000291873717734
v -0.010118452725101625 0.0045390676133179545 0.020680628452107424
v -0.01013952621051414 0.0074715625280856995 0.021562616643808485
v -0.03896992947851829 0.0043291864415785355 0.020680628452107424
v -0.03834685164412157 -0.004682356762992519 0.04000291873717734
v -0.0383638293724694 -0.0021151036222522247 0.041666961525781816
v -0.010118452725101625 0.0045390676133179545 0.020680628452107424
v -0.010118452725101625 0.007611926136999789 0
v -0.010141046532515921 0.010675341398784122 0
v -0.03918191608041158 0.007394759889169868 0
v -0.03896992947851829 0.0043291864415785355 0.020680628452107424
v -0.038991022147804665 0.0072616813563462805 0.021562616643808485
v -0.0101244860534241 -0.03585903892494997 -0.07074499503327276
v -0.010118265682331685 -0.03784264188800193 -0.06944357062394813
v -0.03604890652030648 -0.03795167823093633 -0.06944357062394813
v -0.036106112832095444 -0.03596870353975265 0.07074403583958079
v -0.03604890652030648 -0.03795167823093633 0.06944357062394813
v -0.010118265682331685 -0.03784264188800193 0.06944357062394813
v -0.036231968636418484 -0.03364748358100195 -0.07026070293416681
v -0.010127306082878488 -0.03353606843771148 -0.07026315847001825
v -0.0101244860534241 -0.03585903892494997 -0.07074499503327276
v -0.010127306082878488 -0.03353606843771148 0.07026315847001825
v -0.036231968636418484 -0.03364748358100195 0.07026070293416681
v -0.036106112832095444 -0.03596870353975265 0.07074403583958079
v 0.024471352330826174 0.004391279845228107 -0.020882380457307417
v -0.0006832480546938457 0.004391279845228107 -0.020882380457307417
v 0.024471352330826174 0.0074941419475945854 0
v 0.024471352330826174 -0.004705847416508859 -0.04034166278546413
v -0.0006832480546938457 -0.004705847416508859 -0.04034166278546413
v 0.024471352330826174 0.004391279845228107 -0.020882380457307417
v 0.024471352330826174 -0.01917721223915981 -0.057051728133545816
v -0.0006832480546938457 -0.01917721223915981 -0.057051728133545816
v 0.024471352330826174 -0.004705847416508859 -0.04034166278546413
v 0.024471352330826174 -0.0380367155476977 -0.06987381215851171
v -0.0006832480546938457 -0.0380367155476977 -0.06987381215851171
v 0.024471352330826174 -0.01917721223915981 -0.057051728133545816
v 0.024471352330826174 -0.05999907616263368 -0.0779341133868217
v -0.0006832480546938457 -0.05999907616263368 -0.0779341133868217
v 0.024471352330826174 -0.0380367155476977 -0.06987381215851171
v 0.024471352330826174 -0.08356756824702152 -0.08068332557092826
v -0.0006832480546938457 -0.08356756824702152 -0.08068332557092826
v 0.024471352330826174 -0.05999907616263368 -0.0779341133868217
v 0.024471352330826174 -0.10713606512737793 -0.0779341133868217
v -0.0006832480546938457 -0.10713606512737793 -0.0779341133868217
v 0.024471352330826174 -0.08356756824702152 -0.08068332557092826
v 0.024471352330826174 -0.12909840655844002 -0.06987381215851171
v -0.0006832480546938457 -0.12909840655844002 -0.06987381215851171
v 0.024471352330826174 -0.10713606512737793 -0.0779341133868217
v 0.024471352330826174 -0.14795790507100945 -0.057051728133545816
v -0.0006832480546938457 -0.14795790507100945 -0.057051728133545816
v 0.024471352330826174 -0.12909840655844002 -0.06987381215851171
v 0.024471352330826174 -0.1624292746896289 -0.04034166278546413
v -0.0006832480546938457 -0.1624292746896289 -0.04034166278546413
v 0.024471352330826174 -0.14795790507100945 -0.057051728133545816
v 0.024471352330826174 -0.1715264019513658 -0.020882380457307417
v -0.0006832480546938457 -0.1715264019513658 -0.020882380457307417
v 0.024471352330826174 -0.1624292746896289 -0.04034166278546413
v 0.024471352330826174 -0.17462925925776387 0
v -0.0006832480546938457 -0.17462925925776387 0
v 0.024471352330826174 -0.1715264019513658 -0.020882380457307417
v 0.024471352330826174 -0.1715264019513658 0.020882380457307417
v -0.0006832480546938457 -0.1715264019513658 0.020882380457307417
v 0.024471352330826174 -0.17462925925776387 0
v 0.024471352330826174 -0.1624292746896289 0.04034166278546413
v -0.0006832480546938457 -0.1624292746896289 0.04034166278546413
v 0.024471352330826174 -0.1715264019513658 0.020882380457307417
v 0.024471352330826174 -0.14795790507100945 0.057051728133545816
v -0.0006832480546938457 -0.14795790507100945 0.057051728133545816
v 0.024471352330826174 -0.1624292746896289 0.04034166278546413
v 0.024471352330826174 -0.12909840655844002 0.06987381215851171
v -0.0006832480546938457 -0.12909840655844002 0.06987381215851171
v 0.024471352330826174 -0.14795790507100945 0.057051728133545816
v 0.024471352330826174 -0.10713606512737793 0.0779341133868217
v -0.0006832480546938457 -0.10713606512737793 0.0779341133868217
v 0.024471352330826174 -0.12909840655844002 0.06987381215851171
v 0.024471352330826174 -0.08356756824702152 0.08068332557092826
v -0.0006832480546938457 -0.08356756824702152 0.08068332557092826
v 0.024471352330826174 -0.10713606512737793 0.0779341133868217
v 0.024471352330826174 -0.05999907616263368 0.0779341133868217
v -0.0006832480546938457 -0.05999907616263368 0.0779341133868217
v 0.024471352330826174 -0.08356756824702152 0.08068332557092826
v 0.024471352330826174 -0.0380367155476977 0.06987381215851171
v -0.0006832480546938457 -0.0380367155476977 0.06987381215851171
v 0.024471352330826174 -0.05999907616263368 0.0779341133868217
v 0.024471352330826174 -0.01917721223915981 0.057051728133545816
v -0.0006832480546938457 -0.01917721223915981 0.057051728133545816
v 0.024471352330826174 -0.0380367155476977 0.06987381215851171
v 0.024471352330826174 -0.004705847416508859 0.04034166278546413
v -0.0006832480546938457 -0.004705847416508859 0.04034166278546413
v 0.024471352330826174 -0.01917721223915981 0.057051728133545816
v 0.024471352330826174 0.004391279845228107 0.020882380457307417
v -0.0006832480546938457 0.004391279845228107 0.020882380457307417
v 0.024471352330826174 -0.004705847416508859 0.04034166278546413
v 0.024471352330826174 0.0074941419475945854 0
v -0.0006832480546938457 0.0074941419475945854 0
v 0.024471352330826174 0.004391279845228107 0.020882380457307417
v 0.024471352330826174 0.002058683849290697 -0.02018018832719721
v 0.024471352330826174 0.004391279845228107 -0.020882380457307417
v 0.024471352330826174 0.005057185677971175 0
v 0.024471352330826174 -0.006747438434208639 -0.039017097828320794
v 0.024471352330826174 -0.004705847416508859 -0.04034166278546413
v 0.024471352330826174 0.002058683849290697 -0.02018018832719721
v 0.024471352330826174 -0.02079307952458523 -0.05523551406167915
v 0.024471352330826174 -0.01917721223915981 -0.057051728133545816
v 0.024471352330826174 -0.006747438434208639 -0.039017097828320794
v 0.024471352330826174 -0.039146205299259655 -0.06771332908269251
v 0.024471352330826174 -0.0380367155476977 -0.06987381215851171
v 0.024471352330826174 -0.02079307952458523 -0.05523551406167915
v 0.024471352330826174 -0.06056172479443645 -0.07557294301080059
v 0.024471352330826174 -0.05999907616263368 -0.0779341133868217
v 0.024471352330826174 -0.039146205299259655 -0.06771332908269251
v 0.024471352330826174 -0.08356756824702152 -0.07825652716250274
v 0.024471352330826174 -0.08356756824702152 -0.08068332557092826
v 0.024471352330826174 -0.06056172479443645 -0.07557294301080059
v 0.024471352330826174 -0.10657341169960667 -0.07557294301080059
v 0.024471352330826174 -0.10713606512737793 -0.0779341133868217
v 0.024471352330826174 -0.08356756824702152 -0.07825652716250274
v 0.024471352330826174 -0.12798893119478347 -0.06771332908269251
v 0.024471352330826174 -0.12909840655844002 -0.06987381215851171
v 0.024471352330826174 -0.10657341169960667 -0.07557294301080059
v 0.024471352330826174 -0.14634205696945787 -0.05523551406167915
v 0.024471352330826174 -0.14795790507100945 -0.057051728133545816
v 0.024471352330826174 -0.12798893119478347 -0.06771332908269251
v 0.024471352330826174 -0.16038767887596062 -0.039017097828320794
v 0.024471352330826174 -0.1624292746896289 -0.04034166278546413
v 0.024471352330826174 -0.14634205696945787 -0.05523551406167915
v 0.024471352330826174 -0.1691938203433338 -0.02018018832719721
v 0.024471352330826174 -0.1715264019513658 -0.020882380457307417
v 0.024471352330826174 -0.16038767887596062 -0.039017097828320794
v 0.024471352330826174 -0.1721923269679827 0
v 0.024471352330826174 -0.17462925925776387 0
v 0.024471352330826174 -0.1691938203433338 -0.02018018832719721
v 0.024471352330826174 -0.1691938203433338 0.02018018832719721
v 0.024471352330826174 -0.1715264019513658 0.020882380457307417
v 0.024471352330826174 -0.1721923269679827 0
v 0.024471352330826174 -0.16038767887596062 0.039017097828320794
v 0.024471352330826174 -0.1624292746896289 0.04034166278546413
v 0.024471352330826174 -0.1691938203433338 0.02018018832719721
v 0.024471352330826174 -0.14634205696945787 0.05523551406167915
v 0.024471352330826174 -0.14795790507100945 0.057051728133545816
v 0.024471352330826174 -0.16038767887596062 0.039017097828320794
v 0.024471352330826174 -0.12798893119478347 0.06771332908269251
v 0.024471352330826174 -0.12909840655844002 0.06987381215851171
v 0.024471352330826174 -0.14634205696945787 0.05523551406167915
v 0.024471352330826174 -0.10657341169960667 0.07557294301080059
v 0.024471352330826174 -0.10713606512737793 0.0779341133868217
v 0.024471352330826174 -0.12798893119478347 0.06771332908269251
v 0.024471352330826174 -0.08356756824702152 0.07825652716250274
v 0.024471352330826174 -0.08356756824702152 0.08068332557092826
v 0.024471352330826174 -0.10657341169960667 0.07557294301080059
v 0.024471352330826174 -0.06056172479443645 0.07557294301080059
v 0.024471352330826174 -0.05999907616263368 0.0779341133868217
v 0.024471352330826174 -0.08356756824702152 0.07825652716250274
v 0.024471352330826174 -0.039146205299259655 0.06771332908269251
v 0.024471352330826174 -0.0380367155476977 0.06987381215851171
v 0.024471352330826174 -0.06056172479443645 0.07557294301080059
v 0.024471352330826174 -0.02079307952458523 0.05523551406167915
v 0.024471352330826174 -0.01917721223915981 0.057051728133545816
v 0.024471352330826174 -0.039146205299259655 0.06771332908269251
v 0.024471352330826174 -0.006747438434208639 0.039017097828320794
v 0.024471352330826174 -0.004705847416508859 0.04034166278546413
v 0.024471352330826174 -0.02079307952458523 0.05523551406167915
v 0.024471352330826174 0.002058683849290697 0.02018018832719721
v 0.024471352330826174 0.004391279845228107 0.020882380457307417
v 0.024471352330826174 -0.006747438434208639 0.039017097828320794
v 0.024471352330826174 0.005057185677971175 0
v 0.024471352330826174 0.0074941419475945854 0
v 0.024471352330826174 0.002058683849290697 0.02018018832719721
v 0.04203323443302809 -0.01993423188070292 -0.013559526523255908
v 0.04203323443302809 -0.014935844776049345 -0.015064223259782286
v 0.04203323443302809 -0.01791945991863045 0
v 0.04203323443302809 -0.025997069797112013 -0.026528352795187456
v 0.04203323443302809 -0.021622144204331964 -0.02936670764505702
v 0.04203323443302809 -0.01993423188070292 -0.013559526523255908
v 0.04203323443302809 -0.03602812558897002 -0.03811117775400514
v 0.04203323443302809 -0.0325656186077687 -0.042003072587384165
v 0.04203323443302809 -0.025997069797112013 -0.026528352795187456
v 0.04203323443302809 -0.049607018232866784 -0.04734311968914808
v 0.04203323443302809 -0.04722956074795604 -0.05197271600311394
v 0.04203323443302809 -0.03602812558897002 -0.03811117775400514
v 0.04203323443302809 -0.06586677571434889 -0.05331053222111182
v 0.04203323443302809 -0.06466108842741955 -0.05837016863896594
v 0.04203323443302809 -0.049607018232866784 -0.04734311968914808
v 0.04203323443302809 -0.08356756824702152 -0.055375292562441114
v 0.04203323443302809 -0.08356756824702152 -0.06057557555134844
v 0.04203323443302809 -0.06586677571434889 -0.05331053222111182
v 0.04203323443302809 -0.10126836557566266 -0.05331053222111182
v 0.04203323443302809 -0.102474052862592 -0.05837016863896594
v 0.04203323443302809 -0.08356756824702152 -0.055375292562441114
v 0.04203323443302809 -0.11752810387327096 -0.04734311968914808
v 0.04203323443302809 -0.11990556135818167 -0.05197271600311394
v 0.04203323443302809 -0.10126836557566266 -0.05331053222111182
v 0.04203323443302809 -0.1311069965171677 -0.03811117775400514
v 0.04203323443302809 -0.13456952268224284 -0.042003072587384165
v 0.04203323443302809 -0.11752810387327096 -0.04734311968914808
v 0.04203323443302809 -0.1411380523090257 -0.026528352795187456
v 0.04203323443302809 -0.14551297790180576 -0.02936670764505702
v 0.04203323443302809 -0.1311069965171677 -0.03811117775400514
v 0.04203323443302809 -0.1472009094093087 -0.013559526523255908
v 0.04203323443302809 -0.15219929171799373 -0.015064223259782286
v 0.04203323443302809 -0.1411380523090257 -0.026528352795187456
v 0.04203323443302809 -0.14921568137138108 0
v 0.04203323443302809 -0.1544376517296638 0
v 0.04203323443302809 -0.1472009094093087 -0.013559526523255908
v 0.04203323443302809 -0.1472009094093087 0.013559526523255908
v 0.04203323443302809 -0.15219929171799373 0.015064223259782286
v 0.04203323443302809 -0.14921568137138108 0
v 0.04203323443302809 -0.1411380523090257 0.026528352795187456
v 0.04203323443302809 -0.14551297790180576 0.02936670764505702
v 0.04203323443302809 -0.1472009094093087 0.013559526523255908
v 0.04203323443302809 -0.1311069965171677 0.03811117775400514
v 0.04203323443302809 -0.13456952268224284 0.042003072587384165
v 0.04203323443302809 -0.1411380523090257 0.026528352795187456
v 0.04203323443302809 -0.11752810387327096 0.04734311968914808
v 0.04203323443302809 -0.11990556135818167 0.05197271600311394
v 0.04203323443302809 -0.1311069965171677 0.03811117775400514
v 0.04203323443302809 -0.10126836557566266 0.05331053222111182
v 0.04203323443302809 -0.102474052862592 0.05837016863896594
v 0.04203323443302809 -0.11752810387327096 0.04734311968914808
v 0.04203323443302809 -0.08356756824702152 0.055375292562441114
v 0.04203323443302809 -0.08356756824702152 0.06057557555134844
v 0.04203323443302809 -0.10126836557566266 0.05331053222111182
v 0.04203323443302809 -0.06586677571434889 0.05331053222111182
v 0.04203323443302809 -0.06466108842741955 0.05837016863896594
v 0.04203323443302809 -0.08356756824702152 0.055375292562441114
v 0.04203323443302809 -0.049607018232866784 0.04734311968914808
v 0.04203323443302809 -0.04722956074795604 0.05197271600311394
v 0.04203323443302809 -0.06586677571434889 0.05331053222111182
v 0.04203323443302809 -0.03602812558897002 0.03811117775400514
v 0.04203323443302809 -0.0325656186077687 0.042003072587384165
v 0.04203323443302809 -0.049607018232866784 0.04734311968914808
v 0.04203323443302809 -0.025997069797112013 0.026528352795187456
v 0.04203323443302809 -0.021622144204331964 0.02936670764505702
v 0.04203323443302809 -0.03602812558897002 0.03811117775400514
v 0.04203323443302809 -0.01993423188070292 0.013559526523255908
v 0.04203323443302809 -0.014935844776049345 0.015064223259782286
v 0.04203323443302809 -0.025997069797112013 0.026528352795187456
v 0.04203323443302809 -0.01791945991863045 0
v 0.04203323443302809 -0.012697470376473948 0
v 0.04203323443302809 -0.01993423188070292 0.013559526523255908
v 0.04203323443302809 -0.014935844776049345 -0.015064223259782286
v 0.039789881818191354 -0.006624791132785239 -0.017566145718162705
v 0.04203323443302809 -0.012697470376473948 0
v 0.03305984795352345 0.002789244132840831 0
v 0.039789881818191354 -0.004014690809824704 0
v 0.03305984795352345 -0.00011218729421252765 -0.01952668007292281
v 0.03305984795352345 -0.00011218729421252765 -0.01952668007292281
v 0.024471352330826174 0.002058683849290697 -0.02018018832719721
v 0.03305984795352345 0.002789244132840831 0
v 0.04203323443302809 -0.01791945991863045 0
v 0.039789881818191354 -0.026602234689311246 0
v 0.04203323443302809 -0.01993423188070292 -0.013559526523255908
v 0.03305984795352345 -0.03475785579076054 -0.009097074506083842
v 0.039789881818191354 -0.028245251952187824 -0.011057608860843948
v 0.03305984795352345 -0.03340616963197678 0
v 0.03305984795352345 -0.03340616963197678 0
v 0.024471352330826174 -0.035674149544854775 0
v 0.03305984795352345 -0.03475785579076054 -0.009097074506083842
v 0.04203323443302809 -0.021622144204331964 -0.02936670764505702
v 0.039789881818191354 -0.014347801491251715 -0.03408615163214949
v 0.04203323443302809 -0.014935844776049345 -0.015064223259782286
v 0.03305984795352345 -0.00011218729421252765 -0.01952668007292281
v 0.039789881818191354 -0.006624791132785239 -0.017566145718162705
v 0.03305984795352345 -0.008647538790406322 -0.037784361279277964
v 0.03305984795352345 -0.008647538790406322 -0.037784361279277964
v 0.024471352330826174 -0.006747438434208639 -0.039017097828320794
v 0.03305984795352345 -0.00011218729421252765 -0.01952668007292281
v 0.04203323443302809 -0.01993423188070292 -0.013559526523255908
v 0.039789881818191354 -0.028245251952187824 -0.011057608860843948
v 0.04203323443302809 -0.025997069797112013 -0.026528352795187456
v 0.03305984795352345 -0.03897167041506921 -0.01811069916096651
v 0.039789881818191354 -0.033271407714223815 -0.02180890880809499
v 0.03305984795352345 -0.03475785579076054 -0.009097074506083842
v 0.03305984795352345 -0.03475785579076054 -0.009097074506083842
v 0.024471352330826174 -0.03692872213829525 -0.008443566251809446
v 0.03305984795352345 -0.03897167041506921 -0.01811069916096651
v 0.04203323443302809 -0.0325656186077687 -0.042003072587384165
v 0.039789881818191354 -0.02680834622984121 -0.04847428721814846
v 0.04203323443302809 -0.021622144204331964 -0.02936670764505702
v 0.03305984795352345 -0.008647538790406322 -0.037784361279277964
v 0.039789881818191354 -0.014347801491251715 -0.03408615163214949
v 0.03305984795352345 -0.022296869823072694 -0.05354520375382013
v 0.03305984795352345 -0.022296869823072694 -0.05354520375382013
v 0.024471352330826174 -0.02079307952458523 -0.05523551406167915
v 0.03305984795352345 -0.008647538790406322 -0.037784361279277964
v 0.04203323443302809 -0.025997069797112013 -0.026528352795187456
v 0.039789881818191354 -0.033271407714223815 -0.02180890880809499
v 0.04203323443302809 -0.03602812558897002 -0.03811117775400514
v 0.03305984795352345 -0.04629683600591838 -0.026569046587569173
v 0.039789881818191354 -0.04178539317092907 -0.03163996312324084
v 0.03305984795352345 -0.03897167041506921 -0.01811069916096651
v 0.03305984795352345 -0.03897167041506921 -0.01811069916096651
v 0.024471352330826174 -0.04087177077126689 -0.016877957815955223
v 0.03305984795352345 -0.04629683600591838 -0.026569046587569173
v 0.04203323443302809 -0.04722956074795604 -0.05197271600311394
v 0.039789881818191354 -0.043276450173155644 -0.059670533139260934
v 0.04203323443302809 -0.0325656186077687 -0.042003072587384165
v 0.03305984795352345 -0.022296869823072694 -0.05354520375382013
v 0.039789881818191354 -0.02680834622984121 -0.04847428721814846
v 0.03305984795352345 -0.040178748532851936 -0.0657026288978425
v 0.03305984795352345 -0.040178748532851936 -0.0657026288978425
v 0.024471352330826174 -0.039146205299259655 -0.06771332908269251
v 0.03305984795352345 -0.022296869823072694 -0.05354520375382013
v 0.04203323443302809 -0.03602812558897002 -0.03811117775400514
v 0.039789881818191354 -0.04178539317092907 -0.03163996312324084
v 0.04203323443302809 -0.049607018232866784 -0.04734311968914808
v 0.03305984795352345 -0.05665783044797089 -0.0336131972024826
v 0.039789881818191354 -0.05356012880766712 -0.03964529775703262
v 0.03305984795352345 -0.04629683600591838 -0.026569046587569173
v 0.03305984795352345 -0.04629683600591838 -0.026569046587569173
v 0.024471352330826174 -0.04780066467215349 -0.02487874107567862
v 0.03305984795352345 -0.05665783044797089 -0.0336131972024826
v 0.04203323443302809 -0.06466108842741955 -0.05837016863896594
v 0.039789881818191354 -0.06265634003942819 -0.06678304069263243
v 0.04203323443302809 -0.04722956074795604 -0.05197271600311394
v 0.03305984795352345 -0.040178748532851936 -0.0657026288978425
v 0.039789881818191354 -0.043276450173155644 -0.059670533139260934
v 0.03305984795352345 -0.06108536781475536 -0.0733754638342822
v 0.03305984795352345 -0.06108536781475536 -0.0733754638342822
v 0.024471352330826174 -0.06056172479443645 -0.07557294301080059
v 0.03305984795352345 -0.040178748532851936 -0.0657026288978425
v 0.04203323443302809 -0.049607018232866784 -0.04734311968914808
v 0.039789881818191354 -0.05356012880766712 -0.03964529775703262
v 0.04203323443302809 -0.06586677571434889 -0.05331053222111182
v 0.03305984795352345 -0.06944245795926542 -0.03830523702579555
v 0.039789881818191354 -0.06787152410234025 -0.04489766016744533
v 0.03305984795352345 -0.05665783044797089 -0.0336131972024826
v 0.03305984795352345 -0.05665783044797089 -0.0336131972024826
v 0.024471352330826174 -0.05769037368156318 -0.03160249701763259
v 0.03305984795352345 -0.06944245795926542 -0.03830523702579555
v 0.04203323443302809 -0.08356756824702152 -0.06057557555134844
v 0.039789881818191354 -0.08356756824702152 -0.06922229423114815
v 0.04203323443302809 -0.06466108842741955 -0.05837016863896594
v 0.03305984795352345 -0.06108536781475536 -0.0733754638342822
v 0.039789881818191354 -0.06265634003942819 -0.06678304069263243
v 0.03305984795352345 -0.08356756824702152 -0.07599797132764832
v 0.03305984795352345 -0.08356756824702152 -0.07599797132764832
v 0.024471352330826174 -0.08356756824702152 -0.07825652716250274
v 0.03305984795352345 -0.06108536781475536 -0.0733754638342822
v 0.04203323443302809 -0.06586677571434889 -0.05331053222111182
v 0.039789881818191354 -0.06787152410234025 -0.04489766016744533
v 0.04203323443302809 -0.08356756824702152 -0.055375292562441114
v 0.03305984795352345 -0.08356756824702152 -0.039952901582109686
v 0.039789881818191354 -0.08356756824702152 -0.046728569086672944
v 0.03305984795352345 -0.06944245795926542 -0.03830523702579555
v 0.03305984795352345 -0.06944245795926542 -0.03830523702579555
v 0.024471352330826174 -0.0699661345513636 -0.03610776264524563
v 0.03305984795352345 -0.08356756824702152 -0.039952901582109686
v 0.04203323443302809 -0.102474052862592 -0.05837016863896594
v 0.039789881818191354 -0.10447880125058336 -0.06678304069263243
v 0.04203323443302809 -0.08356756824702152 -0.06057557555134844
v 0.03305984795352345 -0.08356756824702152 -0.07599797132764832
v 0.039789881818191354 -0.08356756824702152 -0.06922229423114815
v 0.03305984795352345 -0.10604974949541394 -0.0733754638342822
v 0.03305984795352345 -0.10604974949541394 -0.0733754638342822
v 0.024471352330826174 -0.10657341169960667 -0.07557294301080059
v 0.03305984795352345 -0.08356756824702152 -0.07599797132764832
v 0.04203323443302809 -0.08356756824702152 -0.055375292562441114
v 0.039789881818191354 -0.08356756824702152 -0.046728569086672944
v 0.04203323443302809 -0.10126836557566266 -0.05331053222111182
v 0.03305984795352345 -0.09769264496299843 -0.03830523702579555
v 0.039789881818191354 -0.09926361718767132 -0.04489766016744533
v 0.03305984795352345 -0.08356756824702152 -0.039952901582109686
v 0.03305984795352345 -0.08356756824702152 -0.039952901582109686
v 0.024471352330826174 -0.08356756824702152 -0.03769434095128681
v 0.03305984795352345 -0.09769264496299843 -0.03830523702579555
v 0.04203323443302809 -0.11990556135818167 -0.05197271600311394
v 0.039789881818191354 -0.12385865274910825 -0.059670533139260934
v 0.04203323443302809 -0.102474052862592 -0.05837016863896594
v 0.03305984795352345 -0.10604974949541394 -0.0733754638342822
v 0.039789881818191354 -0.10447880125058336 -0.06678304069263243
v 0.03305984795352345 -0.12695637357328582 -0.0657026288978425
v 0.03305984795352345 -0.12695637357328582 -0.0657026288978425
v 0.024471352330826174 -0.12798893119478347 -0.06771332908269251
v 0.03305984795352345 -0.10604974949541394 -0.0733754638342822
v 0.04203323443302809 -0.10126836557566266 -0.05331053222111182
v 0.039789881818191354 -0.09926361718767132 -0.04489766016744533
v 0.04203323443302809 -0.11752810387327096 -0.04734311968914808
v 0.03305984795352345 -0.11047731084204068 -0.0336131972024826
v 0.039789881818191354 -0.11357501248234442 -0.03964529775703262
v 0.03305984795352345 -0.09769264496299843 -0.03830523702579555
v 0.03305984795352345 -0.09769264496299843 -0.03830523702579555
v 0.024471352330826174 -0.09716900194267952 -0.03610776264524563
v 0.03305984795352345 -0.11047731084204068 -0.0336131972024826
v 0.04203323443302809 -0.13456952268224284 -0.042003072587384165
v 0.039789881818191354 -0.1403267902642019 -0.04847428721814846
v 0.04203323443302809 -0.11990556135818167 -0.05197271600311394
v 0.03305984795352345 -0.12695637357328582 -0.0657026288978425
v 0.039789881818191354 -0.12385865274910825 -0.059670533139260934
v 0.03305984795352345 -0.14483825228306502 -0.05354520375382013
v 0.03305984795352345 -0.14483825228306502 -0.05354520375382013
v 0.024471352330826174 -0.14634205696945787 -0.05523551406167915
v 0.03305984795352345 -0.12695637357328582 -0.0657026288978425
v 0.04203323443302809 -0.11752810387327096 -0.04734311968914808
v 0.039789881818191354 -0.11357501248234442 -0.03964529775703262
v 0.04203323443302809 -0.1311069965171677 -0.03811117775400514
v 0.03305984795352345 -0.12083828610021936 -0.026569046587569173
v 0.039789881818191354 -0.12534974332311405 -0.03163996312324084
v 0.03305984795352345 -0.11047731084204068 -0.0336131972024826
v 0.03305984795352345 -0.11047731084204068 -0.0336131972024826
v 0.024471352330826174 -0.10944474842457454 -0.03160249701763259
v 0.03305984795352345 -0.12083828610021936 -0.026569046587569173
v 0.04203323443302809 -0.14551297790180576 -0.02936670764505702
v 0.039789881818191354 -0.152787320614886 -0.03408615163214949
v 0.04203323443302809 -0.13456952268224284 -0.042003072587384165
v 0.03305984795352345 -0.14483825228306502 -0.05354520375382013
v 0.039789881818191354 -0.1403267902642019 -0.04847428721814846
v 0.03305984795352345 -0.15848757851976292 -0.037784361279277964
v 0.03305984795352345 -0.15848757851976292 -0.037784361279277964
v 0.024471352330826174 -0.16038767887596062 -0.039017097828320794
v 0.03305984795352345 -0.14483825228306502 -0.05354520375382013
v 0.04203323443302809 -0.1311069965171677 -0.03811117775400514
v 0.039789881818191354 -0.12534974332311405 -0.03163996312324084
v 0.04203323443302809 -0.1411380523090257 -0.026528352795187456
v 0.03305984795352345 -0.1281634516910685 -0.01811069916096651
v 0.039789881818191354 -0.13386369520804006 -0.02180890880809499
v 0.03305984795352345 -0.12083828610021936 -0.026569046587569173
v 0.03305984795352345 -0.12083828610021936 -0.026569046587569173
v 0.024471352330826174 -0.11933445743398421 -0.02487874107567862
v 0.03305984795352345 -0.1281634516910685 -0.01811069916096651
v 0.04203323443302809 -0.15219929171799373 -0.015064223259782286
v 0.039789881818191354 -0.16051033097335252 -0.017566145718162705
v 0.04203323443302809 -0.14551297790180576 -0.02936670764505702
v 0.03305984795352345 -0.15848757851976292 -0.037784361279277964
v 0.039789881818191354 -0.152787320614886 -0.03408615163214949
v 0.03305984795352345 -0.16702295399579906 -0.01952668007292281
v 0.03305984795352345 -0.16702295399579906 -0.01952668007292281
v 0.024471352330826174 -0.1691938203433338 -0.02018018832719721
v 0.03305984795352345 -0.15848757851976292 -0.037784361279277964
v 0.04203323443302809 -0.1411380523090257 -0.026528352795187456
v 0.039789881818191354 -0.13386369520804006 -0.02180890880809499
v 0.04203323443302809 -0.1472009094093087 -0.013559526523255908
v 0.03305984795352345 -0.13237726631537722 -0.009097074506083842
v 0.039789881818191354 -0.13888988933782376 -0.011057608860843948
v 0.03305984795352345 -0.1281634516910685 -0.01811069916096651
v 0.03305984795352345 -0.1281634516910685 -0.01811069916096651
v 0.024471352330826174 -0.12626337051874467 -0.016877957815955223
v 0.03305984795352345 -0.13237726631537722 -0.009097074506083842
v 0.04203323443302809 -0.1544376517296638 0
v 0.039789881818191354 -0.163120431296313 0
v 0.04203323443302809 -0.15219929171799373 -0.015064223259782286
v 0.03305984795352345 -0.16702295399579906 -0.01952668007292281
v 0.039789881818191354 -0.16051033097335252 -0.017566145718162705
v 0.03305984795352345 -0.16992436623897855 0
v 0.03305984795352345 -0.16992436623897855 0
v 0.024471352330826174 -0.1721923269679827 0
v 0.03305984795352345 -0.16702295399579906 -0.01952668007292281
v 0.04203323443302809 -0.1472009094093087 -0.013559526523255908
v 0.039789881818191354 -0.13888988933782376 -0.011057608860843948
v 0.04203323443302809 -0.14921568137138108 0
v 0.03305984795352345 -0.1337289668620663 0
v 0.039789881818191354 -0.14053290180473185 0
v 0.03305984795352345 -0.13237726631537722 -0.009097074506083842
v 0.03305984795352345 -0.13237726631537722 -0.009097074506083842
v 0.024471352330826174 -0.13020638078396865 -0.008443566251809446
v 0.03305984795352345 -0.1337289668620663 0
v 0.04203323443302809 -0.15219929171799373 0.015064223259782286
v 0.039789881818191354 -0.16051033097335252 0.017566145718162705
v 0.04203323443302809 -0.1544376517296638 0
v 0.03305984795352345 -0.16992436623897855 0
v 0.039789881818191354 -0.163120431296313 0
v 0.03305984795352345 -0.16702295399579906 0.01952668007292281
v 0.03305984795352345 -0.16702295399579906 0.01952668007292281
v 0.024471352330826174 -0.1691938203433338 0.02018018832719721
v 0.03305984795352345 -0.16992436623897855 0
v 0.04203323443302809 -0.14921568137138108 0
v 0.039789881818191354 -0.14053290180473185 0
v 0.04203323443302809 -0.1472009094093087 0.013559526523255908
v 0.03305984795352345 -0.13237726631537722 0.009097074506083842
v 0.039789881818191354 -0.13888988933782376 0.011057608860843948
v 0.03305984795352345 -0.1337289668620663 0
v 0.03305984795352345 -0.1337289668620663 0
v 0.024471352330826174 -0.1314609869491883 0
v 0.03305984795352345 -0.13237726631537722 0.009097074506083842
v 0.04203323443302809 -0.14551297790180576 0.02936670764505702
v 0.039789881818191354 -0.152787320614886 0.03408615163214949
v 0.04203323443302809 -0.15219929171799373 0.015064223259782286
v 0.03305984795352345 -0.16702295399579906 0.01952668007292281
v 0.039789881818191354 -0.16051033097335252 0.017566145718162705
v 0.03305984795352345 -0.15848757851976292 0.037784361279277964
v 0.03305984795352345 -0.15848757851976292 0.037784361279277964
v 0.024471352330826174 -0.16038767887596062 0.039017097828320794
v 0.03305984795352345 -0.16702295399579906 0.01952668007292281
v 0.04203323443302809 -0.1472009094093087 0.013559526523255908
v 0.039789881818191354 -0.13888988933782376 0.011057608860843948
v 0.04203323443302809 -0.1411380523090257 0.026528352795187456
v 0.03305984795352345 -0.1281634516910685 0.01811069916096651
v 0.039789881818191354 -0.13386369520804006 0.02180890880809499
v 0.03305984795352345 -0.13237726631537722 0.009097074506083842
v 0.03305984795352345 -0.13237726631537722 0.009097074506083842
v 0.024471352330826174 -0.13020638078396865 0.008443566251809446
v 0.03305984795352345 -0.1281634516910685 0.01811069916096651
v 0.04203323443302809 -0.13456952268224284 0.042003072587384165
v 0.039789881818191354 -0.1403267902642019 0.04847428721814846
v 0.04203323443302809 -0.14551297790180576 0.02936670764505702
v 0.03305984795352345 -0.15848757851976292 0.037784361279277964
v 0.039789881818191354 -0.152787320614886 0.03408615163214949
v 0.03305984795352345 -0.14483825228306502 0.05354520375382013
v 0.03305984795352345 -0.14483825228306502 0.05354520375382013
v 0.024471352330826174 -0.14634205696945787 0.05523551406167915
v 0.03305984795352345 -0.15848757851976292 0.037784361279277964
v 0.04203323443302809 -0.1411380523090257 0.026528352795187456
v 0.039789881818191354 -0.13386369520804006 0.02180890880809499
v 0.04203323443302809 -0.1311069965171677 0.03811117775400514
v 0.03305984795352345 -0.12083828610021936 0.026569046587569173
v 0.039789881818191354 -0.12534974332311405 0.03163996312324084
v 0.03305984795352345 -0.1281634516910685 0.01811069916096651
v 0.03305984795352345 -0.1281634516910685 0.01811069916096651
v 0.024471352330826174 -0.12626337051874467 0.016877957815955223
v 0.03305984795352345 -0.12083828610021936 0.026569046587569173
v 0.04203323443302809 -0.11990556135818167 0.05197271600311394
v 0.039789881818191354 -0.12385865274910825 0.059670533139260934
v 0.04203323443302809 -0.13456952268224284 0.042003072587384165
v 0.03305984795352345 -0.14483825228306502 0.05354520375382013
v 0.039789881818191354 -0.1403267902642019 0.04847428721814846
v 0.03305984795352345 -0.12695637357328582 0.0657026288978425
v 0.03305984795352345 -0.12695637357328582 0.0657026288978425
v 0.024471352330826174 -0.12798893119478347 0.06771332908269251
v 0.03305984795352345 -0.14483825228306502 0.05354520375382013
v 0.04203323443302809 -0.1311069965171677 0.03811117775400514
v 0.039789881818191354 -0.12534974332311405 0.03163996312324084
v 0.04203323443302809 -0.11752810387327096 0.04734311968914808
v 0.03305984795352345 -0.11047731084204068 0.0336131972024826
v 0.039789881818191354 -0.11357501248234442 0.03964529775703262
v 0.03305984795352345 -0.12083828610021936 0.026569046587569173
v 0.03305984795352345 -0.12083828610021936 0.026569046587569173
v 0.024471352330826174 -0.11933445743398421 0.02487874107567862
v 0.03305984795352345 -0.11047731084204068 0.0336131972024826
v 0.04203323443302809 -0.102474052862592 0.05837016863896594
v 0.039789881818191354 -0.10447880125058336 0.06678304069263243
v 0.04203323443302809 -0.11990556135818167 0.05197271600311394
v 0.03305984795352345 -0.12695637357328582 0.0657026288978425
v 0.039789881818191354 -0.12385865274910825 0.059670533139260934
v 0.03305984795352345 -0.10604974949541394 0.0733754638342822
v 0.03305984795352345 -0.10604974949541394 0.0733754638342822
v 0.024471352330826174 -0.10657341169960667 0.07557294301080059
v 0.03305984795352345 -0.12695637357328582 0.0657026288978425
v 0.04203323443302809 -0.11752810387327096 0.04734311968914808
v 0.039789881818191354 -0.11357501248234442 0.03964529775703262
v 0.04203323443302809 -0.10126836557566266 0.05331053222111182
v 0.03305984795352345 -0.09769264496299843 0.03830523702579555
v 0.039789881818191354 -0.09926361718767132 0.04489766016744533
v 0.03305984795352345 -0.11047731084204068 0.0336131972024826
v 0.03305984795352345 -0.11047731084204068 0.0336131972024826
v 0.024471352330826174 -0.10944474842457454 0.03160249701763259
v 0.03305984795352345 -0.09769264496299843 0.03830523702579555
v 0.04203323443302809 -0.08356756824702152 0.06057557555134844
v 0.039789881818191354 -0.08356756824702152 0.06922229423114815
v 0.04203323443302809 -0.102474052862592 0.05837016863896594
v 0.03305984795352345 -0.10604974949541394 0.0733754638342822
v 0.039789881818191354 -0.10447880125058336 0.06678304069263243
v 0.03305984795352345 -0.08356756824702152 0.07599797132764832
v 0.03305984795352345 -0.08356756824702152 0.07599797132764832
v 0.024471352330826174 -0.08356756824702152 0.07825652716250274
v 0.03305984795352345 -0.10604974949541394 0.0733754638342822
v 0.04203323443302809 -0.10126836557566266 0.05331053222111182
v 0.039789881818191354 -0.09926361718767132 0.04489766016744533
v 0.04203323443302809 -0.08356756824702152 0.055375292562441114
v 0.03305984795352345 -0.08356756824702152 0.039952901582109686
v 0.039789881818191354 -0.08356756824702152 0.046728569086672944
v 0.03305984795352345 -0.09769264496299843 0.03830523702579555
v 0.03305984795352345 -0.09769264496299843 0.03830523702579555
v 0.024471352330826174 -0.09716900194267952 0.03610776264524563
v 0.03305984795352345 -0.08356756824702152 0.039952901582109686
v 0.04203323443302809 -0.06466108842741955 0.05837016863896594
v 0.039789881818191354 -0.06265634003942819 0.06678304069263243
v 0.04203323443302809 -0.08356756824702152 0.06057557555134844
v 0.03305984795352345 -0.08356756824702152 0.07599797132764832
v 0.039789881818191354 -0.08356756824702152 0.06922229423114815
v 0.03305984795352345 -0.06108536781475536 0.0733754638342822
v 0.03305984795352345 -0.06108536781475536 0.0733754638342822
v 0.024471352330826174 -0.06056172479443645 0.07557294301080059
v 0.03305984795352345 -0.08356756824702152 0.07599797132764832
v 0.04203323443302809 -0.08356756824702152 0.055375292562441114
v 0.039789881818191354 -0.08356756824702152 0.046728569086672944
v 0.04203323443302809 -0.06586677571434889 0.05331053222111182
v 0.03305984795352345 -0.06944245795926542 0.03830523702579555
v 0.039789881818191354 -0.06787152410234025 0.04489766016744533
v 0.03305984795352345 -0.08356756824702152 0.039952901582109686
v 0.03305984795352345 -0.08356756824702152 0.039952901582109686
v 0.024471352330826174 -0.08356756824702152 0.03769434095128681
v 0.03305984795352345 -0.06944245795926542 0.03830523702579555
v 0.04203323443302809 -0.04722956074795604 0.05197271600311394
v 0.039789881818191354 -0.043276450173155644 0.059670533139260934
v 0.04203323443302809 -0.06466108842741955 0.05837016863896594
v 0.03305984795352345 -0.06108536781475536 0.0733754638342822
v 0.039789881818191354 -0.06265634003942819 0.06678304069263243
v 0.03305984795352345 -0.040178748532851936 0.0657026288978425
v 0.03305984795352345 -0.040178748532851936 0.0657026288978425
v 0.024471352330826174 -0.039146205299259655 0.06771332908269251
v 0.03305984795352345 -0.06108536781475536 0.0733754638342822
v 0.04203323443302809 -0.06586677571434889 0.05331053222111182
v 0.039789881818191354 -0.06787152410234025 0.04489766016744533
v 0.04203323443302809 -0.049607018232866784 0.04734311968914808
v 0.03305984795352345 -0.05665783044797089 0.0336131972024826
v 0.039789881818191354 -0.05356012880766712 0.03964529775703262
v 0.03305984795352345 -0.06944245795926542 0.03830523702579555
v 0.03305984795352345 -0.06944245795926542 0.03830523702579555
v 0.024471352330826174 -0.0699661345513636 0.03610776264524563
v 0.03305984795352345 -0.05665783044797089 0.0336131972024826
v 0.04203323443302809 -0.0325656186077687 0.042003072587384165
v 0.039789881818191354 -0.02680834622984121 0.04847428721814846
v 0.04203323443302809 -0.04722956074795604 0.05197271600311394
v 0.03305984795352345 -0.040178748532851936 0.0657026288978425
v 0.039789881818191354 -0.043276450173155644 0.059670533139260934
v 0.03305984795352345 -0.022296869823072694 0.05354520375382013
v 0.03305984795352345 -0.022296869823072694 0.05354520375382013
v 0.024471352330826174 -0.02079307952458523 0.05523551406167915
v 0.03305984795352345 -0.040178748532851936 0.0657026288978425
v 0.04203323443302809 -0.049607018232866784 0.04734311968914808
v 0.039789881818191354 -0.05356012880766712 0.03964529775703262
v 0.04203323443302809 -0.03602812558897002 0.03811117775400514
v 0.03305984795352345 -0.04629683600591838 0.026569046587569173
v 0.039789881818191354 -0.04178539317092907 0.03163996312324084
v 0.03305984795352345 -0.05665783044797089 0.0336131972024826
v 0.03305984795352345 -0.05665783044797089 0.0336131972024826
v 0.024471352330826174 -0.05769037368156318 0.03160249701763259
v 0.03305984795352345 -0.04629683600591838 0.026569046587569173
v 0.04203323443302809 -0.021622144204331964 0.02936670764505702
v 0.039789881818191354 -0.014347801491251715 0.03408615163214949
v 0.04203323443302809 -0.0325656186077687 0.042003072587384165
v 0.03305984795352345 -0.022296869823072694 0.05354520375382013
v 0.039789881818191354 -0.02680834622984121 0.04847428721814846
v 0.03305984795352345 -0.008647538790406322 0.037784361279277964
v 0.03305984795352345 -0.008647538790406322 0.037784361279277964
v 0.024471352330826174 -0.006747438434208639 0.039017097828320794
v 0.03305984795352345 -0.022296869823072694 0.05354520375382013
v 0.04203323443302809 -0.03602812558897002 0.03811117775400514
v 0.039789881818191354 -0.04178539317092907 0.03163996312324084
v 0.04203323443302809 -0.025997069797112013 0.026528352795187456
v 0.03305984795352345 -0.03897167041506921 0.01811069916096651
v 0.039789881818191354 -0.033271407714223815 0.02180890880809499
v 0.03305984795352345 -0.04629683600591838 0.026569046587569173
v 0.03305984795352345 -0.04629683600591838 0.026569046587569173
v 0.024471352330826174 -0.04780066467215349 0.02487874107567862
v 0.03305984795352345 -0.03897167041506921 0.01811069916096651
v 0.04203323443302809 -0.014935844776049345 0.015064223259782286
v 0.039789881818191354 -0.006624791132785239 0.017566145718162705
v 0.04203323443302809 -0.021622144204331964 0.02936670764505702
v 0.03305984795352345 -0.008647538790406322 0.037784361279277964
v 0.039789881818191354 -0.014347801491251715 0.03408615163214949
v 0.03305984795352345 -0.00011218729421252765 0.01952668007292281
v 0.03305984795352345 -0.00011218729421252765 0.01952668007292281
v 0.024471352330826174 0.002058683849290697 0.02018018832719721
v 0.03305984795352345 -0.008647538790406322 0.037784361279277964
v 0.04203323443302809 -0.025997069797112013 0.026528352795187456
v 0.039789881818191354 -0.033271407714223815 0.02180890880809499
v 0.04203323443302809 -0.01993423188070292 0.013559526523255908
v 0.03305984795352345 -0.03475785579076054 0.009097074506083842
v 0.039789881818191354 -0.028245251952187824 0.011057608860843948
v 0.03305984795352345 -0.03897167041506921 0.01811069916096651
v 0.03305984795352345 -0.03897167041506921 0.01811069916096651
v 0.024471352330826174 -0.04087177077126689 0.016877957815955223
v 0.03305984795352345 -0.03475785579076054 0.009097074506083842
v 0.04203323443302809 -0.012697470376473948 0
v 0.039789881818191354 -0.004014690809824704 0
v 0.04203323443302809 -0.014935844776049345 0.015064223259782286
v 0.03305984795352345 -0.00011218729421252765 0.01952668007292281
v 0.039789881818191354 -0.006624791132785239 0.017566145718162705
v 0.03305984795352345 0.002789244132840831 0
v 0.03305984795352345 0.002789244132840831 0
v 0.024471352330826174 0.005057185677971175 0
v 0.03305984795352345 -0.00011218729421252765 0.01952668007292281
v 0.04203323443302809 -0.01993423188070292 0.013559526523255908
v 0.039789881818191354 -0.028245251952187824 0.011057608860843948
v 0.04203323443302809 -0.01791945991863045 0
v 0.03305984795352345 -0.03340616963197678 0
v 0.039789881818191354 -0.026602234689311246 0
v 0.03305984795352345 -0.03475785579076054 0.009097074506083842
v 0.03305984795352345 -0.03475785579076054 0.009097074506083842
v 0.024471352330826174 -0.03692872213829525 0.008443566251809446
v 0.03305984795352345 -0.03340616963197678 0
v -0.0006832480546938457 0.0037691324287125283 0
v -0.0006832480546938457 0.0074941419475945854 0
v -0.0006832480546938457 0.0008257698494148311 -0.019809033124058833
v -0.0006832480546938457 0.0008257698494148311 -0.019809033124058833
v -0.0006832480546938457 0.004391279845228107 -0.020882380457307417
v -0.0006832480546938457 -0.007826598481230553 -0.038316972760616776
v -0.0006832480546938457 -0.007826598481230553 -0.038316972760616776
v -0.0006832480546938457 -0.004705847416508859 -0.04034166278546413
v -0.0006832480546938457 -0.021647169567755396 -0.0542755098510419
v -0.0006832480546938457 -0.021647169567755396 -0.0542755098510419
v -0.0006832480546938457 -0.01917721223915981 -0.057051728133545816
v -0.0006832480546938457 -0.039732641934623204 -0.06657136582868904
v -0.0006832480546938457 -0.039732641934623204 -0.06657136582868904
v -0.0006832480546938457 -0.0380367155476977 -0.06987381215851171
v -0.0006832480546938457 -0.06085913239056789 -0.07432490252640242
v -0.0006832480546938457 -0.06085913239056789 -0.07432490252640242
v -0.0006832480546938457 -0.05999907616263368 -0.0779341133868217
v -0.0006832480546938457 -0.08356756824702152 -0.07697378784629764
v -0.0006832480546938457 -0.08356756824702152 -0.07697378784629764
v -0.0006832480546938457 -0.08356756824702152 -0.08068332557092826
v -0.0006832480546938457 -0.10627600889944369 -0.07432490252640242
v -0.0006832480546938457 -0.10627600889944369 -0.07432490252640242
v -0.0006832480546938457 -0.10713606512737793 -0.0779341133868217
v -0.0006832480546938457 -0.12740248017151454 -0.06657136582868904
v -0.0006832480546938457 -0.12740248017151454 -0.06657136582868904
v -0.0006832480546938457 -0.12909840655844002 -0.06987381215851171
v -0.0006832480546938457 -0.1454879669262877 -0.0542755098510419
v -0.0006832480546938457 -0.1454879669262877 -0.0542755098510419
v -0.0006832480546938457 -0.14795790507100945 -0.057051728133545816
v -0.0006832480546938457 -0.15930852362490716 -0.038316972760616776
v -0.0006832480546938457 -0.15930852362490716 -0.038316972760616776
v -0.0006832480546938457 -0.1624292746896289 -0.04034166278546413
v -0.0006832480546938457 -0.16796089195555258 -0.019809033124058833
v -0.0006832480546938457 -0.16796089195555258 -0.019809033124058833
v -0.0006832480546938457 -0.1715264019513658 -0.020882380457307417
v -0.0006832480546938457 -0.17090425453485028 0
v -0.0006832480546938457 -0.17090425453485028 0
v -0.0006832480546938457 -0.17462925925776387 0
v -0.0006832480546938457 -0.16796089195555258 0.019809033124058833
v -0.0006832480546938457 -0.16796089195555258 0.019809033124058833
v -0.0006832480546938457 -0.1715264019513658 0.020882380457307417
v -0.0006832480546938457 -0.15930852362490716 0.038316972760616776
v -0.0006832480546938457 -0.15930852362490716 0.038316972760616776
v -0.0006832480546938457 -0.1624292746896289 0.04034166278546413
v -0.0006832480546938457 -0.1454879669262877 0.0542755098510419
v -0.0006832480546938457 -0.1454879669262877 0.0542755098510419
v -0.0006832480546938457 -0.14795790507100945 0.057051728133545816
v -0.0006832480546938457 -0.12740248017151454 0.06657136582868904
v -0.0006832480546938457 -0.12740248017151454 0.06657136582868904
v -0.0006832480546938457 -0.12909840655844002 0.06987381215851171
v -0.0006832480546938457 -0.10627600889944369 0.07432490252640242
v -0.0006832480546938457 -0.10627600889944369 0.07432490252640242
v -0.0006832480546938457 -0.10713606512737793 0.0779341133868217
v -0.0006832480546938457 -0.08356756824702152 0.07697378784629764
v -0.0006832480546938457 -0.08356756824702152 0.07697378784629764
v -0.0006832480546938457 -0.08356756824702152 0.08068332557092826
v -0.0006832480546938457 -0.06085913239056789 0.07432490252640242
v -0.0006832480546938457 -0.06085913239056789 0.07432490252640242
v -0.0006832480546938457 -0.05999907616263368 0.0779341133868217
v -0.0006832480546938457 -0.039732641934623204 0.06657136582868904
v -0.0006832480546938457 -0.039732641934623204 0.06657136582868904
v -0.0006832480546938457 -0.0380367155476977 0.06987381215851171
v -0.0006832480546938457 -0.021647169567755396 0.0542755098510419
v -0.0006832480546938457 -0.021647169567755396 0.0542755098510419
v -0.0006832480546938457 -0.01917721223915981 0.057051728133545816
v -0.0006832480546938457 -0.007826598481230553 0.038316972760616776
v -0.0006832480546938457 -0.007826598481230553 0.038316972760616776
v -0.0006832480546938457 -0.004705847416508859 0.04034166278546413
v -0.0006832480546938457 0.0008257698494148311 0.019809033124058833
v -0.0006832480546938457 0.0008257698494148311 0.019809033124058833
v -0.0006832480546938457 0.004391279845228107 0.020882380457307417
v -0.0006832480546938457 0.0037691324287125283 0
v -0.0041611980543358055 0.0037691324287125283 0
v -0.0006832480546938457 0.0037691324287125283 0
v -0.0041611980543358055 0.0008257698494148311 -0.019809033124058833
v -0.0041611980543358055 0.0008257698494148311 -0.019809033124058833
v -0.0006832480546938457 0.0008257698494148311 -0.019809033124058833
v -0.0041611980543358055 -0.007826598481230553 -0.038316972760616776
v -0.0041611980543358055 -0.007826598481230553 -0.038316972760616776
v -0.0006832480546938457 -0.007826598481230553 -0.038316972760616776
v -0.0041611980543358055 -0.021647169567755396 -0.0542755098510419
v -0.0041611980543358055 -0.021647169567755396 -0.0542755098510419
v -0.0006832480546938457 -0.021647169567755396 -0.0542755098510419
v -0.0041611980543358055 -0.039732641934623204 -0.06657136582868904
v -0.0041611980543358055 -0.039732641934623204 -0.06657136582868904
v -0.0006832480546938457 -0.039732641934623204 -0.06657136582868904
v -0.0041611980543358055 -0.06085913239056789 -0.07432490252640242
v -0.0041611980543358055 -0.06085913239056789 -0.07432490252640242
v -0.0006832480546938457 -0.06085913239056789 -0.07432490252640242
v -0.0041611980543358055 -0.08356756824702152 -0.07697378784629764
v -0.0041611980543358055 -0.08356756824702152 -0.07697378784629764
v -0.0006832480546938457 -0.08356756824702152 -0.07697378784629764
v -0.0041611980543358055 -0.10627600889944369 -0.07432490252640242
v -0.0041611980543358055 -0.10627600889944369 -0.07432490252640242
v -0.0006832480546938457 -0.10627600889944369 -0.07432490252640242
v -0.0041611980543358055 -0.12740248017151454 -0.06657136582868904
v -0.0041611980543358055 -0.12740248017151454 -0.06657136582868904
v -0.0006832480546938457 -0.12740248017151454 -0.06657136582868904
v -0.0041611980543358055 -0.1454879669262877 -0.0542755098510419
v -0.0041611980543358055 -0.1454879669262877 -0.0542755098510419
v -0.0006832480546938457 -0.1454879669262877 -0.0542755098510419
v -0.0041611980543358055 -0.15930852362490716 -0.038316972760616776
v -0.0041611980543358055 -0.15930852362490716 -0.038316972760616776
v -0.0006832480546938457 -0.15930852362490716 -0.038316972760616776
v -0.0041611980543358055 -0.16796089195555258 -0.019809033124058833
v -0.0041611980543358055 -0.16796089195555258 -0.019809033124058833
v -0.0006832480546938457 -0.16796089195555258 -0.019809033124058833
v -0.0041611980543358055 -0.17090425453485028 0
v -0.0041611980543358055 -0.17090425453485028 0
v -0.0006832480546938457 -0.17090425453485028 0
v -0.0041611980543358055 -0.16796089195555258 0.019809033124058833
v -0.0041611980543358055 -0.16796089195555258 0.019809033124058833
v -0.0006832480546938457 -0.16796089195555258 0.019809033124058833
v -0.0041611980543358055 -0.15930852362490716 0.038316972760616776
v -0.0041611980543358055 -0.15930852362490716 0.038316972760616776
v -0.0006832480546938457 -0.15930852362490716 0.038316972760616776
v -0.0041611980543358055 -0.1454879669262877 0.0542755098510419
v -0.0041611980543358055 -0.1454879669262877 0.0542755098510419
v -0.0006832480546938457 -0.1454879669262877 0.0542755098510419
v -0.0041611980543358055 -0.12740248017151454 0.06657136582868904
v -0.0041611980543358055 -0.12740248017151454 0.06657136582868904
v -0.0006832480546938457 -0.12740248017151454 0.06657136582868904
v -0.0041611980543358055 -0.10627600889944369 0.07432490252640242
v -0.0041611980543358055 -0.10627600889944369 0.07432490252640242
v -0.0006832480546938457 -0.10627600889944369 0.07432490252640242
v -0.0041611980543358055 -0.08356756824702152 0.07697378784629764
v -0.0041611980543358055 -0.08356756824702152 0.07697378784629764
v -0.0006832480546938457 -0.08356756824702152 0.07697378784629764
v -0.0041611980543358055 -0.06085913239056789 0.07432490252640242
v -0.0041611980543358055 -0.06085913239056789 0.07432490252640242
v -0.0006832480546938457 -0.06085913239056789 0.07432490252640242
v -0.0041611980543358055 -0.039732641934623204 0.06657136582868904
v -0.0041611980543358055 -0.039732641934623204 0.06657136582868904
v -0.0006832480546938457 -0.039732641934623204 0.06657136582868904
v -0.0041611980543358055 -0.021647169567755396 0.0542755098510419
v -0.0041611980543358055 -0.021647169567755396 0.0542755098510419
v -0.0006832480546938457 -0.021647169567755396 0.0542755098510419
v -0.0041611980543358055 -0.007826598481230553 0.038316972760616776
v -0.0041611980543358055 -0.007826598481230553 0.038316972760616776
v -0.0006832480546938457 -0.007826598481230553 0.038316972760616776
v -0.0041611980543358055 0.0008257698494148311 0.019809033124058833
v -0.0041611980543358055 0.0008257698494148311 0.019809033124058833
v -0.0006832480546938457 0.0008257698494148311 0.019809033124058833
v -0.0041611980543358055 0.0037691324287125283 0
v -0.006261736320375507 0.007611926136999789 0
v -0.0041611980543358055 0.0037691324287125283 0
v -0.006261736320375507 0.0045390676133179545 -0.020680628452107424
v -0.006261736320375507 0.0045390676133179545 -0.020680628452107424
v -0.0041611980543358055 0.0008257698494148311 -0.019809033124058833
v -0.006261736320375507 -0.004493990305763931 -0.04000291873717734
v -0.006261736320375507 -0.004493990305763931 -0.04000291873717734
v -0.0041611980543358055 -0.007826598481230553 -0.038316972760616776
v -0.006261736320375507 -0.018922656621216997 -0.056663628773838834
v -0.006261736320375507 -0.018922656621216997 -0.056663628773838834
v -0.0041611980543358055 -0.021647169567755396 -0.0542755098510419
v -0.006261736320375507 -0.03780389046284641 -0.06950050836150333
v -0.006261736320375507 -0.03780389046284641 -0.06950050836150333
v -0.0041611980543358055 -0.039732641934623204 -0.06657136582868904
v -0.006261736320375507 -0.05985995950551914 -0.07759519668367035
v -0.006261736320375507 -0.05985995950551914 -0.07759519668367035
v -0.0041611980543358055 -0.06085913239056789 -0.07432490252640242
v -0.006261736320375507 -0.08356756824702152 -0.08036063842504501
v -0.006261736320375507 -0.08356756824702152 -0.08036063842504501
v -0.0041611980543358055 -0.08356756824702152 -0.07697378784629764
v -0.006261736320375507 -0.10727518178449244 -0.07759519668367035
v -0.006261736320375507 -0.10727518178449244 -0.07759519668367035
v -0.0041611980543358055 -0.10627600889944369 -0.07432490252640242
v -0.006261736320375507 -0.1293312316432913 -0.06950050836150333
v -0.006261736320375507 -0.1293312316432913 -0.06950050836150333
v -0.0041611980543358055 -0.12740248017151454 -0.06657136582868904
v -0.006261736320375507 -0.14821246548492073 -0.056663628773838834
v -0.006261736320375507 -0.14821246548492073 -0.056663628773838834
v -0.0041611980543358055 -0.1454879669262877 -0.0542755098510419
v -0.006261736320375507 -0.1626411318003738 -0.04000291873717734
v -0.006261736320375507 -0.1626411318003738 -0.04000291873717734
v -0.0041611980543358055 -0.15930852362490716 -0.038316972760616776
v -0.006261736320375507 -0.1716741897194557 -0.020680628452107424
v -0.006261736320375507 -0.1716741897194557 -0.020680628452107424
v -0.0041611980543358055 -0.16796089195555258 -0.019809033124058833
v -0.006261736320375507 -0.1747470626310429 0
v -0.006261736320375507 -0.1747470626310429 0
v -0.0041611980543358055 -0.17090425453485028 0
v -0.006261736320375507 -0.1716741897194557 0.020680628452107424
v -0.006261736320375507 -0.1716741897194557 0.020680628452107424
v -0.0041611980543358055 -0.16796089195555258 0.019809033124058833
v -0.006261736320375507 -0.1626411318003738 0.04000291873717734
v -0.006261736320375507 -0.1626411318003738 0.04000291873717734
v -0.0041611980543358055 -0.15930852362490716 0.038316972760616776
v -0.006261736320375507 -0.14821246548492073 0.056663628773838834
v -0.006261736320375507 -0.14821246548492073 0.056663628773838834
v -0.0041611980543358055 -0.1454879669262877 0.0542755098510419
v -0.006261736320375507 -0.1293312316432913 0.06950050836150333
v -0.006261736320375507 -0.1293312316432913 0.06950050836150333
v -0.0041611980543358055 -0.12740248017151454 0.06657136582868904
v -0.006261736320375507 -0.10727518178449244 0.07759519668367035
v -0.006261736320375507 -0.10727518178449244 0.07759519668367035
v -0.0041611980543358055 -0.10627600889944369 0.07432490252640242
v -0.006261736320375507 -0.08356756824702152 0.08036063842504501
v -0.006261736320375507 -0.08356756824702152 0.08036063842504501
v -0.0041611980543358055 -0.08356756824702152 0.07697378784629764
v -0.006261736320375507 -0.05985995950551914 0.07759519668367035
v -0.006261736320375507 -0.05985995950551914 0.07759519668367035
v -0.0041611980543358055 -0.06085913239056789 0.07432490252640242
v -0.006261736320375507 -0.03780389046284641 0.06950050836150333
v -0.006261736320375507 -0.03780389046284641 0.06950050836150333
v -0.0041611980543358055 -0.039732641934623204 0.06657136582868904
v -0.006261736320375507 -0.018922656621216997 0.056663628773838834
v -0.006261736320375507 -0.018922656621216997 0.056663628773838834
v -0.0041611980543358055 -0.021647169567755396 0.0542755098510419
v -0.006261736320375507 -0.004493990305763931 0.04000291873717734
v -0.006261736320375507 -0.004493990305763931 0.04000291873717734
v -0.0041611980543358055 -0.007826598481230553 0.038316972760616776
v -0.006261736320375507 0.0045390676133179545 0.020680628452107424
v -0.006261736320375507 0.0045390676133179545 0.020680628452107424
v -0.0041611980543358055 0.0008257698494148311 0.019809033124058833
v -0.006261736320375507 0.007611926136999789 0
v -0.010118452725101625 0.007611926136999789 0
v -0.006261736320375507 0.007611926136999789 0
v -0.010118452725101625 0.0045390676133179545 -0.020680628452107424
v -0.010118452725101625 0.0045390676133179545 -0.020680628452107424
v -0.006261736320375507 0.0045390676133179545 -0.020680628452107424
v -0.010118452725101625 -0.004493990305763931 -0.04000291873717734
v -0.010118452725101625 -0.004493990305763931 -0.04000291873717734
v -0.006261736320375507 -0.004493990305763931 -0.04000291873717734
v -0.010118452725101625 -0.018922656621216997 -0.056663628773838834
v -0.010118452725101625 -0.018922656621216997 -0.056663628773838834
v -0.006261736320375507 -0.018922656621216997 -0.056663628773838834
v -0.010118452725101625 -0.03780389046284641 -0.06950050836150333
v -0.010118452725101625 -0.03780389046284641 -0.06950050836150333
v -0.006261736320375507 -0.03780389046284641 -0.06950050836150333
v -0.010118452725101625 -0.05985995950551914 -0.07759519668367035
v -0.010118452725101625 -0.05985995950551914 -0.07759519668367035
v -0.006261736320375507 -0.05985995950551914 -0.07759519668367035
v -0.010118452725101625 -0.08356756824702152 -0.08036063842504501
v -0.010118452725101625 -0.08356756824702152 -0.08036063842504501
v -0.006261736320375507 -0.08356756824702152 -0.08036063842504501
v -0.010118452725101625 -0.10727518178449244 -0.07759519668367035
v -0.010118452725101625 -0.10727518178449244 -0.07759519668367035
v -0.006261736320375507 -0.10727518178449244 -0.07759519668367035
v -0.010118452725101625 -0.1293312316432913 -0.06950050836150333
v -0.010118452725101625 -0.1293312316432913 -0.06950050836150333
v -0.006261736320375507 -0.1293312316432913 -0.06950050836150333
v -0.010118452725101625 -0.14821246548492073 -0.056663628773838834
v -0.010118452725101625 -0.14821246548492073 -0.056663628773838834
v -0.006261736320375507 -0.14821246548492073 -0.056663628773838834
v -0.010118452725101625 -0.1626411318003738 -0.04000291873717734
v -0.010118452725101625 -0.1626411318003738 -0.04000291873717734
v -0.006261736320375507 -0.1626411318003738 -0.04000291873717734
v -0.010118452725101625 -0.1716741897194557 -0.020680628452107424
v -0.010118452725101625 -0.1716741897194557 -0.020680628452107424
v -0.006261736320375507 -0.1716741897194557 -0.020680628452107424
v -0.010118452725101625 -0.1747470626310429 0
v -0.010118452725101625 -0.1747470626310429 0
v -0.006261736320375507 -0.1747470626310429 0
v -0.010118452725101625 -0.1716741897194557 0.020680628452107424
v -0.010118452725101625 -0.1716741897194557 0.020680628452107424
v -0.006261736320375507 -0.1716741897194557 0.020680628452107424
v -0.010118452725101625 -0.1626411318003738 0.04000291873717734
v -0.010118452725101625 -0.1626411318003738 0.04000291873717734
v -0.006261736320375507 -0.1626411318003738 0.04000291873717734
v -0.010118452725101625 -0.14821246548492073 0.056663628773838834
v -0.010118452725101625 -0.14821246548492073 0.056663628773838834
v -0.006261736320375507 -0.14821246548492073 0.056663628773838834
v -0.010118452725101625 -0.1293312316432913 0.06950050836150333
v -0.010118452725101625 -0.1293312316432913 0.06950050836150333
v -0.006261736320375507 -0.1293312316432913 0.06950050836150333
v -0.010118452725101625 -0.10727518178449244 0.07759519668367035
v -0.010118452725101625 -0.10727518178449244 0.07759519668367035
v -0.006261736320375507 -0.10727518178449244 0.07759519668367035
v -0.010118452725101625 -0.08356756824702152 0.08036063842504501
v -0.010118452725101625 -0.08356756824702152 0.08036063842504501
v -0.006261736320375507 -0.08356756824702152 0.08036063842504501
v -0.010118452725101625 -0.05985995950551914 0.07759519668367035
v -0.010118452725101625 -0.05985995950551914 0.07759519668367035
v -0.006261736320375507 -0.05985995950551914 0.07759519668367035
v -0.010118452725101625 -0.03780389046284641 0.06950050836150333
v -0.010118452725101625 -0.03780389046284641 0.06950050836150333
v -0.006261736320375507 -0.03780389046284641 0.06950050836150333
v -0.010118452725101625 -0.018922656621216997 0.056663628773838834
v -0.010118452725101625 -0.018922656621216997 0.056663628773838834
v -0.006261736320375507 -0.018922656621216997 0.056663628773838834
v -0.010118452725101625 -0.004493990305763931 0.04000291873717734
v -0.010118452725101625 -0.004493990305763931 0.04000291873717734
v -0.006261736320375507 -0.004493990305763931 0.04000291873717734
v -0.010118452725101625 0.0045390676133179545 0.020680628452107424
v -0.010118452725101625 0.0045390676133179545 0.020680628452107424
v -0.006261736320375507 0.0045390676133179545 0.020680628452107424
v -0.010118452725101625 0.007611926136999789 0
v -0.039204509887825874 0.010458141579174999 0
v -0.010141046532515921 0.010675341398784122 0
v -0.038991022147804665 0.0072616813563462805 -0.021562616643808485
v -0.038991022147804665 0.0072616813563462805 -0.021562616643808485
v -0.01013952621051414 0.0074715625280856995 -0.021562616643808485
v -0.0383638293724694 -0.0021151036222522247 -0.041666961525781816
v -0.0383638293724694 -0.0021151036222522247 -0.041666961525781816
v -0.010135430453449454 -0.001926737165023637 -0.041666961525781816
v -0.03736303065411275 -0.017044219654552436 -0.058945891080790236
v -0.036231968636418484 -0.03364748358100195 -0.07026070293416681
v -0.03736303065411275 -0.017044219654552436 -0.058945891080790236
v -0.010127306082878488 -0.03353606843771148 -0.07026315847001825
v -0.03604910795098179 -0.03791293160174932 -0.06950050836150333
v -0.010118452725101625 -0.03780389046284641 -0.06950050836150333
v -0.03452766369259366 -0.05991641764622838 -0.07759519668367035
v -0.03452766369259366 -0.05991641764622838 -0.07759519668367035
v -0.010118452725101625 -0.05985995950551914 -0.07759519668367035
v -0.03289229599941057 -0.08356756824702152 -0.08036063842504501
v -0.03289229599941057 -0.08356756824702152 -0.08036063842504501
v -0.010118452725101625 -0.08356756824702152 -0.08036063842504501
v -0.031256923510258994 -0.10721870445990936 -0.07759519668367035
v -0.031256923510258994 -0.10721870445990936 -0.07759519668367035
v -0.010118452725101625 -0.10727518178449244 -0.07759519668367035
v -0.029735479251870863 -0.12922220968826229 -0.06950050836150333
v -0.029735479251870863 -0.12922220968826229 -0.06950050836150333
v -0.010118452725101625 -0.1293312316432913 -0.06950050836150333
v -0.028433028505295808 -0.14805849571348606 -0.056663628773838834
v -0.028433028505295808 -0.14805849571348606 -0.056663628773838834
v -0.010118452725101625 -0.14821246548492073 -0.056663628773838834
v -0.02743773555873109 -0.16245278452701903 -0.04000291873717734
v -0.02743773555873109 -0.16245278452701903 -0.04000291873717734
v -0.010118452725101625 -0.1626411318003738 -0.04000291873717734
v -0.026814619356586685 -0.17146432293562167 -0.020680628452107424
v -0.026814619356586685 -0.17146432293562167 -0.020680628452107424
v -0.010118452725101625 -0.1716741897194557 -0.020680628452107424
v -0.026602651938567257 -0.17452988199530758 0
v -0.026602651938567257 -0.17452988199530758 0
v -0.010118452725101625 -0.1747470626310429 0
v -0.026814619356586685 -0.17146432293562167 0.020680628452107424
v -0.026814619356586685 -0.17146432293562167 0.020680628452107424
v -0.010118452725101625 -0.1716741897194557 0.020680628452107424
v -0.02743773555873109 -0.16245278452701903 0.04000291873717734
v -0.02743773555873109 -0.16245278452701903 0.04000291873717734
v -0.010118452725101625 -0.1626411318003738 0.04000291873717734
v -0.028433028505295808 -0.14805849571348606 0.056663628773838834
v -0.028433028505295808 -0.14805849571348606 0.056663628773838834
v -0.010118452725101625 -0.14821246548492073 0.056663628773838834
v -0.029735479251870863 -0.12922220968826229 0.06950050836150333
v -0.029735479251870863 -0.12922220968826229 0.06950050836150333
v -0.010118452725101625 -0.1293312316432913 0.06950050836150333
v -0.031256923510258994 -0.10721870445990936 0.07759519668367035
v -0.031256923510258994 -0.10721870445990936 0.07759519668367035
v -0.010118452725101625 -0.10727518178449244 0.07759519668367035
v -0.03289229599941057 -0.08356756824702152 0.08036063842504501
v -0.03289229599941057 -0.08356756824702152 0.08036063842504501
v -0.010118452725101625 -0.08356756824702152 0.08036063842504501
v -0.03452766369259366 -0.05991641764622838 0.07759519668367035
v -0.03452766369259366 -0.05991641764622838 0.07759519668367035
v -0.010118452725101625 -0.05985995950551914 0.07759519668367035
v -0.03604910795098179 -0.03791293160174932 0.06950050836150333
v -0.036231968636418484 -0.03364748358100195 0.07026070293416681
v -0.010127306082878488 -0.03353606843771148 0.07026315847001825
v -0.03736303065411275 -0.017044219654552436 0.058945891080790236
v -0.03736303065411275 -0.017044219654552436 0.058945891080790236
v -0.010129939069562936 -0.01689024508714934 0.058945891080790236
v -0.0383638293724694 -0.0021151036222522247 0.041666961525781816
v -0.0383638293724694 -0.0021151036222522247 0.041666961525781816
v -0.010135430453449454 -0.001926737165023637 0.041666961525781816
v -0.038991022147804665 0.0072616813563462805 0.021562616643808485
v -0.038991022147804665 0.0072616813563462805 0.021562616643808485
v -0.01013952621051414 0.0074715625280856995 0.021562616643808485
v -0.039204509887825874 0.010458141579174999 0
v -0.041872329691200506 0.0048706512806942544 0
v -0.04203323443302809 0.007197573645943619 0
v -0.041667239691952504 0.0019047476496352534 -0.0200085310240827
v -0.041667239691952504 0.0019047476496352534 -0.0200085310240827
v -0.04182125262710325 0.004132038566100006 -0.020680628452107424
v -0.04106335532333202 -0.006828965102057412 -0.038735123658693096
v -0.04106335532333202 -0.006828965102057412 -0.038735123658693096
v -0.0411981556088327 -0.004879504638471117 -0.04000291873717734
v -0.04009616195597349 -0.02081671885312379 -0.05492524847410687
v -0.04009616195597349 -0.02081671885312379 -0.05492524847410687
v -0.040202824294520295 -0.01927381263587789 -0.056663628773838834
v -0.03882715349746892 -0.03916948013419523 -0.06743261625276975
v -0.03882715349746892 -0.03916948013419523 -0.06743261625276975
v -0.03890040711972448 -0.03811007947722785 -0.06950050836150333
v -0.03734180849367798 -0.06065085786826248 -0.07533522603812028
v -0.03734180849367798 -0.06065085786826248 -0.07533522603812028
v -0.03737896286133635 -0.060113565521706915 -0.07759519668367035
v -0.03574359516815322 -0.08376471612250012 -0.07803784538863952
v -0.03574359516815322 -0.08376471612250012 -0.07803784538863952
v -0.03574359516815322 -0.08376471612250012 -0.08036063842504501
v -0.03414536745472308 -0.10687859356061154 -0.07533522603812028
v -0.03414536745472308 -0.10687859356061154 -0.07533522603812028
v -0.034108227474970124 -0.10741585233538793 -0.07759519668367035
v -0.032660036838837544 -0.12835995690677343 -0.06743261625276975
v -0.032660036838837544 -0.12835995690677343 -0.06743261625276975
v -0.032586783216581997 -0.12941937674761467 -0.06950050836150333
v -0.031391009196459124 -0.1467127373717187 -0.05492524847410687
v -0.031391009196459124 -0.1467127373717187 -0.05492524847410687
v -0.03128433247000694 -0.14825564358896465 -0.056663628773838834
v -0.03042380144119522 -0.1607004527550374 -0.038735123658693096
v -0.03042380144119522 -0.1607004527550374 -0.038735123658693096
v -0.03028903952344222 -0.1626499324024976 -0.04000291873717734
v -0.029819931460480148 -0.16943418469060392 -0.0200085310240827
v -0.029819931460480148 -0.16943418469060392 -0.0200085310240827
v -0.029665923321297815 -0.17166147560706868 -0.020680628452107424
v -0.029614841461232107 -0.17240010270956826 0
v -0.029614841461232107 -0.17240010270956826 0
v -0.029453955903278387 -0.17472702987078612 0
v -0.029819931460480148 -0.16943418469060392 0.0200085310240827
v -0.029819931460480148 -0.16943418469060392 0.0200085310240827
v -0.029665923321297815 -0.17166147560706868 0.020680628452107424
v -0.03042380144119522 -0.1607004527550374 0.038735123658693096
v -0.03042380144119522 -0.1607004527550374 0.038735123658693096
v -0.03028903952344222 -0.1626499324024976 0.04000291873717734
v -0.031391009196459124 -0.1467127373717187 0.05492524847410687
v -0.031391009196459124 -0.1467127373717187 0.05492524847410687
v -0.03128433247000694 -0.14825564358896465 0.056663628773838834
v -0.032660036838837544 -0.12835995690677343 0.06743261625276975
v -0.032660036838837544 -0.12835995690677343 0.06743261625276975
v -0.032586783216581997 -0.12941937674761467 0.06950050836150333
v -0.03414536745472308 -0.10687859356061154 0.07533522603812028
v -0.03414536745472308 -0.10687859356061154 0.07533522603812028
v -0.034108227474970124 -0.10741585233538793 0.07759519668367035
v -0.03574359516815322 -0.08376471612250012 0.07803784538863952
v -0.03574359516815322 -0.08376471612250012 0.07803784538863952
v -0.03574359516815322 -0.08376471612250012 0.08036063842504501
v -0.03734180849367798 -0.06065085786826248 0.07533522603812028
v -0.03734180849367798 -0.06065085786826248 0.07533522603812028
v -0.03737896286133635 -0.060113565521706915 0.07759519668367035
v -0.03882715349746892 -0.03916948013419523 0.06743261625276975
v -0.03882715349746892 -0.03916948013419523 0.06743261625276975
v -0.03890040711972448 -0.03811007947722785 0.06950050836150333
v -0.04009616195597349 -0.02081671885312379 0.05492524847410687
v -0.04009616195597349 -0.02081671885312379 0.05492524847410687
v -0.040202824294520295 -0.01927381263587789 0.056663628773838834
v -0.04106335532333202 -0.006828965102057412 0.038735123658693096
v -0.04106335532333202 -0.006828965102057412 0.038735123658693096
v -0.0411981556088327 -0.004879504638471117 0.04000291873717734
v -0.041667239691952504 0.0019047476496352534 0.0200085310240827
v -0.041667239691952504 0.0019047476496352534 0.0200085310240827
v -0.04182125262710325 0.004132038566100006 0.020680628452107424
v -0.041872329691200506 0.0048706512806942544 0
v -0.03885532981217046 0.002671421575687977 0
v -0.03902103052245786 0.005067832727951986 0
v -0.03865733784624298 -0.0001918819021096331 -0.019316372059990473
v -0.03865733784624298 -0.0001918819021096331 -0.019316372059990473
v -0.038815959707083646 0.002101895525113851 -0.0200085310240827
v -0.03807322725558244 -0.008639491155330721 -0.03742947879712382
v -0.03807322725558244 -0.008639491155330721 -0.03742947879712382
v -0.03821205135862089 -0.006631817226578882 -0.038735123658693096
v -0.03713499674175288 -0.022208504104200215 -0.05313498059160792
v -0.03713499674175288 -0.022208504104200215 -0.05313498059160792
v -0.03724486278723084 -0.02061953260989754 -0.05492524847410687
v -0.03590040415291608 -0.040063343143802804 -0.06530300962189499
v -0.03590040415291608 -0.040063343143802804 -0.06530300962189499
v -0.03597585432872624 -0.03897232746274819 -0.06743261625276975
v -0.03445224708856274 -0.06100699209818465 -0.07300779050424568
v -0.03445224708856274 -0.06100699209818465 -0.07300779050424568
v -0.03449050452896685 -0.06045367642100474 -0.07533522603812028
v -0.03289229599941057 -0.08356756824702152 -0.07564572183217863
v -0.03289229599941057 -0.08356756824702152 -0.07564572183217863
v -0.03289229599941057 -0.08356756824702152 -0.07803784538863952
v -0.031332320930416095 -0.10612814439585844 -0.07300779050424568
v -0.031332320930416095 -0.10612814439585844 -0.07300779050424568
v -0.03129406349001195 -0.10668144568513296 -0.07533522603812028
v -0.029884149478157342 -0.1270717933502403 -0.06530300962189499
v -0.029884149478157342 -0.1270717933502403 -0.06530300962189499
v -0.029808732874126415 -0.1281628090312949 -0.06743261625276975
v -0.028649590461099782 -0.14492661800193754 -0.05313498059160792
v -0.028649590461099782 -0.14492661800193754 -0.05313498059160792
v -0.02853971002771644 -0.14651558949624016 -0.05492524847410687
v -0.027711340763396364 -0.158495630950807 -0.03742947879712382
v -0.027711340763396364 -0.158495630950807 -0.03742947879712382
v -0.027572535844231773 -0.16050330487955883 -0.038735123658693096
v -0.02712723017273582 -0.1669432402040281 -0.019316372059990473
v -0.02712723017273582 -0.1669432402040281 -0.019316372059990473
v -0.026968627495769015 -0.16923701763125157 -0.0200085310240827
v -0.026929238206808346 -0.16980656286569956 0
v -0.026929238206808346 -0.16980656286569956 0
v -0.026763542292489423 -0.17220295483408973 0
v -0.02712723017273582 -0.1669432402040281 0.019316372059990473
v -0.02712723017273582 -0.1669432402040281 0.019316372059990473
v -0.026968627495769015 -0.16923701763125157 0.0200085310240827
v -0.027711340763396364 -0.158495630950807 0.03742947879712382
v -0.027711340763396364 -0.158495630950807 0.03742947879712382
v -0.027572535844231773 -0.16050330487955883 0.038735123658693096
v -0.028649590461099782 -0.14492661800193754 0.05313498059160792
v -0.028649590461099782 -0.14492661800193754 0.05313498059160792
v -0.02853971002771644 -0.14651558949624016 0.05492524847410687
v -0.029884149478157342 -0.1270717933502403 0.06530300962189499
v -0.029884149478157342 -0.1270717933502403 0.06530300962189499
v -0.029808732874126415 -0.1281628090312949 0.06743261625276975
v -0.031332320930416095 -0.10612814439585844 0.07300779050424568
v -0.031332320930416095 -0.10612814439585844 0.07300779050424568
v -0.03129406349001195 -0.10668144568513296 0.07533522603812028
v -0.03289229599941057 -0.08356756824702152 0.07564572183217863
v -0.03289229599941057 -0.08356756824702152 0.07564572183217863
v -0.03289229599941057 -0.08356756824702152 0.07803784538863952
v -0.03445224708856274 -0.06100699209818465 0.07300779050424568
v -0.03445224708856274 -0.06100699209818465 0.07300779050424568
v -0.03449050452896685 -0.06045367642100474 0.07533522603812028
v -0.03590040415291608 -0.040063343143802804 0.06530300962189499
v -0.03590040415291608 -0.040063343143802804 0.06530300962189499
v -0.03597585432872624 -0.03897232746274819 0.06743261625276975
v -0.03713499674175288 -0.022208504104200215 0.05313498059160792
v -0.03713499674175288 -0.022208504104200215 0.05313498059160792
v -0.03724486278723084 -0.02061953260989754 0.05492524847410687
v -0.03807322725558244 -0.008639491155330721 0.03742947879712382
v -0.03807322725558244 -0.008639491155330721 0.03742947879712382
v -0.03821205135862089 -0.006631817226578882 0.038735123658693096
v -0.03865733784624298 -0.0001918819021096331 0.019316372059990473
v -0.03865733784624298 -0.0001918819021096331 0.019316372059990473
v -0.038815959707083646 0.002101895525113851 0.0200085310240827
v -0.03885532981217046 0.002671421575687977 0
v -0.04019729933885454 0.0011130051964430027 0
v -0.03984603301691911 0.0021736480092414802 0
v -0.040003623744540924 -0.0016878739558813932 -0.018895055822730655
v -0.03984603301691911 0.0021736480092414802 0
v -0.03885532981217046 0.002671421575687977 0
v -0.03964930239069659 -0.0006713588488819034 -0.019192971791518847
v -0.040003623744540924 -0.0016878739558813932 -0.018895055822730655
v -0.03964930239069659 -0.0006713588488819034 -0.019192971791518847
v -0.03943155583068303 -0.009961317614483538 -0.036634743659612584
v -0.03964930239069659 -0.0006713588488819034 -0.019192971791518847
v -0.03865733784624298 -0.0001918819021096331 -0.019316372059990473
v -0.039068707244917095 -0.00906796297753265 -0.037196706467925604
v -0.03943155583068303 -0.009961317614483538 -0.036634743659612584
v -0.039068707244917095 -0.00906796297753265 -0.037196706467925604
v -0.03851092172513259 -0.023275477595365645 -0.05204525023010053
v -0.039068707244917095 -0.00906796297753265 -0.037196706467925604
v -0.03807322725558244 -0.008639491155330721 -0.03742947879712382
v -0.03813563239718186 -0.022562331473293173 -0.05281580889060573
v -0.03851092172513259 -0.023275477595365645 -0.05204525023010053
v -0.03813563239718186 -0.022562331473293173 -0.05281580889060573
v -0.037297311498307596 -0.04082720183636962 -0.0640067168988224
v -0.03813563239718186 -0.022562331473293173 -0.05281580889060573
v -0.03713499674175288 -0.022208504104200215 -0.05313498059160792
v -0.03690718823991059 -0.040328401932672654 -0.06492333677877195
v -0.037297311498307596 -0.04082720183636962 -0.0640067168988224
v -0.03690718823991059 -0.040328401932672654 -0.06492333677877195
v -0.03587179140508468 -0.061443554719178346 -0.0715910901970204
v -0.03690718823991059 -0.040328401932672654 -0.06492333677877195
v -0.03590040415291608 -0.040063343143802804 -0.06530300962189499
v -0.03546565440800026 -0.061176189069479275 -0.07259284810906898
v -0.03587179140508468 -0.061443554719178346 -0.0715910901970204
v -0.03546565440800026 -0.061176189069479275 -0.07259284810906898
v -0.03433512474280502 -0.08366731479904922 -0.07418964182792961
v -0.03546565440800026 -0.061176189069479275 -0.07259284810906898
v -0.03445224708856274 -0.06100699209818465 -0.07300779050424568
v -0.033912523185997974 -0.08363811694306578 -0.07521924033688757
v -0.03433512474280502 -0.08366731479904922 -0.07418964182792961
v -0.033912523185997974 -0.08363811694306578 -0.07521924033688757
v -0.03279843889665154 -0.10589111324666786 -0.0715910901970204
v -0.033912523185997974 -0.08363811694306578 -0.07521924033688757
v -0.03289229599941057 -0.08356756824702152 -0.07564572183217863
v -0.03235937278012186 -0.10610004481665225 -0.07259284810906898
v -0.03279843889665154 -0.10589111324666786 -0.0715910901970204
v -0.03235937278012186 -0.10610004481665225 -0.07259284810906898
v -0.03137291880342863 -0.12650744214963427 -0.0640067168988224
v -0.03235937278012186 -0.10610004481665225 -0.07259284810906898
v -0.031332320930416095 -0.10612814439585844 -0.07300779050424568
v -0.030917843744180013 -0.1269478271574904 -0.06492333677877195
v -0.03137291880342863 -0.12650744214963427 -0.0640067168988224
v -0.030917843744180013 -0.1269478271574904 -0.06492333677877195
v -0.030159289392729775 -0.14405919037048054 -0.05204525023010053
v -0.030917843744180013 -0.1269478271574904 -0.06492333677877195
v -0.029884149478157342 -0.1270717933502403 -0.06530300962189499
v -0.029689413974814123 -0.14471387843299605 -0.05281580889060573
v -0.030159289392729775 -0.14405919037048054 -0.05204525023010053
v -0.029689413974814123 -0.14471387843299605 -0.05281580889060573
v -0.029238674471053196 -0.1573733503513627 -0.036634743659612584
v -0.029689413974814123 -0.14471387843299605 -0.05281580889060573
v -0.028649590461099782 -0.14492661800193754 -0.05313498059160792
v -0.028756324739173476 -0.15820825172472505 -0.037196706467925604
v -0.029238674471053196 -0.1573733503513627 -0.036634743659612584
v -0.028756324739173476 -0.15820825172472505 -0.037196706467925604
v -0.02866660176122685 -0.1656467892139963 -0.018895055822730655
v -0.028756324739173476 -0.15820825172472505 -0.037196706467925604
v -0.027711340763396364 -0.158495630950807 -0.03742947879712382
v -0.028175743981299392 -0.16660485585337578 -0.019192971791518847
v -0.02866660176122685 -0.1656467892139963 -0.018895055822730655
v -0.028175743981299392 -0.16660485585337578 -0.019192971791518847
v -0.02847293096288168 -0.16844767316228917 0
v -0.028175743981299392 -0.16660485585337578 -0.019192971791518847
v -0.02712723017273582 -0.1669432402040281 -0.019316372059990473
v -0.027979018151045285 -0.16944988189537297 0
v -0.02847293096288168 -0.16844767316228917 0
v -0.027979018151045285 -0.16944988189537297 0
v -0.02866660176122685 -0.1656467892139963 0.018895055822730655
v -0.027979018151045285 -0.16944988189537297 0
v -0.026929238206808346 -0.16980656286569956 0
v -0.028175743981299392 -0.16660485585337578 0.019192971791518847
v -0.02866660176122685 -0.1656467892139963 0.018895055822730655
v -0.028175743981299392 -0.16660485585337578 0.019192971791518847
v -0.029238674471053196 -0.1573733503513627 0.036634743659612584
v -0.028175743981299392 -0.16660485585337578 0.019192971791518847
v -0.02712723017273582 -0.1669432402040281 0.019316372059990473
v -0.028756324739173476 -0.15820825172472505 0.037196706467925604
v -0.029238674471053196 -0.1573733503513627 0.036634743659612584
v -0.028756324739173476 -0.15820825172472505 0.037196706467925604
v -0.030159289392729775 -0.14405919037048054 0.05204525023010053
v -0.028756324739173476 -0.15820825172472505 0.037196706467925604
v -0.027711340763396364 -0.158495630950807 0.03742947879712382
v -0.029689413974814123 -0.14471387843299605 0.05281580889060573
v -0.030159289392729775 -0.14405919037048054 0.05204525023010053
v -0.029689413974814123 -0.14471387843299605 0.05281580889060573
v -0.03137291880342863 -0.12650744214963427 0.0640067168988224
v -0.029689413974814123 -0.14471387843299605 0.05281580889060573
v -0.028649590461099782 -0.14492661800193754 0.05313498059160792
v -0.030917843744180013 -0.1269478271574904 0.06492333677877195
v -0.03137291880342863 -0.12650744214963427 0.0640067168988224
v -0.030917843744180013 -0.1269478271574904 0.06492333677877195
v -0.03279843889665154 -0.10589111324666786 0.0715910901970204
v -0.030917843744180013 -0.1269478271574904 0.06492333677877195
v -0.029884149478157342 -0.1270717933502403 0.06530300962189499
v -0.03235937278012186 -0.10610004481665225 0.07259284810906898
v -0.03279843889665154 -0.10589111324666786 0.0715910901970204
v -0.03235937278012186 -0.10610004481665225 0.07259284810906898
v -0.03433512474280502 -0.08366731479904922 0.07418964182792961
v -0.03235937278012186 -0.10610004481665225 0.07259284810906898
v -0.031332320930416095 -0.10612814439585844 0.07300779050424568
v -0.033912523185997974 -0.08363811694306578 0.07521924033688757
v -0.03433512474280502 -0.08366731479904922 0.07418964182792961
v -0.033912523185997974 -0.08363811694306578 0.07521924033688757
v -0.03587179140508468 -0.061443554719178346 0.0715910901970204
v -0.033912523185997974 -0.08363811694306578 0.07521924033688757
v -0.03289229599941057 -0.08356756824702152 0.07564572183217863
v -0.03546565440800026 -0.061176189069479275 0.07259284810906898
v -0.03587179140508468 -0.061443554719178346 0.0715910901970204
v -0.03546565440800026 -0.061176189069479275 0.07259284810906898
v -0.037297311498307596 -0.04082720183636962 0.0640067168988224
v -0.03546565440800026 -0.061176189069479275 0.07259284810906898
v -0.03445224708856274 -0.06100699209818465 0.07300779050424568
v -0.03690718823991059 -0.040328401932672654 0.06492333677877195
v -0.037297311498307596 -0.04082720183636962 0.0640067168988224
v -0.03690718823991059 -0.040328401932672654 0.06492333677877195
v -0.03851092172513259 -0.023275477595365645 0.05204525023010053
v -0.03690718823991059 -0.040328401932672654 0.06492333677877195
v -0.03590040415291608 -0.040063343143802804 0.06530300962189499
v -0.03813563239718186 -0.022562331473293173 0.05281580889060573
v -0.03851092172513259 -0.023275477595365645 0.05204525023010053
v -0.03813563239718186 -0.022562331473293173 0.05281580889060573
v -0.03943155583068303 -0.009961317614483538 0.036634743659612584
v -0.03813563239718186 -0.022562331473293173 0.05281580889060573
v -0.03713499674175288 -0.022208504104200215 0.05313498059160792
v -0.039068707244917095 -0.00906796297753265 0.037196706467925604
v -0.03943155583068303 -0.009961317614483538 0.036634743659612584
v -0.039068707244917095 -0.00906796297753265 0.037196706467925604
v -0.040003623744540924 -0.0016878739558813932 0.018895055822730655
v -0.039068707244917095 -0.00906796297753265 0.037196706467925604
v -0.03807322725558244 -0.008639491155330721 0.03742947879712382
v -0.03964930239069659 -0.0006713588488819034 0.019192971791518847
v -0.040003623744540924 -0.0016878739558813932 0.018895055822730655
v -0.03964930239069659 -0.0006713588488819034 0.019192971791518847
v -0.04019729933885454 0.0011130051964430027 0
v -0.03964930239069659 -0.0006713588488819034 0.019192971791518847
v -0.03865733784624298 -0.0001918819021096331 0.019316372059990473
v -0.03984603301691911 0.0021736480092414802 0
v -0.04203323443302809 0.007197573645943619 0
v -0.03918191608041158 0.007394759889169868 0
v -0.04182125262710325 0.004132038566100006 -0.020680628452107424
v -0.041667239691952504 0.0019047476496352534 -0.0200085310240827
v -0.038815959707083646 0.002101895525113851 -0.0200085310240827
v -0.041872329691200506 0.0048706512806942544 0
v -0.04182125262710325 0.004132038566100006 -0.020680628452107424
v -0.03896992947851829 0.0043291864415785355 -0.020680628452107424
v -0.0411981556088327 -0.004879504638471117 -0.04000291873717734
v -0.04106335532333202 -0.006828965102057412 -0.038735123658693096
v -0.03821205135862089 -0.006631817226578882 -0.038735123658693096
v -0.041667239691952504 0.0019047476496352534 -0.0200085310240827
v -0.0411981556088327 -0.004879504638471117 -0.04000291873717734
v -0.03834685164412157 -0.004682356762992519 -0.04000291873717734
v -0.040202824294520295 -0.01927381263587789 -0.056663628773838834
v -0.04009616195597349 -0.02081671885312379 -0.05492524847410687
v -0.03724486278723084 -0.02061953260989754 -0.05492524847410687
v -0.04106335532333202 -0.006828965102057412 -0.038735123658693096
v -0.040202824294520295 -0.01927381263587789 -0.056663628773838834
v -0.03735153951368299 -0.019076626392651643 -0.056663628773838834
v -0.03890040711972448 -0.03811007947722785 -0.06950050836150333
v -0.03882715349746892 -0.03916948013419523 -0.06743261625276975
v -0.03597585432872624 -0.03897232746274819 -0.06743261625276975
v -0.04009616195597349 -0.02081671885312379 -0.05492524847410687
v -0.03890040711972448 -0.03811007947722785 -0.06950050836150333
v -0.03604910795098179 -0.03791293160174932 -0.06950050836150333
v -0.03737896286133635 -0.060113565521706915 -0.07759519668367035
v -0.03734180849367798 -0.06065085786826248 -0.07533522603812028
v -0.03449050452896685 -0.06045367642100474 -0.07533522603812028
v -0.03882715349746892 -0.03916948013419523 -0.06743261625276975
v -0.03737896286133635 -0.060113565521706915 -0.07759519668367035
v -0.03452766369259366 -0.05991641764622838 -0.07759519668367035
v -0.03574359516815322 -0.08376471612250012 -0.08036063842504501
v -0.03574359516815322 -0.08376471612250012 -0.07803784538863952
v -0.03289229599941057 -0.08356756824702152 -0.07803784538863952
v -0.03734180849367798 -0.06065085786826248 -0.07533522603812028
v -0.03574359516815322 -0.08376471612250012 -0.08036063842504501
v -0.03289229599941057 -0.08356756824702152 -0.08036063842504501
v -0.034108227474970124 -0.10741585233538793 -0.07759519668367035
v -0.03414536745472308 -0.10687859356061154 -0.07533522603812028
v -0.03129406349001195 -0.10668144568513296 -0.07533522603812028
v -0.03574359516815322 -0.08376471612250012 -0.07803784538863952
v -0.034108227474970124 -0.10741585233538793 -0.07759519668367035
v -0.031256923510258994 -0.10721870445990936 -0.07759519668367035
v -0.032586783216581997 -0.12941937674761467 -0.06950050836150333
v -0.032660036838837544 -0.12835995690677343 -0.06743261625276975
v -0.029808732874126415 -0.1281628090312949 -0.06743261625276975
v -0.03414536745472308 -0.10687859356061154 -0.07533522603812028
v -0.032586783216581997 -0.12941937674761467 -0.06950050836150333
v -0.029735479251870863 -0.12922220968826229 -0.06950050836150333
v -0.03128433247000694 -0.14825564358896465 -0.056663628773838834
v -0.031391009196459124 -0.1467127373717187 -0.05492524847410687
v -0.02853971002771644 -0.14651558949624016 -0.05492524847410687
v -0.032660036838837544 -0.12835995690677343 -0.06743261625276975
v -0.03128433247000694 -0.14825564358896465 -0.056663628773838834
v -0.028433028505295808 -0.14805849571348606 -0.056663628773838834
v -0.03028903952344222 -0.1626499324024976 -0.04000291873717734
v -0.03042380144119522 -0.1607004527550374 -0.038735123658693096
v -0.027572535844231773 -0.16050330487955883 -0.038735123658693096
v -0.031391009196459124 -0.1467127373717187 -0.05492524847410687
v -0.03028903952344222 -0.1626499324024976 -0.04000291873717734
v -0.02743773555873109 -0.16245278452701903 -0.04000291873717734
v -0.029665923321297815 -0.17166147560706868 -0.020680628452107424
v -0.029819931460480148 -0.16943418469060392 -0.0200085310240827
v -0.026968627495769015 -0.16923701763125157 -0.0200085310240827
v -0.03042380144119522 -0.1607004527550374 -0.038735123658693096
v -0.029665923321297815 -0.17166147560706868 -0.020680628452107424
v -0.026814619356586685 -0.17146432293562167 -0.020680628452107424
v -0.029453955903278387 -0.17472702987078612 0
v -0.029614841461232107 -0.17240010270956826 0
v -0.026763542292489423 -0.17220295483408973 0
v -0.029819931460480148 -0.16943418469060392 -0.0200085310240827
v -0.029453955903278387 -0.17472702987078612 0
v -0.026602651938567257 -0.17452988199530758 0
v -0.029665923321297815 -0.17166147560706868 0.020680628452107424
v -0.029819931460480148 -0.16943418469060392 0.0200085310240827
v -0.026968627495769015 -0.16923701763125157 0.0200085310240827
v -0.029614841461232107 -0.17240010270956826 0
v -0.029665923321297815 -0.17166147560706868 0.020680628452107424
v -0.026814619356586685 -0.17146432293562167 0.020680628452107424
v -0.03028903952344222 -0.1626499324024976 0.04000291873717734
v -0.03042380144119522 -0.1607004527550374 0.038735123658693096
v -0.027572535844231773 -0.16050330487955883 0.038735123658693096
v -0.029819931460480148 -0.16943418469060392 0.0200085310240827
v -0.03028903952344222 -0.1626499324024976 0.04000291873717734
v -0.02743773555873109 -0.16245278452701903 0.04000291873717734
v -0.03128433247000694 -0.14825564358896465 0.056663628773838834
v -0.031391009196459124 -0.1467127373717187 0.05492524847410687
v -0.02853971002771644 -0.14651558949624016 0.05492524847410687
v -0.03042380144119522 -0.1607004527550374 0.038735123658693096
v -0.03128433247000694 -0.14825564358896465 0.056663628773838834
v -0.028433028505295808 -0.14805849571348606 0.056663628773838834
v -0.032586783216581997 -0.12941937674761467 0.06950050836150333
v -0.032660036838837544 -0.12835995690677343 0.06743261625276975
v -0.029808732874126415 -0.1281628090312949 0.06743261625276975
v -0.031391009196459124 -0.1467127373717187 0.05492524847410687
v -0.032586783216581997 -0.12941937674761467 0.06950050836150333
v -0.029735479251870863 -0.12922220968826229 0.06950050836150333
v -0.034108227474970124 -0.10741585233538793 0.07759519668367035
v -0.03414536745472308 -0.10687859356061154 0.07533522603812028
v -0.03129406349001195 -0.10668144568513296 0.07533522603812028
v -0.032660036838837544 -0.12835995690677343 0.06743261625276975
v -0.034108227474970124 -0.10741585233538793 0.07759519668367035
v -0.031256923510258994 -0.10721870445990936 0.07759519668367035
v -0.03574359516815322 -0.08376471612250012 0.08036063842504501
v -0.03574359516815322 -0.08376471612250012 0.07803784538863952
v -0.03289229599941057 -0.08356756824702152 0.07803784538863952
v -0.03414536745472308 -0.10687859356061154 0.07533522603812028
v -0.03574359516815322 -0.08376471612250012 0.08036063842504501
v -0.03289229599941057 -0.08356756824702152 0.08036063842504501
v -0.03737896286133635 -0.060113565521706915 0.07759519668367035
v -0.03734180849367798 -0.06065085786826248 0.07533522603812028
v -0.03449050452896685 -0.06045367642100474 0.07533522603812028
v -0.03574359516815322 -0.08376471612250012 0.07803784538863952
v -0.03737896286133635 -0.060113565521706915 0.07759519668367035
v -0.03452766369259366 -0.05991641764622838 0.07759519668367035
v -0.03890040711972448 -0.03811007947722785 0.06950050836150333
v -0.03882715349746892 -0.03916948013419523 0.06743261625276975
v -0.03597585432872624 -0.03897232746274819 0.06743261625276975
v -0.03734180849367798 -0.06065085786826248 0.07533522603812028
v -0.03890040711972448 -0.03811007947722785 0.06950050836150333
v -0.03604910795098179 -0.03791293160174932 0.06950050836150333
v -0.040202824294520295 -0.01927381263587789 0.056663628773838834
v -0.04009616195597349 -0.02081671885312379 0.05492524847410687
v -0.03724486278723084 -0.02061953260989754 0.05492524847410687
v -0.03882715349746892 -0.03916948013419523 0.06743261625276975
v -0.040202824294520295 -0.01927381263587789 0.056663628773838834
v -0.03735153951368299 -0.019076626392651643 0.056663628773838834
v -0.0411981556088327 -0.004879504638471117 0.04000291873717734
v -0.04106335532333202 -0.006828965102057412 0.038735123658693096
v -0.03821205135862089 -0.006631817226578882 0.038735123658693096
v -0.04009616195597349 -0.02081671885312379 0.05492524847410687
v -0.0411981556088327 -0.004879504638471117 0.04000291873717734
v -0.03834685164412157 -0.004682356762992519 0.04000291873717734
v -0.04182125262710325 0.004132038566100006 0.020680628452107424
v -0.041667239691952504 0.0019047476496352534 0.0200085310240827
v -0.038815959707083646 0.002101895525113851 0.0200085310240827
v -0.04106335532333202 -0.006828965102057412 0.038735123658693096
v -0.04182125262710325 0.004132038566100006 0.020680628452107424
v -0.03896992947851829 0.0043291864415785355 0.020680628452107424
v -0.04203323443302809 0.007197573645943619 0
v -0.041872329691200506 0.0048706512806942544 0
v -0.03902103052245786 0.005067832727951986 0
v -0.041667239691952504 0.0019047476496352534 0.0200085310240827
v -0.010141046532515921 0.010675341398784122 0
v -0.010118452725101625 0.007611926136999789 0
v -0.01013952621051414 0.0074715625280856995 -0.021562616643808485
v -0.038991022147804665 0.0072616813563462805 -0.021562616643808485
v -0.03896992947851829 0.0043291864415785355 -0.020680628452107424
v -0.039204509887825874 0.010458141579174999 0
v -0.01013952621051414 0.0074715625280856995 -0.021562616643808485
v -0.010118452725101625 0.0045390676133179545 -0.020680628452107424
v -0.010135430453449454 -0.001926737165023637 -0.041666961525781816
v -0.0383638293724694 -0.0021151036222522247 -0.041666961525781816
v -0.03834685164412157 -0.004682356762992519 -0.04000291873717734
v -0.038991022147804665 0.0072616813563462805 -0.021562616643808485
v -0.010135430453449454 -0.001926737165023637 -0.041666961525781816
v -0.010118452725101625 -0.004493990305763931 -0.04000291873717734
v -0.010129939069562936 -0.01689024508714934 -0.058945891080790236
v -0.03736303065411275 -0.017044219654552436 -0.058945891080790236
v -0.03735153951368299 -0.019076626392651643 -0.056663628773838834
v -0.0383638293724694 -0.0021151036222522247 -0.041666961525781816
v -0.010118265682331685 -0.03784264188800193 -0.06944357062394813
v -0.010118452725101625 -0.03780389046284641 -0.06950050836150333
v -0.03604890652030648 -0.03795167823093633 -0.06944357062394813
v -0.03604890652030648 -0.03795167823093633 0.06944357062394813
v -0.03604910795098179 -0.03791293160174932 0.06950050836150333
v -0.010118265682331685 -0.03784264188800193 0.06944357062394813
v -0.010129939069562936 -0.01689024508714934 0.058945891080790236
v -0.010118452725101625 -0.018922656621216997 0.056663628773838834
v -0.010135430453449454 -0.001926737165023637 0.041666961525781816
v -0.0383638293724694 -0.0021151036222522247 0.041666961525781816
v -0.03834685164412157 -0.004682356762992519 0.04000291873717734
v -0.03736303065411275 -0.017044219654552436 0.058945891080790236
v -0.010135430453449454 -0.001926737165023637 0.041666961525781816
v -0.010118452725101625 -0.004493990305763931 0.04000291873717734
v -0.01013952621051414 0.0074715625280856995 0.021562616643808485
v -0.038991022147804665 0.0072616813563462805 0.021562616643808485
v -0.03896992947851829 0.0043291864415785355 0.020680628452107424
v -0.0383638293724694 -0.0021151036222522247 0.041666961525781816
v -0.01013952621051414 0.0074715625280856995 0.021562616643808485
v -0.010118452725101625 0.0045390676133179545 0.020680628452107424
v -0.010141046532515921 0.010675341398784122 0
v -0.039204509887825874 0.010458141579174999 0
v -0.03918191608041158 0.007394759889169868 0
v -0.038991022147804665 0.0072616813563462805 0.021562616643808485
v -0.036106112832095444 -0.03596870353975265 -0.07074403583958079
v -0.0101244860534241 -0.03585903892494997 -0.07074499503327276
v -0.03604890652030648 -0.03795167823093633 -0.06944357062394813
v -0.0101244860534241 -0.03585903892494997 0.07074499503327276
v -0.036106112832095444 -0.03596870353975265 0.07074403583958079
v -0.010118265682331685 -0.03784264188800193 0.06944357062394813
v -0.036106112832095444 -0.03596870353975265 -0.07074403583958079
v -0.036231968636418484 -0.03364748358100195 -0.07026070293416681
v -0.0101244860534241 -0.03585903892494997 -0.07074499503327276
v -0.0101244860534241 -0.03585903892494997 0.07074499503327276
v -0.010127306082878488 -0.03353606843771148 0.07026315847001825
v -0.036106112832095444 -0.03596870353975265 0.07074403583958079
v -0.010118452725101625 -0.018922656621216997 -0.056663628773838834
v -0.010118452725101625 -0.03780389046284641 -0.06950050836150333
v -0.010127306082878488 -0.03353606843771148 -0.07026315847001825
v -0.010118265682331685 -0.03784264188800193 -0.06944357062394813
v -0.0101244860534241 -0.03585903892494997 -0.07074499503327276
v -0.010127306082878488 -0.03353606843771148 -0.07026315847001825
v -0.03604910795098179 -0.03791293160174932 -0.06950050836150333
v -0.036231968636418484 -0.03364748358100195 -0.07026070293416681
v -0.03604890652030648 -0.03795167823093633 -0.06944357062394813
v -0.036231968636418484 -0.03364748358100195 -0.07026070293416681
v -0.036106112832095444 -0.03596870353975265 -0.07074403583958079
v -0.03604890652030648 -0.03795167823093633 -0.06944357062394813
v -0.010118452725101625 -0.03780389046284641 0.06950050836150333
v -0.010127306082878488 -0.03353606843771148 0.07026315847001825
v -0.010118265682331685 -0.03784264188800193 0.06944357062394813
v -0.010127306082878488 -0.03353606843771148 0.07026315847001825
v -0.0101244860534241 -0.03585903892494997 0.07074499503327276
v -0.010118265682331685 -0.03784264188800193 0.06944357062394813
v -0.03735153951368299 -0.019076626392651643 0.056663628773838834
v -0.03604910795098179 -0.03791293160174932 0.06950050836150333
v -0.036231968636418484 -0.03364748358100195 0.07026070293416681
v -0.03604890652030648 -0.03795167823093633 0.06944357062394813
v -0.036106112832095444 -0.03596870353975265 0.07074403583958079
v -0.036231968636418484 -0.03364748358100195 0.07026070293416681
v -0.010129939069562936 -0.01689024508714934 -0.058945891080790236
v -0.010118452725101625 -0.018922656621216997 -0.056663628773838834
v -0.010127306082878488 -0.03353606843771148 -0.07026315847001825
v -0.03736303065411275 -0.017044219654552436 0.058945891080790236
v -0.03735153951368299 -0.019076626392651643 0.056663628773838834
v -0.036231968636418484 -0.03364748358100195 0.07026070293416681
v -0.03736303065411275 -0.017044219654552436 -0.058945891080790236
v -0.036231968636418484 -0.03364748358100195 -0.07026070293416681
v -0.03735153951368299 -0.019076626392651643 -0.056663628773838834
v -0.010129939069562936 -0.01689024508714934 0.058945891080790236
v -0.010127306082878488 -0.03353606843771148 0.07026315847001825
v -0.010118452725101625 -0.018922656621216997 0.056663628773838834
vt 0.001704 0.009618000000000015
vt 0.00162 0.009696999999999956
vt 0.001704 0.0025730000000000475
vt 0.350256 0.576204
vt 0.350256 0.583251
vt 0.312788 0.58221
vt 0.296496 0.0025730000000000475
vt 0.296496 0.009618000000000015
vt 0.260122 0.008579000000000003
vt 0.046567 0.583251
vt 0.046481 0.583329
vt 0.046567 0.576204
vt 0.457456 0.31752899999999995
vt 0.471304 0.31800699999999993
vt 0.457456 0.40162
vt 0.992148 0.397806
vt 0.992148 0.4372849999999999
vt 0.951421 0.4372849999999999
vt 0.260687 0.393883
vt 0.132838 0.44278400000000007
vt 0.247385 0.3658429999999999
vt 0.442844 0.321747
vt 0.457456 0.31752899999999995
vt 0.457456 0.40162
vt 0.992148 0.35783600000000004
vt 0.992148 0.397806
vt 0.951325 0.39786900000000003
vt 0.265551 0.425331
vt 0.132838 0.44278400000000007
vt 0.260687 0.393883
vt 0.428062 0.331315
vt 0.442844 0.321747
vt 0.457456 0.40162
vt 0.992148 0.316728
vt 0.992148 0.35783600000000004
vt 0.951322 0.357915
vt 0.261498 0.45821
vt 0.132838 0.44278400000000007
vt 0.265551 0.425331
vt 0.414464 0.34645499999999996
vt 0.428062 0.331315
vt 0.457456 0.40162
vt 0.992148 0.274301
vt 0.992148 0.316728
vt 0.951329 0.316782
vt 0.248601 0.49028099999999997
vt 0.132838 0.44278400000000007
vt 0.261498 0.45821
vt 0.403719 0.36646200000000007
vt 0.414464 0.34645499999999996
vt 0.457456 0.40162
vt 0.992148 0.23073199999999994
vt 0.992148 0.274301
vt 0.951328 0.274324
vt 0.227605 0.519226
vt 0.132838 0.44278400000000007
vt 0.248601 0.49028099999999997
vt 0.397252 0.389706
vt 0.403719 0.36646200000000007
vt 0.457456 0.40162
vt 0.992148 0.18648200000000004
vt 0.992148 0.23073199999999994
vt 0.951328 0.23072199999999998
vt 0.199928 0.542902
vt 0.132838 0.44278400000000007
vt 0.227605 0.519226
vt 0.395853 0.413953
vt 0.397252 0.389706
vt 0.457456 0.40162
vt 0.992148 0.14205599999999996
vt 0.992148 0.18648200000000004
vt 0.951243 0.186461
vt 0.167551 0.559564
vt 0.132838 0.44278400000000007
vt 0.199928 0.542902
vt 0.399499 0.436809
vt 0.395853 0.413953
vt 0.457456 0.40162
vt 0.949211 0.958644
vt 0.986145 0.958563
vt 0.986145 0.999875
vt 0.132838 0.568039
vt 0.132838 0.44278400000000007
vt 0.167551 0.559564
vt 0.407378 0.456199
vt 0.399499 0.436809
vt 0.457456 0.40162
vt 0.913374 0.958774
vt 0.949211 0.958644
vt 0.949045 0.999875
vt 0.098307 0.567826
vt 0.132838 0.44278400000000007
vt 0.132838 0.568039
vt 0.418153 0.47082500000000005
vt 0.407378 0.456199
vt 0.457456 0.40162
vt 0.878732 0.958868
vt 0.913374 0.958774
vt 0.913192 0.999875
vt 0.066383 0.559113
vt 0.132838 0.44278400000000007
vt 0.098307 0.567826
vt 0.430484 0.4803740000000001
vt 0.418153 0.47082500000000005
vt 0.457456 0.40162
vt 0.845106 0.959141
vt 0.878732 0.958868
vt 0.878591 0.999875
vt 0.039162 0.542682
vt 0.132838 0.44278400000000007
vt 0.066383 0.559113
vt 0.443607 0.485233
vt 0.430484 0.4803740000000001
vt 0.457456 0.40162
vt 0.811614 0.958976
vt 0.845106 0.959141
vt 0.844901 0.999875
vt 0.018291 0.519726
vt 0.132838 0.44278400000000007
vt 0.039162 0.542682
vt 0.457456 0.4857119999999999
vt 0.443607 0.485233
vt 0.457456 0.40162
vt 0.470282 0.12324400000000002
vt 0.435746 0.12322900000000003
vt 0.435746 0.08237800000000006
vt 0.004989 0.4916849999999999
vt 0.132838 0.44278400000000007
vt 0.018291 0.519726
vt 0.472067 0.481494
vt 0.457456 0.4857119999999999
vt 0.457456 0.40162
vt 0.50515 0.12309700000000001
vt 0.470282 0.12324400000000002
vt 0.470264 0.08227899999999999
vt 0.000125 0.460237
vt 0.132838 0.44278400000000007
vt 0.004989 0.4916849999999999
vt 0.486849 0.47192600000000007
vt 0.472067 0.481494
vt 0.457456 0.40162
vt 0.541034 0.12310200000000004
vt 0.50515 0.12309700000000001
vt 0.505141 0.08228199999999997
vt 0.004178 0.427358
vt 0.132838 0.44278400000000007
vt 0.000125 0.460237
vt 0.500448 0.456785
vt 0.486849 0.47192600000000007
vt 0.457456 0.40162
vt 0.578079 0.12312500000000004
vt 0.541034 0.12310200000000004
vt 0.541028 0.08228900000000006
vt 0.017075 0.39528699999999994
vt 0.132838 0.44278400000000007
vt 0.004178 0.427358
vt 0.511193 0.436778
vt 0.500448 0.456785
vt 0.457456 0.40162
vt 0.616114 0.12313200000000002
vt 0.578079 0.12312500000000004
vt 0.578063 0.08228199999999997
vt 0.038072 0.36634199999999995
vt 0.132838 0.44278400000000007
vt 0.017075 0.39528699999999994
vt 0.51766 0.41353400000000007
vt 0.511193 0.436778
vt 0.457456 0.40162
vt 0.654712 0.123139
vt 0.616114 0.12313200000000002
vt 0.616087 0.08228100000000005
vt 0.065748 0.342666
vt 0.132838 0.44278400000000007
vt 0.038072 0.36634199999999995
vt 0.519059 0.38928699999999994
vt 0.51766 0.41353400000000007
vt 0.457456 0.40162
vt 0.693308 0.123139
vt 0.654712 0.123139
vt 0.65467 0.08228100000000005
vt 0.098125 0.32600399999999996
vt 0.132838 0.44278400000000007
vt 0.065748 0.342666
vt 0.515413 0.366432
vt 0.519059 0.38928699999999994
vt 0.457456 0.40162
vt 0.731344 0.123139
vt 0.693308 0.123139
vt 0.693254 0.08228599999999997
vt 0.132838 0.31752899999999995
vt 0.132838 0.44278400000000007
vt 0.098125 0.32600399999999996
vt 0.507533 0.34704099999999993
vt 0.515413 0.366432
vt 0.457456 0.40162
vt 0.768386 0.12312699999999999
vt 0.731344 0.123139
vt 0.731278 0.082291
vt 0.167369 0.31774199999999997
vt 0.132838 0.44278400000000007
vt 0.132838 0.31752899999999995
vt 0.496758 0.33241600000000004
vt 0.507533 0.34704099999999993
vt 0.457456 0.40162
vt 0.804273 0.12313799999999997
vt 0.768386 0.12312699999999999
vt 0.768315 0.08230700000000002
vt 0.199293 0.32645499999999994
vt 0.132838 0.44278400000000007
vt 0.167369 0.31774199999999997
vt 0.484427 0.322866
vt 0.496758 0.33241600000000004
vt 0.457456 0.40162
vt 0.839151 0.12314099999999994
vt 0.804273 0.12313799999999997
vt 0.804201 0.08231199999999994
vt 0.226514 0.342886
vt 0.132838 0.44278400000000007
vt 0.199293 0.32645499999999994
vt 0.471304 0.31800699999999993
vt 0.484427 0.322866
vt 0.457456 0.40162
vt 0.873623 0.12298699999999996
vt 0.839151 0.12314099999999994
vt 0.839076 0.08220800000000006
vt 0.247385 0.3658429999999999
vt 0.132838 0.44278400000000007
vt 0.226514 0.342886
vt 0.951325 0.39786900000000003
vt 0.951421 0.4372849999999999
vt 0.947332 0.43609600000000004
vt 0.951322 0.357915
vt 0.951325 0.39786900000000003
vt 0.947332 0.397343
vt 0.951329 0.316782
vt 0.951322 0.357915
vt 0.947332 0.357561
vt 0.951328 0.274324
vt 0.951329 0.316782
vt 0.947332 0.316404
vt 0.951328 0.23072199999999998
vt 0.951328 0.274324
vt 0.947332 0.27385799999999993
vt 0.951243 0.186461
vt 0.951328 0.23072199999999998
vt 0.947332 0.23018899999999998
vt 0.951249 0.14205599999999996
vt 0.951243 0.186461
vt 0.947332 0.18598899999999996
vt 0.83219 0.269115
vt 0.83219 0.30653299999999994
vt 0.82824 0.30653299999999994
vt 0.83219 0.23280199999999995
vt 0.83219 0.269115
vt 0.82824 0.26913699999999996
vt 0.83219 0.197712
vt 0.83219 0.23280199999999995
vt 0.82824 0.23279300000000003
vt 0.83219 0.16362100000000002
vt 0.83219 0.197712
vt 0.82824 0.19753500000000002
vt 0.83219 0.12999399999999994
vt 0.83219 0.16362100000000002
vt 0.82824 0.163481
vt 0.470264 0.08227899999999999
vt 0.435746 0.08237800000000006
vt 0.435746 0.07827799999999996
vt 0.505141 0.08228199999999997
vt 0.470264 0.08227899999999999
vt 0.469734 0.07827799999999996
vt 0.541028 0.08228900000000006
vt 0.505141 0.08228199999999997
vt 0.504547 0.07827799999999996
vt 0.578063 0.08228199999999997
vt 0.541028 0.08228900000000006
vt 0.540521 0.07827799999999996
vt 0.616087 0.08228100000000005
vt 0.578063 0.08228199999999997
vt 0.577709 0.07827799999999996
vt 0.65467 0.08228100000000005
vt 0.616087 0.08228100000000005
vt 0.615909 0.07827799999999996
vt 0.693254 0.08228599999999997
vt 0.65467 0.08228100000000005
vt 0.654677 0.07827799999999996
vt 0.731278 0.082291
vt 0.693254 0.08228599999999997
vt 0.693445 0.07827799999999996
vt 0.768315 0.08230700000000002
vt 0.731278 0.082291
vt 0.731644 0.07827799999999996
vt 0.804201 0.08231199999999994
vt 0.768315 0.08230700000000002
vt 0.768833 0.07827799999999996
vt 0.839076 0.08220800000000006
vt 0.804201 0.08231199999999994
vt 0.804807 0.07827799999999996
vt 0.873623 0.08221100000000003
vt 0.839076 0.08220800000000006
vt 0.839633 0.07827799999999996
vt 0.024977 0.18054499999999996
vt 0.000125 0.18054499999999996
vt 0.000125 0.17245900000000003
vt 0.05074 0.180543
vt 0.024977 0.18054499999999996
vt 0.024418 0.17245900000000003
vt 0.078017 0.18054100000000006
vt 0.05074 0.180543
vt 0.049788 0.17246099999999998
vt 0.106953 0.180539
vt 0.078017 0.18054100000000006
vt 0.076941 0.17246300000000003
vt 0.137252 0.18053799999999998
vt 0.106953 0.180539
vt 0.106039 0.17246499999999998
vt 0.168313 0.18053799999999998
vt 0.137252 0.18053799999999998
vt 0.136732 0.172466
vt 0.199374 0.18053799999999998
vt 0.168313 0.18053799999999998
vt 0.168313 0.172466
vt 0.229674 0.180539
vt 0.199374 0.18053799999999998
vt 0.199894 0.172466
vt 0.258609 0.18054100000000006
vt 0.229674 0.180539
vt 0.230587 0.17246499999999998
vt 0.285886 0.180543
vt 0.258609 0.18054100000000006
vt 0.259685 0.17246300000000003
vt 0.311649 0.18054499999999996
vt 0.285886 0.180543
vt 0.286839 0.17246099999999998
vt 0.336501 0.18054499999999996
vt 0.311649 0.18054499999999996
vt 0.312208 0.17245900000000003
vt 0.361353 0.18054499999999996
vt 0.336501 0.18054499999999996
vt 0.336501 0.17245900000000003
vt 0.387116 0.180543
vt 0.361353 0.18054499999999996
vt 0.360794 0.17245900000000003
vt 0.414393 0.18054100000000006
vt 0.387116 0.180543
vt 0.386164 0.17246099999999998
vt 0.443329 0.180539
vt 0.414393 0.18054100000000006
vt 0.413317 0.17246300000000003
vt 0.473628 0.18053799999999998
vt 0.443329 0.180539
vt 0.442415 0.17246499999999998
vt 0.504689 0.18053799999999998
vt 0.473628 0.18053799999999998
vt 0.473109 0.172466
vt 0.53575 0.18053799999999998
vt 0.504689 0.18053799999999998
vt 0.504689 0.172466
vt 0.56605 0.180539
vt 0.53575 0.18053799999999998
vt 0.53627 0.172466
vt 0.594985 0.18054100000000006
vt 0.56605 0.180539
vt 0.566963 0.17246499999999998
vt 0.622262 0.180543
vt 0.594985 0.18054100000000006
vt 0.596061 0.17246300000000003
vt 0.648026 0.18054499999999996
vt 0.622262 0.180543
vt 0.623215 0.17246099999999998
vt 0.672877 0.18054499999999996
vt 0.648026 0.18054499999999996
vt 0.648584 0.17245900000000003
vt 0.025733 0.19443100000000002
vt 0.000125 0.19443299999999997
vt 0.000125 0.18054499999999996
vt 0.000125 0.19443299999999997
vt 0.025733 0.19443100000000002
vt 0.026212 0.20925099999999996
vt 0.026355 0.22301000000000004
vt 0.000125 0.22301000000000004
vt 0.000125 0.20925400000000005
vt 0.000125 0.15857100000000002
vt 0.023241 0.15857299999999996
vt 0.024418 0.17245900000000003
vt 0.023241 0.15857299999999996
vt 0.000125 0.15857100000000002
vt 0.000125 0.14375000000000004
vt 0.000125 0.12999399999999994
vt 0.021502 0.12999399999999994
vt 0.022002 0.14375300000000002
vt 0.052028 0.19442400000000004
vt 0.025733 0.19443100000000002
vt 0.024977 0.18054499999999996
vt 0.025733 0.19443100000000002
vt 0.052028 0.19442400000000004
vt 0.052846 0.20924500000000001
vt 0.053089 0.22301000000000004
vt 0.026355 0.22301000000000004
vt 0.026212 0.20925099999999996
vt 0.023241 0.15857299999999996
vt 0.047781 0.15857999999999994
vt 0.049788 0.17246099999999998
vt 0.047781 0.15857999999999994
vt 0.023241 0.15857299999999996
vt 0.022002 0.14375300000000002
vt 0.021502 0.12999399999999994
vt 0.044819 0.12999399999999994
vt 0.045671 0.14375899999999997
vt 0.079474 0.19441600000000003
vt 0.052028 0.19442400000000004
vt 0.05074 0.180543
vt 0.052028 0.19442400000000004
vt 0.079474 0.19441600000000003
vt 0.080398 0.20923800000000004
vt 0.080673 0.22301000000000004
vt 0.053089 0.22301000000000004
vt 0.052846 0.20924500000000001
vt 0.047781 0.15857999999999994
vt 0.074673 0.15858799999999995
vt 0.076941 0.17246300000000003
vt 0.074673 0.15858799999999995
vt 0.047781 0.15857999999999994
vt 0.045671 0.14375899999999997
vt 0.044819 0.12999399999999994
vt 0.071324 0.12999399999999994
vt 0.072287 0.14376600000000006
vt 0.108188 0.19440900000000005
vt 0.079474 0.19441600000000003
vt 0.078017 0.18054100000000006
vt 0.079474 0.19441600000000003
vt 0.108188 0.19440900000000005
vt 0.108973 0.20923099999999994
vt 0.109206 0.22301000000000004
vt 0.080673 0.22301000000000004
vt 0.080398 0.20923800000000004
vt 0.074673 0.15858799999999995
vt 0.104115 0.15859500000000004
vt 0.106039 0.17246499999999998
vt 0.104115 0.15859500000000004
vt 0.074673 0.15858799999999995
vt 0.072287 0.14376600000000006
vt 0.071324 0.12999399999999994
vt 0.101273 0.12999399999999994
vt 0.10209 0.143772
vt 0.137956 0.19440499999999994
vt 0.108188 0.19440900000000005
vt 0.106953 0.180539
vt 0.108188 0.19440900000000005
vt 0.137956 0.19440499999999994
vt 0.138402 0.20922799999999997
vt 0.138535 0.22301000000000004
vt 0.109206 0.22301000000000004
vt 0.108973 0.20923099999999994
vt 0.104115 0.15859500000000004
vt 0.135637 0.15859899999999993
vt 0.136732 0.172466
vt 0.135637 0.15859899999999993
vt 0.104115 0.15859500000000004
vt 0.10209 0.143772
vt 0.101273 0.12999399999999994
vt 0.13402 0.12999399999999994
vt 0.134485 0.14377600000000001
vt 0.168313 0.194403
vt 0.137956 0.19440499999999994
vt 0.137252 0.18053799999999998
vt 0.137956 0.19440499999999994
vt 0.168313 0.194403
vt 0.168313 0.20922600000000002
vt 0.168313 0.22301000000000004
vt 0.138535 0.22301000000000004
vt 0.138402 0.20922799999999997
vt 0.135637 0.15859899999999993
vt 0.168313 0.158601
vt 0.168313 0.172466
vt 0.168313 0.158601
vt 0.135637 0.15859899999999993
vt 0.134485 0.14377600000000001
vt 0.13402 0.12999399999999994
vt 0.168313 0.12999399999999994
vt 0.168313 0.14377799999999996
vt 0.19867 0.19440499999999994
vt 0.168313 0.194403
vt 0.168313 0.18053799999999998
vt 0.168313 0.194403
vt 0.19867 0.19440499999999994
vt 0.198224 0.20922799999999997
vt 0.198091 0.22301000000000004
vt 0.168313 0.22301000000000004
vt 0.168313 0.20922600000000002
vt 0.168313 0.158601
vt 0.200989 0.15859899999999993
vt 0.199894 0.172466
vt 0.200989 0.15859899999999993
vt 0.168313 0.158601
vt 0.168313 0.14377799999999996
vt 0.168313 0.12999399999999994
vt 0.202606 0.12999399999999994
vt 0.202141 0.14377600000000001
vt 0.228438 0.19440900000000005
vt 0.19867 0.19440499999999994
vt 0.199374 0.18053799999999998
vt 0.19867 0.19440499999999994
vt 0.228438 0.19440900000000005
vt 0.227654 0.20923099999999994
vt 0.22742 0.22301000000000004
vt 0.198091 0.22301000000000004
vt 0.198224 0.20922799999999997
vt 0.200989 0.15859899999999993
vt 0.232511 0.15859500000000004
vt 0.230587 0.17246499999999998
vt 0.232511 0.15859500000000004
vt 0.200989 0.15859899999999993
vt 0.202141 0.14377600000000001
vt 0.202606 0.12999399999999994
vt 0.235353 0.12999399999999994
vt 0.234536 0.143772
vt 0.257152 0.19441600000000003
vt 0.228438 0.19440900000000005
vt 0.229674 0.180539
vt 0.228438 0.19440900000000005
vt 0.257152 0.19441600000000003
vt 0.256228 0.20923800000000004
vt 0.255953 0.22301000000000004
vt 0.22742 0.22301000000000004
vt 0.227654 0.20923099999999994
vt 0.232511 0.15859500000000004
vt 0.261953 0.15858799999999995
vt 0.259685 0.17246300000000003
vt 0.261953 0.15858799999999995
vt 0.232511 0.15859500000000004
vt 0.234536 0.143772
vt 0.235353 0.12999399999999994
vt 0.265302 0.12999399999999994
vt 0.264339 0.14376600000000006
vt 0.284598 0.19442400000000004
vt 0.257152 0.19441600000000003
vt 0.258609 0.18054100000000006
vt 0.257152 0.19441600000000003
vt 0.284598 0.19442400000000004
vt 0.28378 0.20924500000000001
vt 0.283537 0.22301000000000004
vt 0.255953 0.22301000000000004
vt 0.256228 0.20923800000000004
vt 0.261953 0.15858799999999995
vt 0.288845 0.15857999999999994
vt 0.286839 0.17246099999999998
vt 0.288845 0.15857999999999994
vt 0.261953 0.15858799999999995
vt 0.264339 0.14376600000000006
vt 0.265302 0.12999399999999994
vt 0.291807 0.12999399999999994
vt 0.290955 0.14375899999999997
vt 0.310893 0.19443100000000002
vt 0.284598 0.19442400000000004
vt 0.285886 0.180543
vt 0.284598 0.19442400000000004
vt 0.310893 0.19443100000000002
vt 0.310414 0.20925099999999996
vt 0.310271 0.22301000000000004
vt 0.283537 0.22301000000000004
vt 0.28378 0.20924500000000001
vt 0.288845 0.15857999999999994
vt 0.313385 0.15857299999999996
vt 0.312208 0.17245900000000003
vt 0.313385 0.15857299999999996
vt 0.288845 0.15857999999999994
vt 0.290955 0.14375899999999997
vt 0.291807 0.12999399999999994
vt 0.315124 0.12999399999999994
vt 0.314624 0.14375300000000002
vt 0.336501 0.19443299999999997
vt 0.310893 0.19443100000000002
vt 0.311649 0.18054499999999996
vt 0.310893 0.19443100000000002
vt 0.336501 0.19443299999999997
vt 0.336501 0.20925400000000005
vt 0.336501 0.22301000000000004
vt 0.310271 0.22301000000000004
vt 0.310414 0.20925099999999996
vt 0.313385 0.15857299999999996
vt 0.336501 0.15857100000000002
vt 0.336501 0.17245900000000003
vt 0.336501 0.15857100000000002
vt 0.313385 0.15857299999999996
vt 0.314624 0.14375300000000002
vt 0.315124 0.12999399999999994
vt 0.336501 0.12999399999999994
vt 0.336501 0.14375000000000004
vt 0.362109 0.19443100000000002
vt 0.336501 0.19443299999999997
vt 0.336501 0.18054499999999996
vt 0.336501 0.19443299999999997
vt 0.362109 0.19443100000000002
vt 0.362588 0.20925099999999996
vt 0.362731 0.22301000000000004
vt 0.336501 0.22301000000000004
vt 0.336501 0.20925400000000005
vt 0.336501 0.15857100000000002
vt 0.359617 0.15857299999999996
vt 0.360794 0.17245900000000003
vt 0.359617 0.15857299999999996
vt 0.336501 0.15857100000000002
vt 0.336501 0.14375000000000004
vt 0.336501 0.12999399999999994
vt 0.357878 0.12999399999999994
vt 0.358378 0.14375300000000002
vt 0.388404 0.19442400000000004
vt 0.362109 0.19443100000000002
vt 0.361353 0.18054499999999996
vt 0.362109 0.19443100000000002
vt 0.388404 0.19442400000000004
vt 0.389222 0.20924500000000001
vt 0.389465 0.22301000000000004
vt 0.362731 0.22301000000000004
vt 0.362588 0.20925099999999996
vt 0.359617 0.15857299999999996
vt 0.384157 0.15857999999999994
vt 0.386164 0.17246099999999998
vt 0.384157 0.15857999999999994
vt 0.359617 0.15857299999999996
vt 0.358378 0.14375300000000002
vt 0.357878 0.12999399999999994
vt 0.381195 0.12999399999999994
vt 0.382047 0.14375899999999997
vt 0.41585 0.19441600000000003
vt 0.388404 0.19442400000000004
vt 0.387116 0.180543
vt 0.388404 0.19442400000000004
vt 0.41585 0.19441600000000003
vt 0.416774 0.20923800000000004
vt 0.417049 0.22301000000000004
vt 0.389465 0.22301000000000004
vt 0.389222 0.20924500000000001
vt 0.384157 0.15857999999999994
vt 0.411049 0.15858799999999995
vt 0.413317 0.17246300000000003
vt 0.411049 0.15858799999999995
vt 0.384157 0.15857999999999994
vt 0.382047 0.14375899999999997
vt 0.381195 0.12999399999999994
vt 0.4077 0.12999399999999994
vt 0.408663 0.14376600000000006
vt 0.444564 0.19440900000000005
vt 0.41585 0.19441600000000003
vt 0.414393 0.18054100000000006
vt 0.41585 0.19441600000000003
vt 0.444564 0.19440900000000005
vt 0.445349 0.20923099999999994
vt 0.445582 0.22301000000000004
vt 0.417049 0.22301000000000004
vt 0.416774 0.20923800000000004
vt 0.411049 0.15858799999999995
vt 0.440491 0.15859500000000004
vt 0.442415 0.17246499999999998
vt 0.440491 0.15859500000000004
vt 0.411049 0.15858799999999995
vt 0.408663 0.14376600000000006
vt 0.4077 0.12999399999999994
vt 0.437649 0.12999399999999994
vt 0.438466 0.143772
vt 0.474332 0.19440499999999994
vt 0.444564 0.19440900000000005
vt 0.443329 0.180539
vt 0.444564 0.19440900000000005
vt 0.474332 0.19440499999999994
vt 0.474778 0.20922799999999997
vt 0.474911 0.22301000000000004
vt 0.445582 0.22301000000000004
vt 0.445349 0.20923099999999994
vt 0.440491 0.15859500000000004
vt 0.472013 0.15859899999999993
vt 0.473109 0.172466
vt 0.472013 0.15859899999999993
vt 0.440491 0.15859500000000004
vt 0.438466 0.143772
vt 0.437649 0.12999399999999994
vt 0.470396 0.12999399999999994
vt 0.470861 0.14377600000000001
vt 0.504689 0.194403
vt 0.474332 0.19440499999999994
vt 0.473628 0.18053799999999998
vt 0.474332 0.19440499999999994
vt 0.504689 0.194403
vt 0.504689 0.20922600000000002
vt 0.504689 0.22301000000000004
vt 0.474911 0.22301000000000004
vt 0.474778 0.20922799999999997
vt 0.472013 0.15859899999999993
vt 0.504689 0.158601
vt 0.504689 0.172466
vt 0.504689 0.158601
vt 0.472013 0.15859899999999993
vt 0.470861 0.14377600000000001
vt 0.470396 0.12999399999999994
vt 0.504689 0.12999399999999994
vt 0.504689 0.14377799999999996
vt 0.535046 0.19440499999999994
vt 0.504689 0.194403
vt 0.504689 0.18053799999999998
vt 0.504689 0.194403
vt 0.535046 0.19440499999999994
vt 0.5346 0.20922799999999997
vt 0.534468 0.22301000000000004
vt 0.504689 0.22301000000000004
vt 0.504689 0.20922600000000002
vt 0.504689 0.158601
vt 0.537365 0.15859899999999993
vt 0.53627 0.172466
vt 0.537365 0.15859899999999993
vt 0.504689 0.158601
vt 0.504689 0.14377799999999996
vt 0.504689 0.12999399999999994
vt 0.538982 0.12999399999999994
vt 0.538517 0.14377600000000001
vt 0.564814 0.19440900000000005
vt 0.535046 0.19440499999999994
vt 0.53575 0.18053799999999998
vt 0.535046 0.19440499999999994
vt 0.564814 0.19440900000000005
vt 0.56403 0.20923099999999994
vt 0.563796 0.22301000000000004
vt 0.534468 0.22301000000000004
vt 0.5346 0.20922799999999997
vt 0.537365 0.15859899999999993
vt 0.568887 0.15859500000000004
vt 0.566963 0.17246499999999998
vt 0.568887 0.15859500000000004
vt 0.537365 0.15859899999999993
vt 0.538517 0.14377600000000001
vt 0.538982 0.12999399999999994
vt 0.571729 0.12999399999999994
vt 0.570912 0.143772
vt 0.593528 0.19441600000000003
vt 0.564814 0.19440900000000005
vt 0.56605 0.180539
vt 0.564814 0.19440900000000005
vt 0.593528 0.19441600000000003
vt 0.592604 0.20923800000000004
vt 0.592329 0.22301000000000004
vt 0.563796 0.22301000000000004
vt 0.56403 0.20923099999999994
vt 0.568887 0.15859500000000004
vt 0.598329 0.15858799999999995
vt 0.596061 0.17246300000000003
vt 0.598329 0.15858799999999995
vt 0.568887 0.15859500000000004
vt 0.570912 0.143772
vt 0.571729 0.12999399999999994
vt 0.601678 0.12999399999999994
vt 0.600715 0.14376600000000006
vt 0.620974 0.19442400000000004
vt 0.593528 0.19441600000000003
vt 0.594985 0.18054100000000006
vt 0.593528 0.19441600000000003
vt 0.620974 0.19442400000000004
vt 0.620156 0.20924500000000001
vt 0.619913 0.22301000000000004
vt 0.592329 0.22301000000000004
vt 0.592604 0.20923800000000004
vt 0.598329 0.15858799999999995
vt 0.625221 0.15857999999999994
vt 0.623215 0.17246099999999998
vt 0.625221 0.15857999999999994
vt 0.598329 0.15858799999999995
vt 0.600715 0.14376600000000006
vt 0.601678 0.12999399999999994
vt 0.628183 0.12999399999999994
vt 0.627331 0.14375899999999997
vt 0.647269 0.19443100000000002
vt 0.620974 0.19442400000000004
vt 0.622262 0.180543
vt 0.620974 0.19442400000000004
vt 0.647269 0.19443100000000002
vt 0.64679 0.20925099999999996
vt 0.646647 0.22301000000000004
vt 0.619913 0.22301000000000004
vt 0.620156 0.20924500000000001
vt 0.625221 0.15857999999999994
vt 0.649761 0.15857299999999996
vt 0.648584 0.17245900000000003
vt 0.649761 0.15857299999999996
vt 0.625221 0.15857999999999994
vt 0.627331 0.14375899999999997
vt 0.628183 0.12999399999999994
vt 0.6515 0.12999399999999994
vt 0.651 0.14375300000000002
vt 0.672877 0.19443299999999997
vt 0.647269 0.19443100000000002
vt 0.648026 0.18054499999999996
vt 0.647269 0.19443100000000002
vt 0.672877 0.19443299999999997
vt 0.672877 0.20925400000000005
vt 0.672877 0.22301000000000004
vt 0.646647 0.22301000000000004
vt 0.64679 0.20925099999999996
vt 0.649761 0.15857299999999996
vt 0.672877 0.15857100000000002
vt 0.672877 0.17245900000000003
vt 0.672877 0.15857100000000002
vt 0.649761 0.15857299999999996
vt 0.651 0.14375300000000002
vt 0.6515 0.12999399999999994
vt 0.672877 0.12999399999999994
vt 0.672877 0.14375000000000004
vt 0.298825 0.00024400000000002198
vt 0.332121 0.00024400000000002198
vt 0.331454 0.0060789999999999456
vt 0.332121 0.00024400000000002198
vt 0.365565 0.00024400000000002198
vt 0.364884 0.006157999999999997
vt 0.365565 0.00024400000000002198
vt 0.400003 0.00024400000000002198
vt 0.399509 0.0061989999999999545
vt 0.400003 0.00024400000000002198
vt 0.43559 0.00024400000000002198
vt 0.435344 0.0062429999999999986
vt 0.43559 0.00024400000000002198
vt 0.47218 0.00024400000000002198
vt 0.472196 0.0062750000000000306
vt 0.47218 0.00024400000000002198
vt 0.50941 0.00024400000000002198
vt 0.509514 0.006280999999999981
vt 0.50941 0.00024400000000002198
vt 0.546832 0.00024400000000002198
vt 0.546832 0.006283999999999956
vt 0.986145 0.958563
vt 0.949211 0.958644
vt 0.949311 0.952688
vt 0.949211 0.958644
vt 0.913374 0.958774
vt 0.91343 0.952805
vt 0.913374 0.958774
vt 0.878732 0.958868
vt 0.878655 0.952925
vt 0.878732 0.958868
vt 0.845106 0.959141
vt 0.845097 0.953047
vt 0.845106 0.959141
vt 0.811614 0.958976
vt 0.81235 0.952895
vt 0.435746 0.12322900000000003
vt 0.470282 0.12324400000000002
vt 0.470871 0.129243
vt 0.470282 0.12324400000000002
vt 0.50515 0.12309700000000001
vt 0.505517 0.129243
vt 0.50515 0.12309700000000001
vt 0.541034 0.12310200000000004
vt 0.541406 0.129243
vt 0.541034 0.12310200000000004
vt 0.578079 0.12312500000000004
vt 0.57855 0.129243
vt 0.578079 0.12312500000000004
vt 0.616114 0.12313200000000002
vt 0.616723 0.129243
vt 0.616114 0.12313200000000002
vt 0.654712 0.123139
vt 0.655472 0.129243
vt 0.654712 0.123139
vt 0.693308 0.123139
vt 0.69422 0.129243
vt 0.693308 0.123139
vt 0.731344 0.123139
vt 0.732394 0.129243
vt 0.731344 0.123139
vt 0.768386 0.12312699999999999
vt 0.769536 0.129243
vt 0.768386 0.12312699999999999
vt 0.804273 0.12313799999999997
vt 0.805424 0.129243
vt 0.804273 0.12313799999999997
vt 0.839151 0.12314099999999994
vt 0.84005 0.129243
vt 0.839151 0.12314099999999994
vt 0.873623 0.12298699999999996
vt 0.873623 0.129243
vt 0.298825 0.005978000000000039
vt 0.331454 0.0060789999999999456
vt 0.331471 0.011678999999999995
vt 0.331454 0.0060789999999999456
vt 0.364884 0.006157999999999997
vt 0.36494 0.011851000000000056
vt 0.364884 0.006157999999999997
vt 0.399509 0.0061989999999999545
vt 0.399569 0.011951999999999963
vt 0.399509 0.0061989999999999545
vt 0.435344 0.0062429999999999986
vt 0.435399 0.012029999999999985
vt 0.435344 0.0062429999999999986
vt 0.472196 0.0062750000000000306
vt 0.472232 0.012089000000000016
vt 0.472196 0.0062750000000000306
vt 0.509514 0.006280999999999981
vt 0.509537 0.012109999999999954
vt 0.509514 0.006280999999999981
vt 0.546832 0.006283999999999956
vt 0.546832 0.012075999999999976
vt 0.986145 0.952564
vt 0.949311 0.952688
vt 0.949168 0.946946
vt 0.949311 0.952688
vt 0.91343 0.952805
vt 0.913139 0.947083
vt 0.91343 0.952805
vt 0.878655 0.952925
vt 0.878206 0.947231
vt 0.878655 0.952925
vt 0.845097 0.953047
vt 0.844509 0.94736
vt 0.845097 0.953047
vt 0.81235 0.952895
vt 0.811614 0.947225
vt 0.861798 0.743127
vt 0.861798 0.709604
vt 0.868767 0.709619
vt 0.861798 0.709604
vt 0.861798 0.675045
vt 0.868732 0.675127
vt 0.861798 0.675045
vt 0.861798 0.639197
vt 0.868532 0.639372
vt 0.861798 0.639197
vt 0.861798 0.602042
vt 0.868318 0.602309
vt 0.861798 0.602042
vt 0.861798 0.56383
vt 0.868088 0.564187
vt 0.861798 0.56383
vt 0.861798 0.525033
vt 0.867861 0.52548
vt 0.861798 0.525033
vt 0.861798 0.4862580000000001
vt 0.867608 0.48677400000000004
vt 0.861798 0.4862580000000001
vt 0.861798 0.448117
vt 0.867306 0.448696
vt 0.861798 0.448117
vt 0.861798 0.41106200000000004
vt 0.867021 0.4117120000000001
vt 0.861798 0.41106200000000004
vt 0.861798 0.37529999999999997
vt 0.866789 0.37599399999999994
vt 0.861798 0.37529999999999997
vt 0.861798 0.34079499999999996
vt 0.866624 0.341527
vt 0.861798 0.34079499999999996
vt 0.861798 0.307284
vt 0.866405 0.30800399999999994
vt 0.298825 0.011626000000000025
vt 0.331471 0.011678999999999995
vt 0.331802 0.018619000000000052
vt 0.331471 0.011678999999999995
vt 0.36494 0.011851000000000056
vt 0.364973 0.018619000000000052
vt 0.36494 0.011851000000000056
vt 0.399569 0.011951999999999963
vt 0.399272 0.018619000000000052
vt 0.399569 0.011951999999999963
vt 0.435399 0.012029999999999985
vt 0.4349 0.018619000000000052
vt 0.435399 0.012029999999999985
vt 0.472232 0.012089000000000016
vt 0.471674 0.018619000000000052
vt 0.472232 0.012089000000000016
vt 0.509537 0.012109999999999954
vt 0.509161 0.018619000000000052
vt 0.509537 0.012109999999999954
vt 0.546832 0.012075999999999976
vt 0.546832 0.018619000000000052
vt 0.986145 0.946821
vt 0.949168 0.946946
vt 0.948882 0.940391
vt 0.949168 0.946946
vt 0.913139 0.947083
vt 0.912858 0.940391
vt 0.913139 0.947083
vt 0.878206 0.947231
vt 0.87822 0.940391
vt 0.878206 0.947231
vt 0.844509 0.94736
vt 0.844759 0.940391
vt 0.844509 0.94736
vt 0.811614 0.947225
vt 0.811614 0.940391
vt 0.868607 0.743127
vt 0.868767 0.709619
vt 0.877655 0.709144
vt 0.868767 0.709619
vt 0.868732 0.675127
vt 0.877255 0.674694
vt 0.868732 0.675127
vt 0.868532 0.639372
vt 0.87667 0.639101
vt 0.868532 0.639372
vt 0.868318 0.602309
vt 0.876016 0.602157
vt 0.868318 0.602309
vt 0.868088 0.564187
vt 0.875404 0.564042
vt 0.868088 0.564187
vt 0.867861 0.52548
vt 0.874864 0.525243
vt 0.867861 0.52548
vt 0.867608 0.48677400000000004
vt 0.874388 0.48643400000000003
vt 0.867608 0.48677400000000004
vt 0.867306 0.448696
vt 0.873881 0.4483539999999999
vt 0.867306 0.448696
vt 0.867021 0.4117120000000001
vt 0.873383 0.411446
vt 0.867021 0.4117120000000001
vt 0.866789 0.37599399999999994
vt 0.872987 0.375853
vt 0.866789 0.37599399999999994
vt 0.866624 0.341527
vt 0.872523 0.341387
vt 0.866624 0.341527
vt 0.866405 0.30800399999999994
vt 0.872072 0.307284
vt 0.187074 0.56879
vt 0.226631 0.56879
vt 0.226631 0.575453
vt 0.226631 0.56879
vt 0.266987 0.56879
vt 0.266987 0.575453
vt 0.266987 0.56879
vt 0.308687 0.56879
vt 0.308687 0.575453
vt 0.308687 0.56879
vt 0.351884 0.56879
vt 0.351884 0.575453
vt 0.144497 0.06630199999999997
vt 0.182248 0.06630199999999997
vt 0.181724 0.07260100000000003
vt 0.182248 0.06630199999999997
vt 0.220488 0.06630199999999997
vt 0.219992 0.07288399999999995
vt 0.220488 0.06630199999999997
vt 0.258582 0.06630199999999997
vt 0.258152 0.07318400000000003
vt 0.258582 0.06630199999999997
vt 0.295988 0.06630199999999997
vt 0.295637 0.07348299999999997
vt 0.295988 0.06630199999999997
vt 0.33228 0.06630199999999997
vt 0.332029 0.07375399999999999
vt 0.33228 0.06630199999999997
vt 0.367328 0.06630199999999997
vt 0.367178 0.07396999999999998
vt 0.367328 0.06630199999999997
vt 0.401381 0.06630199999999997
vt 0.401318 0.07413899999999995
vt 0.401381 0.06630199999999997
vt 0.434996 0.06630199999999997
vt 0.434996 0.07418999999999998
vt 0.877712 0.743127
vt 0.877655 0.709144
vt 0.885426 0.709091
vt 0.877655 0.709144
vt 0.877255 0.674694
vt 0.884961 0.674476
vt 0.877255 0.674694
vt 0.87667 0.639101
vt 0.884163 0.638806
vt 0.87667 0.639101
vt 0.876016 0.602157
vt 0.883279 0.601845
vt 0.876016 0.602157
vt 0.875404 0.564042
vt 0.882395 0.563743
vt 0.875404 0.564042
vt 0.874864 0.525243
vt 0.881599 0.524975
vt 0.874864 0.525243
vt 0.874388 0.48643400000000003
vt 0.880858 0.486097
vt 0.874388 0.48643400000000003
vt 0.873881 0.4483539999999999
vt 0.880111 0.448082
vt 0.873881 0.4483539999999999
vt 0.873383 0.411446
vt 0.87921 0.4114
vt 0.873383 0.411446
vt 0.872987 0.375853
vt 0.87855 0.3758600000000001
vt 0.872987 0.375853
vt 0.872523 0.341387
vt 0.877847 0.341407
vt 0.872523 0.341387
vt 0.872072 0.307284
vt 0.877192 0.307284
vt 0.936293 0.590581
vt 0.936465 0.554353
vt 0.983292 0.554353
vt 0.936465 0.554353
vt 0.936971 0.517472
vt 0.982787 0.517472
vt 0.936971 0.517472
vt 0.937779 0.47948499999999994
vt 0.981979 0.47948499999999994
vt 0.981979 0.47948499999999994
vt 0.937779 0.47948499999999994
vt 0.938695 0.44603799999999993
vt 0.14392 0.072353
vt 0.181724 0.07260100000000003
vt 0.178287 0.112294
vt 0.181724 0.07260100000000003
vt 0.219992 0.07288399999999995
vt 0.216967 0.11154900000000001
vt 0.219992 0.07288399999999995
vt 0.258152 0.07318400000000003
vt 0.255598 0.11073500000000003
vt 0.258152 0.07318400000000003
vt 0.295637 0.07348299999999997
vt 0.29364 0.10989800000000005
vt 0.295637 0.07348299999999997
vt 0.332029 0.07375399999999999
vt 0.330611 0.10910799999999998
vt 0.332029 0.07375399999999999
vt 0.367178 0.07396999999999998
vt 0.366332 0.10847399999999996
vt 0.367178 0.07396999999999998
vt 0.401318 0.07413899999999995
vt 0.40096 0.10812900000000003
vt 0.401318 0.07413899999999995
vt 0.434996 0.07418999999999998
vt 0.434996 0.10783100000000001
vt 0.88556 0.743127
vt 0.885426 0.709091
vt 0.919243 0.709156
vt 0.885426 0.709091
vt 0.884961 0.674476
vt 0.919465 0.674692
vt 0.884961 0.674476
vt 0.884163 0.638806
vt 0.919849 0.639191
vt 0.884163 0.638806
vt 0.883279 0.601845
vt 0.920332 0.60245
vt 0.883279 0.601845
vt 0.882395 0.563743
vt 0.920909 0.564659
vt 0.882395 0.563743
vt 0.881599 0.524975
vt 0.921457 0.526256
vt 0.881599 0.524975
vt 0.880858 0.486097
vt 0.921981 0.48781699999999995
vt 0.880858 0.486097
vt 0.880111 0.448082
vt 0.922324 0.44986100000000007
vt 0.938695 0.735125
vt 0.937779 0.701678
vt 0.981979 0.701678
vt 0.937779 0.701678
vt 0.936971 0.663691
vt 0.982787 0.663691
vt 0.936971 0.663691
vt 0.936465 0.62681
vt 0.983292 0.62681
vt 0.936465 0.62681
vt 0.936293 0.590581
vt 0.983465 0.590581
vt 0.000125 0.11880400000000002
vt 0.034032 0.11861199999999994
vt 0.034035 0.12187199999999998
vt 0.034032 0.11861199999999994
vt 0.068463 0.11820200000000003
vt 0.068252 0.12157600000000002
vt 0.068463 0.11820200000000003
vt 0.10395 0.11782099999999995
vt 0.10377 0.12130799999999997
vt 0.10395 0.11782099999999995
vt 0.140698 0.11739999999999995
vt 0.140626 0.12102000000000002
vt 0.140698 0.11739999999999995
vt 0.178633 0.11693500000000001
vt 0.178704 0.120695
vt 0.178633 0.11693500000000001
vt 0.217282 0.11640000000000006
vt 0.217462 0.12032200000000004
vt 0.217282 0.11640000000000006
vt 0.25595 0.115807
vt 0.25623 0.11990999999999996
vt 0.25595 0.115807
vt 0.294001 0.11519299999999999
vt 0.294357 0.11948400000000003
vt 0.294001 0.11519299999999999
vt 0.330955 0.11461200000000005
vt 0.331315 0.11907699999999999
vt 0.330955 0.11461200000000005
vt 0.366598 0.114147
vt 0.366879 0.11876299999999995
vt 0.366598 0.114147
vt 0.401122 0.11392500000000005
vt 0.401098 0.11863999999999997
vt 0.401122 0.11392500000000005
vt 0.434996 0.113622
vt 0.434552 0.11838199999999999
vt 0.925169 0.743127
vt 0.925049 0.709282
vt 0.929718 0.709921
vt 0.925049 0.709282
vt 0.925206 0.675001
vt 0.929861 0.675905
vt 0.925206 0.675001
vt 0.925452 0.639646
vt 0.929994 0.640611
vt 0.925452 0.639646
vt 0.925768 0.603031
vt 0.930156 0.603971
vt 0.925768 0.603031
vt 0.926126 0.565328
vt 0.930347 0.566233
vt 0.926126 0.565328
vt 0.926482 0.527012
vt 0.930534 0.527892
vt 0.926482 0.527012
vt 0.926797 0.48863499999999993
vt 0.930727 0.48968100000000003
vt 0.926797 0.48863499999999993
vt 0.927121 0.45084499999999994
vt 0.93095 0.45223199999999997
vt 0.639566 0.865188
vt 0.676192 0.865172
vt 0.676408 0.868968
vt 0.676192 0.865172
vt 0.711762 0.865194
vt 0.711832 0.86899
vt 0.711762 0.865194
vt 0.746124 0.865103
vt 0.746049 0.868971
vt 0.746124 0.865103
vt 0.779648 0.865159
vt 0.779147 0.869044
vt 0.000125 0.12599099999999996
vt 0.033603 0.125903
vt 0.033511 0.129243
vt 0.033603 0.125903
vt 0.067835 0.12573900000000005
vt 0.067528 0.129243
vt 0.067835 0.12573900000000005
vt 0.103392 0.125625
vt 0.1031 0.129243
vt 0.103392 0.125625
vt 0.14038 0.12549699999999997
vt 0.140181 0.129243
vt 0.14038 0.12549699999999997
vt 0.178574 0.12535200000000002
vt 0.178522 0.129243
vt 0.178574 0.12535200000000002
vt 0.217462 0.12518399999999996
vt 0.217574 0.129243
vt 0.217462 0.12518399999999996
vt 0.256367 0.12499700000000002
vt 0.256655 0.129243
vt 0.256367 0.12499700000000002
vt 0.294618 0.124803
vt 0.295082 0.129243
vt 0.294618 0.124803
vt 0.331684 0.12461999999999995
vt 0.332292 0.129243
vt 0.331684 0.12461999999999995
vt 0.36731 0.12447399999999997
vt 0.367991 0.129243
vt 0.36731 0.12447399999999997
vt 0.401553 0.12437299999999996
vt 0.402103 0.129243
vt 0.401553 0.12437299999999996
vt 0.434996 0.12425700000000006
vt 0.434996 0.129243
vt 0.756022 0.010743999999999976
vt 0.72378 0.010743999999999976
vt 0.723965 0.006847999999999965
vt 0.72378 0.010743999999999976
vt 0.690958 0.010743999999999976
vt 0.691203 0.006847999999999965
vt 0.690958 0.010743999999999976
vt 0.656942 0.010743999999999976
vt 0.657056 0.006847999999999965
vt 0.656942 0.010743999999999976
vt 0.621545 0.010743999999999976
vt 0.62151 0.006847999999999965
vt 0.621545 0.010743999999999976
vt 0.584949 0.010743999999999976
vt 0.584888 0.006847999999999965
vt 0.584949 0.010743999999999976
vt 0.547583 0.010743999999999976
vt 0.547583 0.006847999999999965
vt 0.756772 0.0021999999999999797
vt 0.794138 0.0021999999999999797
vt 0.794078 0.00609599999999999
vt 0.794138 0.0021999999999999797
vt 0.830734 0.0021999999999999797
vt 0.8307 0.00609599999999999
vt 0.830734 0.0021999999999999797
vt 0.866131 0.0021999999999999797
vt 0.866246 0.00609599999999999
vt 0.866131 0.0021999999999999797
vt 0.900148 0.0021999999999999797
vt 0.900393 0.00609599999999999
vt 0.900148 0.0021999999999999797
vt 0.93297 0.0021999999999999797
vt 0.933155 0.00609599999999999
vt 0.93297 0.0021999999999999797
vt 0.965212 0.0021999999999999797
vt 0.965212 0.00609599999999999
vt 0.994431 0.08172199999999996
vt 0.994431 0.11695699999999998
vt 0.992898 0.11685999999999996
vt 0.995952 0.08172199999999996
vt 0.995952 0.11699700000000002
vt 0.994431 0.11695699999999998
vt 0.994431 0.11695699999999998
vt 0.99443 0.15304699999999993
vt 0.992898 0.15288000000000002
vt 0.995952 0.11699700000000002
vt 0.995952 0.153115
vt 0.99443 0.15304699999999993
vt 0.99443 0.15304699999999993
vt 0.99443 0.19056799999999996
vt 0.992898 0.19038
vt 0.995952 0.153115
vt 0.995952 0.19064400000000004
vt 0.99443 0.19056799999999996
vt 0.99443 0.19056799999999996
vt 0.994429 0.22967300000000002
vt 0.992898 0.22951299999999997
vt 0.995952 0.19064400000000004
vt 0.995952 0.229738
vt 0.994429 0.22967300000000002
vt 0.994429 0.22967300000000002
vt 0.994429 0.270096
vt 0.992898 0.27000500000000005
vt 0.995952 0.229738
vt 0.995952 0.27013299999999996
vt 0.994429 0.270096
vt 0.994429 0.270096
vt 0.994429 0.31126
vt 0.992898 0.31126
vt 0.995952 0.27013299999999996
vt 0.995952 0.31126
vt 0.994429 0.31126
vt 0.994429 0.31126
vt 0.994429 0.35242400000000007
vt 0.992898 0.352515
vt 0.995952 0.31126
vt 0.995952 0.352387
vt 0.994429 0.35242400000000007
vt 0.994429 0.35242400000000007
vt 0.994429 0.39284699999999995
vt 0.992898 0.393007
vt 0.995952 0.352387
vt 0.995952 0.39278199999999996
vt 0.994429 0.39284699999999995
vt 0.994429 0.39284699999999995
vt 0.99443 0.431952
vt 0.992898 0.43213999999999997
vt 0.995952 0.39278199999999996
vt 0.995952 0.431875
vt 0.99443 0.431952
vt 0.99443 0.431952
vt 0.99443 0.46947300000000003
vt 0.992898 0.46964000000000006
vt 0.995952 0.431875
vt 0.995952 0.46940500000000007
vt 0.99443 0.46947300000000003
vt 0.99443 0.46947300000000003
vt 0.994431 0.505563
vt 0.992898 0.50566
vt 0.995952 0.46940500000000007
vt 0.995952 0.505523
vt 0.994431 0.505563
vt 0.994431 0.505563
vt 0.994431 0.540798
vt 0.992898 0.540798
vt 0.995952 0.505523
vt 0.995952 0.540798
vt 0.994431 0.540798
vt 0.994431 0.540798
vt 0.994431 0.576034
vt 0.992898 0.575936
vt 0.995952 0.540798
vt 0.995952 0.576074
vt 0.994431 0.576034
vt 0.994431 0.576034
vt 0.99443 0.612123
vt 0.992898 0.611957
vt 0.995952 0.576074
vt 0.995952 0.612191
vt 0.99443 0.612123
vt 0.99443 0.612123
vt 0.99443 0.649644
vt 0.992898 0.649456
vt 0.995952 0.612191
vt 0.995952 0.649721
vt 0.99443 0.649644
vt 0.99443 0.649644
vt 0.994429 0.688749
vt 0.992898 0.68859
vt 0.995952 0.649721
vt 0.995952 0.688814
vt 0.994429 0.688749
vt 0.994429 0.688749
vt 0.994429 0.729173
vt 0.992898 0.729082
vt 0.995952 0.688814
vt 0.995952 0.72921
vt 0.994429 0.729173
vt 0.994429 0.729173
vt 0.994429 0.770337
vt 0.992898 0.770337
vt 0.995952 0.72921
vt 0.995952 0.770337
vt 0.994429 0.770337
vt 0.994429 0.770337
vt 0.994429 0.8115
vt 0.992898 0.811591
vt 0.995952 0.770337
vt 0.995952 0.811463
vt 0.994429 0.8115
vt 0.994429 0.8115
vt 0.994429 0.851924
vt 0.992898 0.852083
vt 0.995952 0.811463
vt 0.995952 0.851859
vt 0.994429 0.851924
vt 0.994429 0.851924
vt 0.99443 0.891029
vt 0.992898 0.891217
vt 0.995952 0.851859
vt 0.995952 0.890952
vt 0.99443 0.891029
vt 0.99443 0.891029
vt 0.99443 0.92855
vt 0.992898 0.928716
vt 0.995952 0.890952
vt 0.995952 0.928482
vt 0.99443 0.92855
vt 0.99443 0.92855
vt 0.994431 0.964639
vt 0.992898 0.964737
vt 0.995952 0.928482
vt 0.995952 0.964599
vt 0.994431 0.964639
vt 0.994431 0.964639
vt 0.994431 0.999875
vt 0.992898 0.999875
vt 0.995952 0.964599
vt 0.995952 0.999875
vt 0.994431 0.999875
vt 0.000125 0.114904
vt 0.034106 0.11458800000000002
vt 0.034032 0.11861199999999994
vt 0.033603 0.125903
vt 0.000125 0.12599099999999996
vt 0.000487 0.12197900000000006
vt 0.034106 0.11458800000000002
vt 0.068497 0.11404999999999998
vt 0.068463 0.11820200000000003
vt 0.067835 0.12573900000000005
vt 0.033603 0.125903
vt 0.034035 0.12187199999999998
vt 0.068497 0.11404999999999998
vt 0.103942 0.11352099999999998
vt 0.10395 0.11782099999999995
vt 0.103392 0.125625
vt 0.067835 0.12573900000000005
vt 0.068252 0.12157600000000002
vt 0.103942 0.11352099999999998
vt 0.140365 0.11292999999999997
vt 0.140698 0.11739999999999995
vt 0.14038 0.12549699999999997
vt 0.103392 0.125625
vt 0.10377 0.12130799999999997
vt 0.140365 0.11292999999999997
vt 0.178287 0.112294
vt 0.178633 0.11693500000000001
vt 0.178574 0.12535200000000002
vt 0.14038 0.12549699999999997
vt 0.140626 0.12102000000000002
vt 0.178287 0.112294
vt 0.216967 0.11154900000000001
vt 0.217282 0.11640000000000006
vt 0.217462 0.12518399999999996
vt 0.178574 0.12535200000000002
vt 0.178704 0.120695
vt 0.216967 0.11154900000000001
vt 0.255598 0.11073500000000003
vt 0.25595 0.115807
vt 0.256367 0.12499700000000002
vt 0.217462 0.12518399999999996
vt 0.217462 0.12032200000000004
vt 0.255598 0.11073500000000003
vt 0.29364 0.10989800000000005
vt 0.294001 0.11519299999999999
vt 0.294618 0.124803
vt 0.256367 0.12499700000000002
vt 0.25623 0.11990999999999996
vt 0.29364 0.10989800000000005
vt 0.330611 0.10910799999999998
vt 0.330955 0.11461200000000005
vt 0.331684 0.12461999999999995
vt 0.294618 0.124803
vt 0.294357 0.11948400000000003
vt 0.330611 0.10910799999999998
vt 0.366332 0.10847399999999996
vt 0.366598 0.114147
vt 0.36731 0.12447399999999997
vt 0.331684 0.12461999999999995
vt 0.331315 0.11907699999999999
vt 0.366332 0.10847399999999996
vt 0.40096 0.10812900000000003
vt 0.401122 0.11392500000000005
vt 0.401553 0.12437299999999996
vt 0.36731 0.12447399999999997
vt 0.366879 0.11876299999999995
vt 0.40096 0.10812900000000003
vt 0.434996 0.10783100000000001
vt 0.434996 0.113622
vt 0.434996 0.12425700000000006
vt 0.401553 0.12437299999999996
vt 0.401098 0.11863999999999997
vt 0.919168 0.743127
vt 0.919243 0.709156
vt 0.925049 0.709282
vt 0.935543 0.710045
vt 0.935543 0.743127
vt 0.929802 0.743127
vt 0.919243 0.709156
vt 0.919465 0.674692
vt 0.925206 0.675001
vt 0.935543 0.676132
vt 0.935543 0.710045
vt 0.929718 0.709921
vt 0.919465 0.674692
vt 0.919849 0.639191
vt 0.925452 0.639646
vt 0.935543 0.640945
vt 0.935543 0.676132
vt 0.929861 0.675905
vt 0.919849 0.639191
vt 0.920332 0.60245
vt 0.925768 0.603031
vt 0.935543 0.604383
vt 0.935543 0.640945
vt 0.929994 0.640611
vt 0.920332 0.60245
vt 0.920909 0.564659
vt 0.926126 0.565328
vt 0.935543 0.566701
vt 0.935543 0.604383
vt 0.930156 0.603971
vt 0.920909 0.564659
vt 0.921457 0.526256
vt 0.926482 0.527012
vt 0.935543 0.528444
vt 0.935543 0.566701
vt 0.930347 0.566233
vt 0.921457 0.526256
vt 0.921981 0.48781699999999995
vt 0.926797 0.48863499999999993
vt 0.935543 0.490282
vt 0.935543 0.528444
vt 0.930534 0.527892
vt 0.921981 0.48781699999999995
vt 0.922324 0.44986100000000007
vt 0.927121 0.45084499999999994
vt 0.935543 0.453002
vt 0.935543 0.490282
vt 0.930727 0.48968100000000003
vt 0.639566 0.86049
vt 0.676171 0.86049
vt 0.676192 0.865172
vt 0.676307 0.873614
vt 0.639566 0.873614
vt 0.639888 0.868982
vt 0.676171 0.86049
vt 0.711751 0.86049
vt 0.711762 0.865194
vt 0.711937 0.873614
vt 0.676307 0.873614
vt 0.676408 0.868968
vt 0.711751 0.86049
vt 0.746195 0.86049
vt 0.746124 0.865103
vt 0.746301 0.873614
vt 0.711937 0.873614
vt 0.711832 0.86899
vt 0.746195 0.86049
vt 0.779648 0.86049
vt 0.779648 0.865159
vt 0.779648 0.873614
vt 0.746301 0.873614
vt 0.746049 0.868971
vt 0.1491 0.008584999999999954
vt 0.112941 0.008584000000000036
vt 0.112941 0.0036080000000000556
vt 0.235663 0.582215
vt 0.198411 0.582216
vt 0.198411 0.577238
vt 0.112941 0.008584000000000036
vt 0.076091 0.008581999999999979
vt 0.076091 0.003610000000000002
vt 0.273626 0.582213
vt 0.235663 0.582215
vt 0.235663 0.577239
vt 0.076091 0.008581999999999979
vt 0.038077 0.008579000000000003
vt 0.038077 0.0036129999999999773
vt 0.312788 0.58221
vt 0.273626 0.582213
vt 0.273626 0.577241
vt 0.938836 0.438036
vt 0.980922 0.438036
vt 0.980922 0.43815099999999996
vt 0.980922 0.743127
vt 0.938836 0.743127
vt 0.938836 0.743012
vt 0.260122 0.008579000000000003
vt 0.222108 0.008581999999999979
vt 0.222108 0.003610000000000002
vt 0.123197 0.582213
vt 0.084035 0.58221
vt 0.084035 0.577244
vt 0.222108 0.008581999999999979
vt 0.185259 0.008584000000000036
vt 0.185259 0.0036080000000000556
vt 0.16116 0.582215
vt 0.123197 0.582213
vt 0.123197 0.577241
vt 0.185259 0.008584000000000036
vt 0.1491 0.008584999999999954
vt 0.1491 0.003607000000000027
vt 0.198411 0.582216
vt 0.16116 0.582215
vt 0.16116 0.577239
vt 0.938795 0.44209300000000007
vt 0.938836 0.43815099999999996
vt 0.980922 0.43815099999999996
vt 0.980963 0.73907
vt 0.980922 0.743012
vt 0.938836 0.743012
vt 0.981063 0.44603799999999993
vt 0.938695 0.44603799999999993
vt 0.938795 0.44209300000000007
vt 0.938695 0.735125
vt 0.981063 0.735125
vt 0.980963 0.73907
vt 0.951325 0.39786900000000003
vt 0.992148 0.397806
vt 0.951421 0.4372849999999999
vt 0.951322 0.357915
vt 0.992148 0.35783600000000004
vt 0.951325 0.39786900000000003
vt 0.951329 0.316782
vt 0.992148 0.316728
vt 0.951322 0.357915
vt 0.951328 0.274324
vt 0.992148 0.274301
vt 0.951329 0.316782
vt 0.951328 0.23072199999999998
vt 0.992148 0.23073199999999994
vt 0.951328 0.274324
vt 0.951243 0.186461
vt 0.992148 0.18648200000000004
vt 0.951328 0.23072199999999998
vt 0.951249 0.14205599999999996
vt 0.992148 0.14205599999999996
vt 0.951243 0.186461
vt 0.949045 0.999875
vt 0.949211 0.958644
vt 0.986145 0.999875
vt 0.913192 0.999875
vt 0.913374 0.958774
vt 0.949045 0.999875
vt 0.878591 0.999875
vt 0.878732 0.958868
vt 0.913192 0.999875
vt 0.844901 0.999875
vt 0.845106 0.959141
vt 0.878591 0.999875
vt 0.811614 0.999875
vt 0.811614 0.958976
vt 0.844901 0.999875
vt 0.470264 0.08227899999999999
vt 0.470282 0.12324400000000002
vt 0.435746 0.08237800000000006
vt 0.505141 0.08228199999999997
vt 0.50515 0.12309700000000001
vt 0.470264 0.08227899999999999
vt 0.541028 0.08228900000000006
vt 0.541034 0.12310200000000004
vt 0.505141 0.08228199999999997
vt 0.578063 0.08228199999999997
vt 0.578079 0.12312500000000004
vt 0.541028 0.08228900000000006
vt 0.616087 0.08228100000000005
vt 0.616114 0.12313200000000002
vt 0.578063 0.08228199999999997
vt 0.65467 0.08228100000000005
vt 0.654712 0.123139
vt 0.616087 0.08228100000000005
vt 0.693254 0.08228599999999997
vt 0.693308 0.123139
vt 0.65467 0.08228100000000005
vt 0.731278 0.082291
vt 0.731344 0.123139
vt 0.693254 0.08228599999999997
vt 0.768315 0.08230700000000002
vt 0.768386 0.12312699999999999
vt 0.731278 0.082291
vt 0.804201 0.08231199999999994
vt 0.804273 0.12313799999999997
vt 0.768315 0.08230700000000002
vt 0.839076 0.08220800000000006
vt 0.839151 0.12314099999999994
vt 0.804201 0.08231199999999994
vt 0.873623 0.08221100000000003
vt 0.873623 0.12298699999999996
vt 0.839076 0.08220800000000006
vt 0.947332 0.397343
vt 0.951325 0.39786900000000003
vt 0.947332 0.43609600000000004
vt 0.947332 0.357561
vt 0.951322 0.357915
vt 0.947332 0.397343
vt 0.947332 0.316404
vt 0.951329 0.316782
vt 0.947332 0.357561
vt 0.947332 0.27385799999999993
vt 0.951328 0.274324
vt 0.947332 0.316404
vt 0.947332 0.23018899999999998
vt 0.951328 0.23072199999999998
vt 0.947332 0.27385799999999993
vt 0.947332 0.18598899999999996
vt 0.951243 0.186461
vt 0.947332 0.23018899999999998
vt 0.947332 0.14205599999999996
vt 0.951249 0.14205599999999996
vt 0.947332 0.18598899999999996
vt 0.82824 0.26913699999999996
vt 0.83219 0.269115
vt 0.82824 0.30653299999999994
vt 0.82824 0.23279300000000003
vt 0.83219 0.23280199999999995
vt 0.82824 0.26913699999999996
vt 0.82824 0.19753500000000002
vt 0.83219 0.197712
vt 0.82824 0.23279300000000003
vt 0.82824 0.163481
vt 0.83219 0.16362100000000002
vt 0.82824 0.19753500000000002
vt 0.82824 0.12999399999999994
vt 0.83219 0.12999399999999994
vt 0.82824 0.163481
vt 0.469734 0.07827799999999996
vt 0.470264 0.08227899999999999
vt 0.435746 0.07827799999999996
vt 0.504547 0.07827799999999996
vt 0.505141 0.08228199999999997
vt 0.469734 0.07827799999999996
vt 0.540521 0.07827799999999996
vt 0.541028 0.08228900000000006
vt 0.504547 0.07827799999999996
vt 0.577709 0.07827799999999996
vt 0.578063 0.08228199999999997
vt 0.540521 0.07827799999999996
vt 0.615909 0.07827799999999996
vt 0.616087 0.08228100000000005
vt 0.577709 0.07827799999999996
vt 0.654677 0.07827799999999996
vt 0.65467 0.08228100000000005
vt 0.615909 0.07827799999999996
vt 0.693445 0.07827799999999996
vt 0.693254 0.08228599999999997
vt 0.654677 0.07827799999999996
vt 0.731644 0.07827799999999996
vt 0.731278 0.082291
vt 0.693445 0.07827799999999996
vt 0.768833 0.07827799999999996
vt 0.768315 0.08230700000000002
vt 0.731644 0.07827799999999996
vt 0.804807 0.07827799999999996
vt 0.804201 0.08231199999999994
vt 0.768833 0.07827799999999996
vt 0.839633 0.07827799999999996
vt 0.839076 0.08220800000000006
vt 0.804807 0.07827799999999996
vt 0.873623 0.07827799999999996
vt 0.873623 0.08221100000000003
vt 0.839633 0.07827799999999996
vt 0.024418 0.17245900000000003
vt 0.024977 0.18054499999999996
vt 0.000125 0.17245900000000003
vt 0.049788 0.17246099999999998
vt 0.05074 0.180543
vt 0.024418 0.17245900000000003
vt 0.076941 0.17246300000000003
vt 0.078017 0.18054100000000006
vt 0.049788 0.17246099999999998
vt 0.106039 0.17246499999999998
vt 0.106953 0.180539
vt 0.076941 0.17246300000000003
vt 0.136732 0.172466
vt 0.137252 0.18053799999999998
vt 0.106039 0.17246499999999998
vt 0.168313 0.172466
vt 0.168313 0.18053799999999998
vt 0.136732 0.172466
vt 0.199894 0.172466
vt 0.199374 0.18053799999999998
vt 0.168313 0.172466
vt 0.230587 0.17246499999999998
vt 0.229674 0.180539
vt 0.199894 0.172466
vt 0.259685 0.17246300000000003
vt 0.258609 0.18054100000000006
vt 0.230587 0.17246499999999998
vt 0.286839 0.17246099999999998
vt 0.285886 0.180543
vt 0.259685 0.17246300000000003
vt 0.312208 0.17245900000000003
vt 0.311649 0.18054499999999996
vt 0.286839 0.17246099999999998
vt 0.336501 0.17245900000000003
vt 0.336501 0.18054499999999996
vt 0.312208 0.17245900000000003
vt 0.360794 0.17245900000000003
vt 0.361353 0.18054499999999996
vt 0.336501 0.17245900000000003
vt 0.386164 0.17246099999999998
vt 0.387116 0.180543
vt 0.360794 0.17245900000000003
vt 0.413317 0.17246300000000003
vt 0.414393 0.18054100000000006
vt 0.386164 0.17246099999999998
vt 0.442415 0.17246499999999998
vt 0.443329 0.180539
vt 0.413317 0.17246300000000003
vt 0.473109 0.172466
vt 0.473628 0.18053799999999998
vt 0.442415 0.17246499999999998
vt 0.504689 0.172466
vt 0.504689 0.18053799999999998
vt 0.473109 0.172466
vt 0.53627 0.172466
vt 0.53575 0.18053799999999998
vt 0.504689 0.172466
vt 0.566963 0.17246499999999998
vt 0.56605 0.180539
vt 0.53627 0.172466
vt 0.596061 0.17246300000000003
vt 0.594985 0.18054100000000006
vt 0.566963 0.17246499999999998
vt 0.623215 0.17246099999999998
vt 0.622262 0.180543
vt 0.596061 0.17246300000000003
vt 0.648584 0.17245900000000003
vt 0.648026 0.18054499999999996
vt 0.623215 0.17246099999999998
vt 0.672877 0.17245900000000003
vt 0.672877 0.18054499999999996
vt 0.648584 0.17245900000000003
vt 0.024977 0.18054499999999996
vt 0.025733 0.19443100000000002
vt 0.000125 0.18054499999999996
vt 0.000125 0.20925400000000005
vt 0.000125 0.19443299999999997
vt 0.026212 0.20925099999999996
vt 0.026212 0.20925099999999996
vt 0.026355 0.22301000000000004
vt 0.000125 0.20925400000000005
vt 0.000125 0.17245900000000003
vt 0.000125 0.15857100000000002
vt 0.024418 0.17245900000000003
vt 0.022002 0.14375300000000002
vt 0.023241 0.15857299999999996
vt 0.000125 0.14375000000000004
vt 0.000125 0.14375000000000004
vt 0.000125 0.12999399999999994
vt 0.022002 0.14375300000000002
vt 0.05074 0.180543
vt 0.052028 0.19442400000000004
vt 0.024977 0.18054499999999996
vt 0.026212 0.20925099999999996
vt 0.025733 0.19443100000000002
vt 0.052846 0.20924500000000001
vt 0.052846 0.20924500000000001
vt 0.053089 0.22301000000000004
vt 0.026212 0.20925099999999996
vt 0.024418 0.17245900000000003
vt 0.023241 0.15857299999999996
vt 0.049788 0.17246099999999998
vt 0.045671 0.14375899999999997
vt 0.047781 0.15857999999999994
vt 0.022002 0.14375300000000002
vt 0.022002 0.14375300000000002
vt 0.021502 0.12999399999999994
vt 0.045671 0.14375899999999997
vt 0.078017 0.18054100000000006
vt 0.079474 0.19441600000000003
vt 0.05074 0.180543
vt 0.052846 0.20924500000000001
vt 0.052028 0.19442400000000004
vt 0.080398 0.20923800000000004
vt 0.080398 0.20923800000000004
vt 0.080673 0.22301000000000004
vt 0.052846 0.20924500000000001
vt 0.049788 0.17246099999999998
vt 0.047781 0.15857999999999994
vt 0.076941 0.17246300000000003
vt 0.072287 0.14376600000000006
vt 0.074673 0.15858799999999995
vt 0.045671 0.14375899999999997
vt 0.045671 0.14375899999999997
vt 0.044819 0.12999399999999994
vt 0.072287 0.14376600000000006
vt 0.106953 0.180539
vt 0.108188 0.19440900000000005
vt 0.078017 0.18054100000000006
vt 0.080398 0.20923800000000004
vt 0.079474 0.19441600000000003
vt 0.108973 0.20923099999999994
vt 0.108973 0.20923099999999994
vt 0.109206 0.22301000000000004
vt 0.080398 0.20923800000000004
vt 0.076941 0.17246300000000003
vt 0.074673 0.15858799999999995
vt 0.106039 0.17246499999999998
vt 0.10209 0.143772
vt 0.104115 0.15859500000000004
vt 0.072287 0.14376600000000006
vt 0.072287 0.14376600000000006
vt 0.071324 0.12999399999999994
vt 0.10209 0.143772
vt 0.137252 0.18053799999999998
vt 0.137956 0.19440499999999994
vt 0.106953 0.180539
vt 0.108973 0.20923099999999994
vt 0.108188 0.19440900000000005
vt 0.138402 0.20922799999999997
vt 0.138402 0.20922799999999997
vt 0.138535 0.22301000000000004
vt 0.108973 0.20923099999999994
vt 0.106039 0.17246499999999998
vt 0.104115 0.15859500000000004
vt 0.136732 0.172466
vt 0.134485 0.14377600000000001
vt 0.135637 0.15859899999999993
vt 0.10209 0.143772
vt 0.10209 0.143772
vt 0.101273 0.12999399999999994
vt 0.134485 0.14377600000000001
vt 0.168313 0.18053799999999998
vt 0.168313 0.194403
vt 0.137252 0.18053799999999998
vt 0.138402 0.20922799999999997
vt 0.137956 0.19440499999999994
vt 0.168313 0.20922600000000002
vt 0.168313 0.20922600000000002
vt 0.168313 0.22301000000000004
vt 0.138402 0.20922799999999997
vt 0.136732 0.172466
vt 0.135637 0.15859899999999993
vt 0.168313 0.172466
vt 0.168313 0.14377799999999996
vt 0.168313 0.158601
vt 0.134485 0.14377600000000001
vt 0.134485 0.14377600000000001
vt 0.13402 0.12999399999999994
vt 0.168313 0.14377799999999996
vt 0.199374 0.18053799999999998
vt 0.19867 0.19440499999999994
vt 0.168313 0.18053799999999998
vt 0.168313 0.20922600000000002
vt 0.168313 0.194403
vt 0.198224 0.20922799999999997
vt 0.198224 0.20922799999999997
vt 0.198091 0.22301000000000004
vt 0.168313 0.20922600000000002
vt 0.168313 0.172466
vt 0.168313 0.158601
vt 0.199894 0.172466
vt 0.202141 0.14377600000000001
vt 0.200989 0.15859899999999993
vt 0.168313 0.14377799999999996
vt 0.168313 0.14377799999999996
vt 0.168313 0.12999399999999994
vt 0.202141 0.14377600000000001
vt 0.229674 0.180539
vt 0.228438 0.19440900000000005
vt 0.199374 0.18053799999999998
vt 0.198224 0.20922799999999997
vt 0.19867 0.19440499999999994
vt 0.227654 0.20923099999999994
vt 0.227654 0.20923099999999994
vt 0.22742 0.22301000000000004
vt 0.198224 0.20922799999999997
vt 0.199894 0.172466
vt 0.200989 0.15859899999999993
vt 0.230587 0.17246499999999998
vt 0.234536 0.143772
vt 0.232511 0.15859500000000004
vt 0.202141 0.14377600000000001
vt 0.202141 0.14377600000000001
vt 0.202606 0.12999399999999994
vt 0.234536 0.143772
vt 0.258609 0.18054100000000006
vt 0.257152 0.19441600000000003
vt 0.229674 0.180539
vt 0.227654 0.20923099999999994
vt 0.228438 0.19440900000000005
vt 0.256228 0.20923800000000004
vt 0.256228 0.20923800000000004
vt 0.255953 0.22301000000000004
vt 0.227654 0.20923099999999994
vt 0.230587 0.17246499999999998
vt 0.232511 0.15859500000000004
vt 0.259685 0.17246300000000003
vt 0.264339 0.14376600000000006
vt 0.261953 0.15858799999999995
vt 0.234536 0.143772
vt 0.234536 0.143772
vt 0.235353 0.12999399999999994
vt 0.264339 0.14376600000000006
vt 0.285886 0.180543
vt 0.284598 0.19442400000000004
vt 0.258609 0.18054100000000006
vt 0.256228 0.20923800000000004
vt 0.257152 0.19441600000000003
vt 0.28378 0.20924500000000001
vt 0.28378 0.20924500000000001
vt 0.283537 0.22301000000000004
vt 0.256228 0.20923800000000004
vt 0.259685 0.17246300000000003
vt 0.261953 0.15858799999999995
vt 0.286839 0.17246099999999998
vt 0.290955 0.14375899999999997
vt 0.288845 0.15857999999999994
vt 0.264339 0.14376600000000006
vt 0.264339 0.14376600000000006
vt 0.265302 0.12999399999999994
vt 0.290955 0.14375899999999997
vt 0.311649 0.18054499999999996
vt 0.310893 0.19443100000000002
vt 0.285886 0.180543
vt 0.28378 0.20924500000000001
vt 0.284598 0.19442400000000004
vt 0.310414 0.20925099999999996
vt 0.310414 0.20925099999999996
vt 0.310271 0.22301000000000004
vt 0.28378 0.20924500000000001
vt 0.286839 0.17246099999999998
vt 0.288845 0.15857999999999994
vt 0.312208 0.17245900000000003
vt 0.314624 0.14375300000000002
vt 0.313385 0.15857299999999996
vt 0.290955 0.14375899999999997
vt 0.290955 0.14375899999999997
vt 0.291807 0.12999399999999994
vt 0.314624 0.14375300000000002
vt 0.336501 0.18054499999999996
vt 0.336501 0.19443299999999997
vt 0.311649 0.18054499999999996
vt 0.310414 0.20925099999999996
vt 0.310893 0.19443100000000002
vt 0.336501 0.20925400000000005
vt 0.336501 0.20925400000000005
vt 0.336501 0.22301000000000004
vt 0.310414 0.20925099999999996
vt 0.312208 0.17245900000000003
vt 0.313385 0.15857299999999996
vt 0.336501 0.17245900000000003
vt 0.336501 0.14375000000000004
vt 0.336501 0.15857100000000002
vt 0.314624 0.14375300000000002
vt 0.314624 0.14375300000000002
vt 0.315124 0.12999399999999994
vt 0.336501 0.14375000000000004
vt 0.361353 0.18054499999999996
vt 0.362109 0.19443100000000002
vt 0.336501 0.18054499999999996
vt 0.336501 0.20925400000000005
vt 0.336501 0.19443299999999997
vt 0.362588 0.20925099999999996
vt 0.362588 0.20925099999999996
vt 0.362731 0.22301000000000004
vt 0.336501 0.20925400000000005
vt 0.336501 0.17245900000000003
vt 0.336501 0.15857100000000002
vt 0.360794 0.17245900000000003
vt 0.358378 0.14375300000000002
vt 0.359617 0.15857299999999996
vt 0.336501 0.14375000000000004
vt 0.336501 0.14375000000000004
vt 0.336501 0.12999399999999994
vt 0.358378 0.14375300000000002
vt 0.387116 0.180543
vt 0.388404 0.19442400000000004
vt 0.361353 0.18054499999999996
vt 0.362588 0.20925099999999996
vt 0.362109 0.19443100000000002
vt 0.389222 0.20924500000000001
vt 0.389222 0.20924500000000001
vt 0.389465 0.22301000000000004
vt 0.362588 0.20925099999999996
vt 0.360794 0.17245900000000003
vt 0.359617 0.15857299999999996
vt 0.386164 0.17246099999999998
vt 0.382047 0.14375899999999997
vt 0.384157 0.15857999999999994
vt 0.358378 0.14375300000000002
vt 0.358378 0.14375300000000002
vt 0.357878 0.12999399999999994
vt 0.382047 0.14375899999999997
vt 0.414393 0.18054100000000006
vt 0.41585 0.19441600000000003
vt 0.387116 0.180543
vt 0.389222 0.20924500000000001
vt 0.388404 0.19442400000000004
vt 0.416774 0.20923800000000004
vt 0.416774 0.20923800000000004
vt 0.417049 0.22301000000000004
vt 0.389222 0.20924500000000001
vt 0.386164 0.17246099999999998
vt 0.384157 0.15857999999999994
vt 0.413317 0.17246300000000003
vt 0.408663 0.14376600000000006
vt 0.411049 0.15858799999999995
vt 0.382047 0.14375899999999997
vt 0.382047 0.14375899999999997
vt 0.381195 0.12999399999999994
vt 0.408663 0.14376600000000006
vt 0.443329 0.180539
vt 0.444564 0.19440900000000005
vt 0.414393 0.18054100000000006
vt 0.416774 0.20923800000000004
vt 0.41585 0.19441600000000003
vt 0.445349 0.20923099999999994
vt 0.445349 0.20923099999999994
vt 0.445582 0.22301000000000004
vt 0.416774 0.20923800000000004
vt 0.413317 0.17246300000000003
vt 0.411049 0.15858799999999995
vt 0.442415 0.17246499999999998
vt 0.438466 0.143772
vt 0.440491 0.15859500000000004
vt 0.408663 0.14376600000000006
vt 0.408663 0.14376600000000006
vt 0.4077 0.12999399999999994
vt 0.438466 0.143772
vt 0.473628 0.18053799999999998
vt 0.474332 0.19440499999999994
vt 0.443329 0.180539
vt 0.445349 0.20923099999999994
vt 0.444564 0.19440900000000005
vt 0.474778 0.20922799999999997
vt 0.474778 0.20922799999999997
vt 0.474911 0.22301000000000004
vt 0.445349 0.20923099999999994
vt 0.442415 0.17246499999999998
vt 0.440491 0.15859500000000004
vt 0.473109 0.172466
vt 0.470861 0.14377600000000001
vt 0.472013 0.15859899999999993
vt 0.438466 0.143772
vt 0.438466 0.143772
vt 0.437649 0.12999399999999994
vt 0.470861 0.14377600000000001
vt 0.504689 0.18053799999999998
vt 0.504689 0.194403
vt 0.473628 0.18053799999999998
vt 0.474778 0.20922799999999997
vt 0.474332 0.19440499999999994
vt 0.504689 0.20922600000000002
vt 0.504689 0.20922600000000002
vt 0.504689 0.22301000000000004
vt 0.474778 0.20922799999999997
vt 0.473109 0.172466
vt 0.472013 0.15859899999999993
vt 0.504689 0.172466
vt 0.504689 0.14377799999999996
vt 0.504689 0.158601
vt 0.470861 0.14377600000000001
vt 0.470861 0.14377600000000001
vt 0.470396 0.12999399999999994
vt 0.504689 0.14377799999999996
vt 0.53575 0.18053799999999998
vt 0.535046 0.19440499999999994
vt 0.504689 0.18053799999999998
vt 0.504689 0.20922600000000002
vt 0.504689 0.194403
vt 0.5346 0.20922799999999997
vt 0.5346 0.20922799999999997
vt 0.534468 0.22301000000000004
vt 0.504689 0.20922600000000002
vt 0.504689 0.172466
vt 0.504689 0.158601
vt 0.53627 0.172466
vt 0.538517 0.14377600000000001
vt 0.537365 0.15859899999999993
vt 0.504689 0.14377799999999996
vt 0.504689 0.14377799999999996
vt 0.504689 0.12999399999999994
vt 0.538517 0.14377600000000001
vt 0.56605 0.180539
vt 0.564814 0.19440900000000005
vt 0.53575 0.18053799999999998
vt 0.5346 0.20922799999999997
vt 0.535046 0.19440499999999994
vt 0.56403 0.20923099999999994
vt 0.56403 0.20923099999999994
vt 0.563796 0.22301000000000004
vt 0.5346 0.20922799999999997
vt 0.53627 0.172466
vt 0.537365 0.15859899999999993
vt 0.566963 0.17246499999999998
vt 0.570912 0.143772
vt 0.568887 0.15859500000000004
vt 0.538517 0.14377600000000001
vt 0.538517 0.14377600000000001
vt 0.538982 0.12999399999999994
vt 0.570912 0.143772
vt 0.594985 0.18054100000000006
vt 0.593528 0.19441600000000003
vt 0.56605 0.180539
vt 0.56403 0.20923099999999994
vt 0.564814 0.19440900000000005
vt 0.592604 0.20923800000000004
vt 0.592604 0.20923800000000004
vt 0.592329 0.22301000000000004
vt 0.56403 0.20923099999999994
vt 0.566963 0.17246499999999998
vt 0.568887 0.15859500000000004
vt 0.596061 0.17246300000000003
vt 0.600715 0.14376600000000006
vt 0.598329 0.15858799999999995
vt 0.570912 0.143772
vt 0.570912 0.143772
vt 0.571729 0.12999399999999994
vt 0.600715 0.14376600000000006
vt 0.622262 0.180543
vt 0.620974 0.19442400000000004
vt 0.594985 0.18054100000000006
vt 0.592604 0.20923800000000004
vt 0.593528 0.19441600000000003
vt 0.620156 0.20924500000000001
vt 0.620156 0.20924500000000001
vt 0.619913 0.22301000000000004
vt 0.592604 0.20923800000000004
vt 0.596061 0.17246300000000003
vt 0.598329 0.15858799999999995
vt 0.623215 0.17246099999999998
vt 0.627331 0.14375899999999997
vt 0.625221 0.15857999999999994
vt 0.600715 0.14376600000000006
vt 0.600715 0.14376600000000006
vt 0.601678 0.12999399999999994
vt 0.627331 0.14375899999999997
vt 0.648026 0.18054499999999996
vt 0.647269 0.19443100000000002
vt 0.622262 0.180543
vt 0.620156 0.20924500000000001
vt 0.620974 0.19442400000000004
vt 0.64679 0.20925099999999996
vt 0.64679 0.20925099999999996
vt 0.646647 0.22301000000000004
vt 0.620156 0.20924500000000001
vt 0.623215 0.17246099999999998
vt 0.625221 0.15857999999999994
vt 0.648584 0.17245900000000003
vt 0.651 0.14375300000000002
vt 0.649761 0.15857299999999996
vt 0.627331 0.14375899999999997
vt 0.627331 0.14375899999999997
vt 0.628183 0.12999399999999994
vt 0.651 0.14375300000000002
vt 0.672877 0.18054499999999996
vt 0.672877 0.19443299999999997
vt 0.648026 0.18054499999999996
vt 0.64679 0.20925099999999996
vt 0.647269 0.19443100000000002
vt 0.672877 0.20925400000000005
vt 0.672877 0.20925400000000005
vt 0.672877 0.22301000000000004
vt 0.64679 0.20925099999999996
vt 0.648584 0.17245900000000003
vt 0.649761 0.15857299999999996
vt 0.672877 0.17245900000000003
vt 0.672877 0.14375000000000004
vt 0.672877 0.15857100000000002
vt 0.651 0.14375300000000002
vt 0.651 0.14375300000000002
vt 0.6515 0.12999399999999994
vt 0.672877 0.14375000000000004
vt 0.298825 0.005978000000000039
vt 0.298825 0.00024400000000002198
vt 0.331454 0.0060789999999999456
vt 0.331454 0.0060789999999999456
vt 0.332121 0.00024400000000002198
vt 0.364884 0.006157999999999997
vt 0.364884 0.006157999999999997
vt 0.365565 0.00024400000000002198
vt 0.399509 0.0061989999999999545
vt 0.399509 0.0061989999999999545
vt 0.400003 0.00024400000000002198
vt 0.435344 0.0062429999999999986
vt 0.435344 0.0062429999999999986
vt 0.43559 0.00024400000000002198
vt 0.472196 0.0062750000000000306
vt 0.472196 0.0062750000000000306
vt 0.47218 0.00024400000000002198
vt 0.509514 0.006280999999999981
vt 0.509514 0.006280999999999981
vt 0.50941 0.00024400000000002198
vt 0.546832 0.006283999999999956
vt 0.986145 0.952564
vt 0.986145 0.958563
vt 0.949311 0.952688
vt 0.949311 0.952688
vt 0.949211 0.958644
vt 0.91343 0.952805
vt 0.91343 0.952805
vt 0.913374 0.958774
vt 0.878655 0.952925
vt 0.878655 0.952925
vt 0.878732 0.958868
vt 0.845097 0.953047
vt 0.845097 0.953047
vt 0.845106 0.959141
vt 0.81235 0.952895
vt 0.437298 0.129243
vt 0.435746 0.12322900000000003
vt 0.470871 0.129243
vt 0.470871 0.129243
vt 0.470282 0.12324400000000002
vt 0.505517 0.129243
vt 0.505517 0.129243
vt 0.50515 0.12309700000000001
vt 0.541406 0.129243
vt 0.541406 0.129243
vt 0.541034 0.12310200000000004
vt 0.57855 0.129243
vt 0.57855 0.129243
vt 0.578079 0.12312500000000004
vt 0.616723 0.129243
vt 0.616723 0.129243
vt 0.616114 0.12313200000000002
vt 0.655472 0.129243
vt 0.655472 0.129243
vt 0.654712 0.123139
vt 0.69422 0.129243
vt 0.69422 0.129243
vt 0.693308 0.123139
vt 0.732394 0.129243
vt 0.732394 0.129243
vt 0.731344 0.123139
vt 0.769536 0.129243
vt 0.769536 0.129243
vt 0.768386 0.12312699999999999
vt 0.805424 0.129243
vt 0.805424 0.129243
vt 0.804273 0.12313799999999997
vt 0.84005 0.129243
vt 0.84005 0.129243
vt 0.839151 0.12314099999999994
vt 0.873623 0.129243
vt 0.298825 0.011626000000000025
vt 0.298825 0.005978000000000039
vt 0.331471 0.011678999999999995
vt 0.331471 0.011678999999999995
vt 0.331454 0.0060789999999999456
vt 0.36494 0.011851000000000056
vt 0.36494 0.011851000000000056
vt 0.364884 0.006157999999999997
vt 0.399569 0.011951999999999963
vt 0.399569 0.011951999999999963
vt 0.399509 0.0061989999999999545
vt 0.435399 0.012029999999999985
vt 0.435399 0.012029999999999985
vt 0.435344 0.0062429999999999986
vt 0.472232 0.012089000000000016
vt 0.472232 0.012089000000000016
vt 0.472196 0.0062750000000000306
vt 0.509537 0.012109999999999954
vt 0.509537 0.012109999999999954
vt 0.509514 0.006280999999999981
vt 0.546832 0.012075999999999976
vt 0.986145 0.946821
vt 0.986145 0.952564
vt 0.949168 0.946946
vt 0.949168 0.946946
vt 0.949311 0.952688
vt 0.913139 0.947083
vt 0.913139 0.947083
vt 0.91343 0.952805
vt 0.878206 0.947231
vt 0.878206 0.947231
vt 0.878655 0.952925
vt 0.844509 0.94736
vt 0.844509 0.94736
vt 0.845097 0.953047
vt 0.811614 0.947225
vt 0.868607 0.743127
vt 0.861798 0.743127
vt 0.868767 0.709619
vt 0.868767 0.709619
vt 0.861798 0.709604
vt 0.868732 0.675127
vt 0.868732 0.675127
vt 0.861798 0.675045
vt 0.868532 0.639372
vt 0.868532 0.639372
vt 0.861798 0.639197
vt 0.868318 0.602309
vt 0.868318 0.602309
vt 0.861798 0.602042
vt 0.868088 0.564187
vt 0.868088 0.564187
vt 0.861798 0.56383
vt 0.867861 0.52548
vt 0.867861 0.52548
vt 0.861798 0.525033
vt 0.867608 0.48677400000000004
vt 0.867608 0.48677400000000004
vt 0.861798 0.4862580000000001
vt 0.867306 0.448696
vt 0.867306 0.448696
vt 0.861798 0.448117
vt 0.867021 0.4117120000000001
vt 0.867021 0.4117120000000001
vt 0.861798 0.41106200000000004
vt 0.866789 0.37599399999999994
vt 0.866789 0.37599399999999994
vt 0.861798 0.37529999999999997
vt 0.866624 0.341527
vt 0.866624 0.341527
vt 0.861798 0.34079499999999996
vt 0.866405 0.30800399999999994
vt 0.298825 0.018619000000000052
vt 0.298825 0.011626000000000025
vt 0.331802 0.018619000000000052
vt 0.331802 0.018619000000000052
vt 0.331471 0.011678999999999995
vt 0.364973 0.018619000000000052
vt 0.364973 0.018619000000000052
vt 0.36494 0.011851000000000056
vt 0.399272 0.018619000000000052
vt 0.399272 0.018619000000000052
vt 0.399569 0.011951999999999963
vt 0.4349 0.018619000000000052
vt 0.4349 0.018619000000000052
vt 0.435399 0.012029999999999985
vt 0.471674 0.018619000000000052
vt 0.471674 0.018619000000000052
vt 0.472232 0.012089000000000016
vt 0.509161 0.018619000000000052
vt 0.509161 0.018619000000000052
vt 0.509537 0.012109999999999954
vt 0.546832 0.018619000000000052
vt 0.986145 0.940391
vt 0.986145 0.946821
vt 0.948882 0.940391
vt 0.948882 0.940391
vt 0.949168 0.946946
vt 0.912858 0.940391
vt 0.912858 0.940391
vt 0.913139 0.947083
vt 0.87822 0.940391
vt 0.87822 0.940391
vt 0.878206 0.947231
vt 0.844759 0.940391
vt 0.844759 0.940391
vt 0.844509 0.94736
vt 0.811614 0.940391
vt 0.877712 0.743127
vt 0.868607 0.743127
vt 0.877655 0.709144
vt 0.877655 0.709144
vt 0.868767 0.709619
vt 0.877255 0.674694
vt 0.877255 0.674694
vt 0.868732 0.675127
vt 0.87667 0.639101
vt 0.87667 0.639101
vt 0.868532 0.639372
vt 0.876016 0.602157
vt 0.876016 0.602157
vt 0.868318 0.602309
vt 0.875404 0.564042
vt 0.875404 0.564042
vt 0.868088 0.564187
vt 0.874864 0.525243
vt 0.874864 0.525243
vt 0.867861 0.52548
vt 0.874388 0.48643400000000003
vt 0.874388 0.48643400000000003
vt 0.867608 0.48677400000000004
vt 0.873881 0.4483539999999999
vt 0.873881 0.4483539999999999
vt 0.867306 0.448696
vt 0.873383 0.411446
vt 0.873383 0.411446
vt 0.867021 0.4117120000000001
vt 0.872987 0.375853
vt 0.872987 0.375853
vt 0.866789 0.37599399999999994
vt 0.872523 0.341387
vt 0.872523 0.341387
vt 0.866624 0.341527
vt 0.872072 0.307284
vt 0.187074 0.575453
vt 0.187074 0.56879
vt 0.226631 0.575453
vt 0.226631 0.575453
vt 0.226631 0.56879
vt 0.266987 0.575453
vt 0.266987 0.575453
vt 0.266987 0.56879
vt 0.308687 0.575453
vt 0.308687 0.575453
vt 0.308687 0.56879
vt 0.351884 0.575453
vt 0.14392 0.072353
vt 0.144497 0.06630199999999997
vt 0.181724 0.07260100000000003
vt 0.181724 0.07260100000000003
vt 0.182248 0.06630199999999997
vt 0.219992 0.07288399999999995
vt 0.219992 0.07288399999999995
vt 0.220488 0.06630199999999997
vt 0.258152 0.07318400000000003
vt 0.258152 0.07318400000000003
vt 0.258582 0.06630199999999997
vt 0.295637 0.07348299999999997
vt 0.295637 0.07348299999999997
vt 0.295988 0.06630199999999997
vt 0.332029 0.07375399999999999
vt 0.332029 0.07375399999999999
vt 0.33228 0.06630199999999997
vt 0.367178 0.07396999999999998
vt 0.367178 0.07396999999999998
vt 0.367328 0.06630199999999997
vt 0.401318 0.07413899999999995
vt 0.401318 0.07413899999999995
vt 0.401381 0.06630199999999997
vt 0.434996 0.07418999999999998
vt 0.88556 0.743127
vt 0.877712 0.743127
vt 0.885426 0.709091
vt 0.885426 0.709091
vt 0.877655 0.709144
vt 0.884961 0.674476
vt 0.884961 0.674476
vt 0.877255 0.674694
vt 0.884163 0.638806
vt 0.884163 0.638806
vt 0.87667 0.639101
vt 0.883279 0.601845
vt 0.883279 0.601845
vt 0.876016 0.602157
vt 0.882395 0.563743
vt 0.882395 0.563743
vt 0.875404 0.564042
vt 0.881599 0.524975
vt 0.881599 0.524975
vt 0.874864 0.525243
vt 0.880858 0.486097
vt 0.880858 0.486097
vt 0.874388 0.48643400000000003
vt 0.880111 0.448082
vt 0.880111 0.448082
vt 0.873881 0.4483539999999999
vt 0.87921 0.4114
vt 0.87921 0.4114
vt 0.873383 0.411446
vt 0.87855 0.3758600000000001
vt 0.87855 0.3758600000000001
vt 0.872987 0.375853
vt 0.877847 0.341407
vt 0.877847 0.341407
vt 0.872523 0.341387
vt 0.877192 0.307284
vt 0.983465 0.590581
vt 0.936293 0.590581
vt 0.983292 0.554353
vt 0.983292 0.554353
vt 0.936465 0.554353
vt 0.982787 0.517472
vt 0.982787 0.517472
vt 0.936971 0.517472
vt 0.981979 0.47948499999999994
vt 0.981063 0.44603799999999993
vt 0.981979 0.47948499999999994
vt 0.938695 0.44603799999999993
vt 0.140365 0.11292999999999997
vt 0.14392 0.072353
vt 0.178287 0.112294
vt 0.178287 0.112294
vt 0.181724 0.07260100000000003
vt 0.216967 0.11154900000000001
vt 0.216967 0.11154900000000001
vt 0.219992 0.07288399999999995
vt 0.255598 0.11073500000000003
vt 0.255598 0.11073500000000003
vt 0.258152 0.07318400000000003
vt 0.29364 0.10989800000000005
vt 0.29364 0.10989800000000005
vt 0.295637 0.07348299999999997
vt 0.330611 0.10910799999999998
vt 0.330611 0.10910799999999998
vt 0.332029 0.07375399999999999
vt 0.366332 0.10847399999999996
vt 0.366332 0.10847399999999996
vt 0.367178 0.07396999999999998
vt 0.40096 0.10812900000000003
vt 0.40096 0.10812900000000003
vt 0.401318 0.07413899999999995
vt 0.434996 0.10783100000000001
vt 0.919168 0.743127
vt 0.88556 0.743127
vt 0.919243 0.709156
vt 0.919243 0.709156
vt 0.885426 0.709091
vt 0.919465 0.674692
vt 0.919465 0.674692
vt 0.884961 0.674476
vt 0.919849 0.639191
vt 0.919849 0.639191
vt 0.884163 0.638806
vt 0.920332 0.60245
vt 0.920332 0.60245
vt 0.883279 0.601845
vt 0.920909 0.564659
vt 0.920909 0.564659
vt 0.882395 0.563743
vt 0.921457 0.526256
vt 0.921457 0.526256
vt 0.881599 0.524975
vt 0.921981 0.48781699999999995
vt 0.921981 0.48781699999999995
vt 0.880858 0.486097
vt 0.922324 0.44986100000000007
vt 0.981063 0.735125
vt 0.938695 0.735125
vt 0.981979 0.701678
vt 0.981979 0.701678
vt 0.937779 0.701678
vt 0.982787 0.663691
vt 0.982787 0.663691
vt 0.936971 0.663691
vt 0.983292 0.62681
vt 0.983292 0.62681
vt 0.936465 0.62681
vt 0.983465 0.590581
vt 0.000487 0.12197900000000006
vt 0.000125 0.11880400000000002
vt 0.034035 0.12187199999999998
vt 0.034035 0.12187199999999998
vt 0.034032 0.11861199999999994
vt 0.068252 0.12157600000000002
vt 0.068252 0.12157600000000002
vt 0.068463 0.11820200000000003
vt 0.10377 0.12130799999999997
vt 0.10377 0.12130799999999997
vt 0.10395 0.11782099999999995
vt 0.140626 0.12102000000000002
vt 0.140626 0.12102000000000002
vt 0.140698 0.11739999999999995
vt 0.178704 0.120695
vt 0.178704 0.120695
vt 0.178633 0.11693500000000001
vt 0.217462 0.12032200000000004
vt 0.217462 0.12032200000000004
vt 0.217282 0.11640000000000006
vt 0.25623 0.11990999999999996
vt 0.25623 0.11990999999999996
vt 0.25595 0.115807
vt 0.294357 0.11948400000000003
vt 0.294357 0.11948400000000003
vt 0.294001 0.11519299999999999
vt 0.331315 0.11907699999999999
vt 0.331315 0.11907699999999999
vt 0.330955 0.11461200000000005
vt 0.366879 0.11876299999999995
vt 0.366879 0.11876299999999995
vt 0.366598 0.114147
vt 0.401098 0.11863999999999997
vt 0.401098 0.11863999999999997
vt 0.401122 0.11392500000000005
vt 0.434552 0.11838199999999999
vt 0.929802 0.743127
vt 0.925169 0.743127
vt 0.929718 0.709921
vt 0.929718 0.709921
vt 0.925049 0.709282
vt 0.929861 0.675905
vt 0.929861 0.675905
vt 0.925206 0.675001
vt 0.929994 0.640611
vt 0.929994 0.640611
vt 0.925452 0.639646
vt 0.930156 0.603971
vt 0.930156 0.603971
vt 0.925768 0.603031
vt 0.930347 0.566233
vt 0.930347 0.566233
vt 0.926126 0.565328
vt 0.930534 0.527892
vt 0.930534 0.527892
vt 0.926482 0.527012
vt 0.930727 0.48968100000000003
vt 0.930727 0.48968100000000003
vt 0.926797 0.48863499999999993
vt 0.93095 0.45223199999999997
vt 0.639888 0.868982
vt 0.639566 0.865188
vt 0.676408 0.868968
vt 0.676408 0.868968
vt 0.676192 0.865172
vt 0.711832 0.86899
vt 0.711832 0.86899
vt 0.711762 0.865194
vt 0.746049 0.868971
vt 0.746049 0.868971
vt 0.746124 0.865103
vt 0.779147 0.869044
vt 0.000659 0.129243
vt 0.000125 0.12599099999999996
vt 0.033511 0.129243
vt 0.033511 0.129243
vt 0.033603 0.125903
vt 0.067528 0.129243
vt 0.067528 0.129243
vt 0.067835 0.12573900000000005
vt 0.1031 0.129243
vt 0.1031 0.129243
vt 0.103392 0.125625
vt 0.140181 0.129243
vt 0.140181 0.129243
vt 0.14038 0.12549699999999997
vt 0.178522 0.129243
vt 0.178522 0.129243
vt 0.178574 0.12535200000000002
vt 0.217574 0.129243
vt 0.217574 0.129243
vt 0.217462 0.12518399999999996
vt 0.256655 0.129243
vt 0.256655 0.129243
vt 0.256367 0.12499700000000002
vt 0.295082 0.129243
vt 0.295082 0.129243
vt 0.294618 0.124803
vt 0.332292 0.129243
vt 0.332292 0.129243
vt 0.331684 0.12461999999999995
vt 0.367991 0.129243
vt 0.367991 0.129243
vt 0.36731 0.12447399999999997
vt 0.402103 0.129243
vt 0.402103 0.129243
vt 0.401553 0.12437299999999996
vt 0.434996 0.129243
vt 0.756022 0.006847999999999965
vt 0.756022 0.010743999999999976
vt 0.723965 0.006847999999999965
vt 0.723965 0.006847999999999965
vt 0.72378 0.010743999999999976
vt 0.691203 0.006847999999999965
vt 0.691203 0.006847999999999965
vt 0.690958 0.010743999999999976
vt 0.657056 0.006847999999999965
vt 0.657056 0.006847999999999965
vt 0.656942 0.010743999999999976
vt 0.62151 0.006847999999999965
vt 0.62151 0.006847999999999965
vt 0.621545 0.010743999999999976
vt 0.584888 0.006847999999999965
vt 0.584888 0.006847999999999965
vt 0.584949 0.010743999999999976
vt 0.547583 0.006847999999999965
vt 0.756772 0.00609599999999999
vt 0.756772 0.0021999999999999797
vt 0.794078 0.00609599999999999
vt 0.794078 0.00609599999999999
vt 0.794138 0.0021999999999999797
vt 0.8307 0.00609599999999999
vt 0.8307 0.00609599999999999
vt 0.830734 0.0021999999999999797
vt 0.866246 0.00609599999999999
vt 0.866246 0.00609599999999999
vt 0.866131 0.0021999999999999797
vt 0.900393 0.00609599999999999
vt 0.900393 0.00609599999999999
vt 0.900148 0.0021999999999999797
vt 0.933155 0.00609599999999999
vt 0.933155 0.00609599999999999
vt 0.93297 0.0021999999999999797
vt 0.965212 0.00609599999999999
vt 0.992898 0.08172199999999996
vt 0.994431 0.08172199999999996
vt 0.992898 0.11685999999999996
vt 0.994431 0.08172199999999996
vt 0.995952 0.08172199999999996
vt 0.994431 0.11695699999999998
vt 0.992898 0.11685999999999996
vt 0.994431 0.11695699999999998
vt 0.992898 0.15288000000000002
vt 0.994431 0.11695699999999998
vt 0.995952 0.11699700000000002
vt 0.99443 0.15304699999999993
vt 0.992898 0.15288000000000002
vt 0.99443 0.15304699999999993
vt 0.992898 0.19038
vt 0.99443 0.15304699999999993
vt 0.995952 0.153115
vt 0.99443 0.19056799999999996
vt 0.992898 0.19038
vt 0.99443 0.19056799999999996
vt 0.992898 0.22951299999999997
vt 0.99443 0.19056799999999996
vt 0.995952 0.19064400000000004
vt 0.994429 0.22967300000000002
vt 0.992898 0.22951299999999997
vt 0.994429 0.22967300000000002
vt 0.992898 0.27000500000000005
vt 0.994429 0.22967300000000002
vt 0.995952 0.229738
vt 0.994429 0.270096
vt 0.992898 0.27000500000000005
vt 0.994429 0.270096
vt 0.992898 0.31126
vt 0.994429 0.270096
vt 0.995952 0.27013299999999996
vt 0.994429 0.31126
vt 0.992898 0.31126
vt 0.994429 0.31126
vt 0.992898 0.352515
vt 0.994429 0.31126
vt 0.995952 0.31126
vt 0.994429 0.35242400000000007
vt 0.992898 0.352515
vt 0.994429 0.35242400000000007
vt 0.992898 0.393007
vt 0.994429 0.35242400000000007
vt 0.995952 0.352387
vt 0.994429 0.39284699999999995
vt 0.992898 0.393007
vt 0.994429 0.39284699999999995
vt 0.992898 0.43213999999999997
vt 0.994429 0.39284699999999995
vt 0.995952 0.39278199999999996
vt 0.99443 0.431952
vt 0.992898 0.43213999999999997
vt 0.99443 0.431952
vt 0.992898 0.46964000000000006
vt 0.99443 0.431952
vt 0.995952 0.431875
vt 0.99443 0.46947300000000003
vt 0.992898 0.46964000000000006
vt 0.99443 0.46947300000000003
vt 0.992898 0.50566
vt 0.99443 0.46947300000000003
vt 0.995952 0.46940500000000007
vt 0.994431 0.505563
vt 0.992898 0.50566
vt 0.994431 0.505563
vt 0.992898 0.540798
vt 0.994431 0.505563
vt 0.995952 0.505523
vt 0.994431 0.540798
vt 0.992898 0.540798
vt 0.994431 0.540798
vt 0.992898 0.575936
vt 0.994431 0.540798
vt 0.995952 0.540798
vt 0.994431 0.576034
vt 0.992898 0.575936
vt 0.994431 0.576034
vt 0.992898 0.611957
vt 0.994431 0.576034
vt 0.995952 0.576074
vt 0.99443 0.612123
vt 0.992898 0.611957
vt 0.99443 0.612123
vt 0.992898 0.649456
vt 0.99443 0.612123
vt 0.995952 0.612191
vt 0.99443 0.649644
vt 0.992898 0.649456
vt 0.99443 0.649644
vt 0.992898 0.68859
vt 0.99443 0.649644
vt 0.995952 0.649721
vt 0.994429 0.688749
vt 0.992898 0.68859
vt 0.994429 0.688749
vt 0.992898 0.729082
vt 0.994429 0.688749
vt 0.995952 0.688814
vt 0.994429 0.729173
vt 0.992898 0.729082
vt 0.994429 0.729173
vt 0.992898 0.770337
vt 0.994429 0.729173
vt 0.995952 0.72921
vt 0.994429 0.770337
vt 0.992898 0.770337
vt 0.994429 0.770337
vt 0.992898 0.811591
vt 0.994429 0.770337
vt 0.995952 0.770337
vt 0.994429 0.8115
vt 0.992898 0.811591
vt 0.994429 0.8115
vt 0.992898 0.852083
vt 0.994429 0.8115
vt 0.995952 0.811463
vt 0.994429 0.851924
vt 0.992898 0.852083
vt 0.994429 0.851924
vt 0.992898 0.891217
vt 0.994429 0.851924
vt 0.995952 0.851859
vt 0.99443 0.891029
vt 0.992898 0.891217
vt 0.99443 0.891029
vt 0.992898 0.928716
vt 0.99443 0.891029
vt 0.995952 0.890952
vt 0.99443 0.92855
vt 0.992898 0.928716
vt 0.99443 0.92855
vt 0.992898 0.964737
vt 0.99443 0.92855
vt 0.995952 0.928482
vt 0.994431 0.964639
vt 0.992898 0.964737
vt 0.994431 0.964639
vt 0.992898 0.999875
vt 0.994431 0.964639
vt 0.995952 0.964599
vt 0.994431 0.999875
vt 0.000125 0.11880400000000002
vt 0.000125 0.114904
vt 0.034032 0.11861199999999994
vt 0.034035 0.12187199999999998
vt 0.033603 0.125903
vt 0.000487 0.12197900000000006
vt 0.034032 0.11861199999999994
vt 0.034106 0.11458800000000002
vt 0.068463 0.11820200000000003
vt 0.068252 0.12157600000000002
vt 0.067835 0.12573900000000005
vt 0.034035 0.12187199999999998
vt 0.068463 0.11820200000000003
vt 0.068497 0.11404999999999998
vt 0.10395 0.11782099999999995
vt 0.10377 0.12130799999999997
vt 0.103392 0.125625
vt 0.068252 0.12157600000000002
vt 0.10395 0.11782099999999995
vt 0.103942 0.11352099999999998
vt 0.140698 0.11739999999999995
vt 0.140626 0.12102000000000002
vt 0.14038 0.12549699999999997
vt 0.10377 0.12130799999999997
vt 0.140698 0.11739999999999995
vt 0.140365 0.11292999999999997
vt 0.178633 0.11693500000000001
vt 0.178704 0.120695
vt 0.178574 0.12535200000000002
vt 0.140626 0.12102000000000002
vt 0.178633 0.11693500000000001
vt 0.178287 0.112294
vt 0.217282 0.11640000000000006
vt 0.217462 0.12032200000000004
vt 0.217462 0.12518399999999996
vt 0.178704 0.120695
vt 0.217282 0.11640000000000006
vt 0.216967 0.11154900000000001
vt 0.25595 0.115807
vt 0.25623 0.11990999999999996
vt 0.256367 0.12499700000000002
vt 0.217462 0.12032200000000004
vt 0.25595 0.115807
vt 0.255598 0.11073500000000003
vt 0.294001 0.11519299999999999
vt 0.294357 0.11948400000000003
vt 0.294618 0.124803
vt 0.25623 0.11990999999999996
vt 0.294001 0.11519299999999999
vt 0.29364 0.10989800000000005
vt 0.330955 0.11461200000000005
vt 0.331315 0.11907699999999999
vt 0.331684 0.12461999999999995
vt 0.294357 0.11948400000000003
vt 0.330955 0.11461200000000005
vt 0.330611 0.10910799999999998
vt 0.366598 0.114147
vt 0.366879 0.11876299999999995
vt 0.36731 0.12447399999999997
vt 0.331315 0.11907699999999999
vt 0.366598 0.114147
vt 0.366332 0.10847399999999996
vt 0.401122 0.11392500000000005
vt 0.401098 0.11863999999999997
vt 0.401553 0.12437299999999996
vt 0.366879 0.11876299999999995
vt 0.401122 0.11392500000000005
vt 0.40096 0.10812900000000003
vt 0.434996 0.113622
vt 0.434552 0.11838199999999999
vt 0.434996 0.12425700000000006
vt 0.401098 0.11863999999999997
vt 0.925169 0.743127
vt 0.919168 0.743127
vt 0.925049 0.709282
vt 0.929718 0.709921
vt 0.935543 0.710045
vt 0.929802 0.743127
vt 0.925049 0.709282
vt 0.919243 0.709156
vt 0.925206 0.675001
vt 0.929861 0.675905
vt 0.935543 0.676132
vt 0.929718 0.709921
vt 0.925206 0.675001
vt 0.919465 0.674692
vt 0.925452 0.639646
vt 0.929994 0.640611
vt 0.935543 0.640945
vt 0.929861 0.675905
vt 0.925452 0.639646
vt 0.919849 0.639191
vt 0.925768 0.603031
vt 0.930156 0.603971
vt 0.935543 0.604383
vt 0.929994 0.640611
vt 0.925768 0.603031
vt 0.920332 0.60245
vt 0.926126 0.565328
vt 0.930347 0.566233
vt 0.935543 0.566701
vt 0.930156 0.603971
vt 0.926126 0.565328
vt 0.920909 0.564659
vt 0.926482 0.527012
vt 0.930534 0.527892
vt 0.935543 0.528444
vt 0.930347 0.566233
vt 0.926482 0.527012
vt 0.921457 0.526256
vt 0.926797 0.48863499999999993
vt 0.930727 0.48968100000000003
vt 0.935543 0.490282
vt 0.930534 0.527892
vt 0.926797 0.48863499999999993
vt 0.921981 0.48781699999999995
vt 0.927121 0.45084499999999994
vt 0.93095 0.45223199999999997
vt 0.935543 0.453002
vt 0.930727 0.48968100000000003
vt 0.639566 0.865188
vt 0.639566 0.86049
vt 0.676192 0.865172
vt 0.676408 0.868968
vt 0.676307 0.873614
vt 0.639888 0.868982
vt 0.676192 0.865172
vt 0.676171 0.86049
vt 0.711762 0.865194
vt 0.711832 0.86899
vt 0.711937 0.873614
vt 0.676408 0.868968
vt 0.711762 0.865194
vt 0.711751 0.86049
vt 0.746124 0.865103
vt 0.746049 0.868971
vt 0.746301 0.873614
vt 0.711832 0.86899
vt 0.746124 0.865103
vt 0.746195 0.86049
vt 0.779648 0.865159
vt 0.779147 0.869044
vt 0.779648 0.873614
vt 0.746049 0.868971
vt 0.1491 0.003607000000000027
vt 0.1491 0.008584999999999954
vt 0.112941 0.0036080000000000556
vt 0.235663 0.577239
vt 0.235663 0.582215
vt 0.198411 0.577238
vt 0.112941 0.0036080000000000556
vt 0.112941 0.008584000000000036
vt 0.076091 0.003610000000000002
vt 0.273626 0.577241
vt 0.273626 0.582213
vt 0.235663 0.577239
vt 0.076091 0.003610000000000002
vt 0.076091 0.008581999999999979
vt 0.038077 0.0036129999999999773
vt 0.312788 0.577244
vt 0.312788 0.58221
vt 0.273626 0.577241
vt 0.938836 0.43815099999999996
vt 0.938836 0.438036
vt 0.980922 0.43815099999999996
vt 0.980922 0.743012
vt 0.980922 0.743127
vt 0.938836 0.743012
vt 0.260122 0.0036129999999999773
vt 0.260122 0.008579000000000003
vt 0.222108 0.003610000000000002
vt 0.123197 0.577241
vt 0.123197 0.582213
vt 0.084035 0.577244
vt 0.222108 0.003610000000000002
vt 0.222108 0.008581999999999979
vt 0.185259 0.0036080000000000556
vt 0.16116 0.577239
vt 0.16116 0.582215
vt 0.123197 0.577241
vt 0.185259 0.0036080000000000556
vt 0.185259 0.008584000000000036
vt 0.1491 0.003607000000000027
vt 0.198411 0.577238
vt 0.198411 0.582216
vt 0.16116 0.577239
vt 0.980963 0.44209300000000007
vt 0.938795 0.44209300000000007
vt 0.980922 0.43815099999999996
vt 0.938795 0.73907
vt 0.980963 0.73907
vt 0.938836 0.743012
vt 0.980963 0.44209300000000007
vt 0.981063 0.44603799999999993
vt 0.938795 0.44209300000000007
vt 0.938795 0.73907
vt 0.938695 0.735125
vt 0.980963 0.73907
vt 0.038077 0.008579000000000003
vt 0.001704 0.009618000000000015
vt 0.001704 0.0025730000000000475
vt 0.00162 0.009696999999999956
vt 0.000125 0.006117999999999957
vt 0.001704 0.0025730000000000475
vt 0.350256 0.583251
vt 0.350256 0.576204
vt 0.350342 0.583329
vt 0.350256 0.576204
vt 0.351884 0.579752
vt 0.350342 0.583329
vt 0.296496 0.009618000000000015
vt 0.296496 0.0025730000000000475
vt 0.296579 0.009696999999999956
vt 0.296496 0.0025730000000000475
vt 0.298074 0.006117999999999957
vt 0.296579 0.009696999999999956
vt 0.084035 0.58221
vt 0.046567 0.583251
vt 0.046567 0.576204
vt 0.046481 0.583329
vt 0.044939 0.579752
vt 0.046567 0.576204
vt 0.038077 0.0036129999999999773
vt 0.038077 0.008579000000000003
vt 0.001704 0.0025730000000000475
vt 0.084035 0.577244
vt 0.084035 0.58221
vt 0.046567 0.576204
vt 0.312788 0.577244
vt 0.350256 0.576204
vt 0.312788 0.58221
vt 0.260122 0.0036129999999999773
vt 0.296496 0.0025730000000000475
vt 0.260122 0.008579000000000003
vn -0.999996 -0.001708 0.002051
vn -0.999996 -0.001708 0.002051
vn -0.999996 -0.001708 0.002051
vn -0.998395 -0.046349 -0.032539
vn -0.99837 -0.048238 -0.030512
vn -0.998723 -0.039395 -0.031643
vn 0.999994 0.001937 0.002732
vn 0.999996 0.001643 0.002417
vn 0.999992 0.002789 0.002863
vn 0.998423 0.047995 -0.029136
vn 0.998423 0.047995 -0.029136
vn 0.998423 0.047995 -0.029136
vn 1 0 0
vn 1 0 0
vn 1 0 0
vn 0 0.970426 -0.241397
vn 0 0.998776 0.049469
vn 0 0.998776 -0.049469
vn -0.985953 0.157364 -0.05597
vn -0.997618 -0.068981 0
vn -0.986419 0.163847 0.011466
vn 1 0 0
vn 1 0 0
vn 1 0 0
vn 0 0.863219 -0.504829
vn 0 0.970426 -0.241397
vn 0 0.942417 -0.334439
vn -0.984205 0.132732 -0.117145
vn -0.997618 -0.068981 0
vn -0.985953 0.157364 -0.05597
vn 1 0 0
vn 1 0 0
vn 1 0 0
vn 0 0.696587 -0.717473
vn 0 0.863219 -0.504829
vn 0 0.812803 -0.582539
vn -0.981496 0.094313 -0.166644
vn -0.997618 -0.068981 0
vn -0.984205 0.132732 -0.117145
vn 1 0 0
vn 1 0 0
vn 1 0 0
vn 0 0.492962 -0.870051
vn 0 0.696587 -0.717473
vn 0 0.631536 -0.775347
vn -0.978197 0.047224 -0.202241
vn -0.997618 -0.068981 0
vn -0.981496 0.094313 -0.166644
vn 1 0 0
vn 1 0 0
vn 1 0 0
vn 0 0.269973 -0.962868
vn 0 0.492962 -0.870051
vn 0 0.419907 -0.907567
vn -0.974595 -0.004453 -0.223928
vn -0.997618 -0.068981 0
vn -0.978197 0.047224 -0.202241
vn 1 0 0
vn 1 0 0
vn 1 0 0
vn 0 0.038853 -0.999245
vn 0 0.269973 -0.962868
vn 0 0.193277 -0.981144
vn -0.970879 -0.058073 -0.232426
vn -0.997618 -0.068981 0
vn -0.974595 -0.004453 -0.223928
vn 1 0 0
vn 1 0 0
vn 1 0 0
vn 0 -0.193277 -0.981144
vn 0 0.038853 -0.999245
vn 0 -0.038853 -0.999245
vn -0.967164 -0.111932 -0.228177
vn -0.997618 -0.068981 0
vn -0.970879 -0.058073 -0.232426
vn 1 0 0
vn 1 0 0
vn 1 0 0
vn 0 -0.419907 -0.907567
vn 0 -0.193277 -0.981144
vn 0 -0.269974 -0.962868
vn -0.963559 -0.164466 -0.210963
vn -0.997618 -0.068981 0
vn -0.967164 -0.111932 -0.228177
vn 1 0 0
vn 1 0 0
vn 1 0 0
vn 0 -0.631536 -0.775347
vn 0 -0.419907 -0.907567
vn 0 -0.492962 -0.870051
vn -0.960218 -0.213427 -0.180084
vn -0.997618 -0.068981 0
vn -0.963559 -0.164466 -0.210963
vn 1 0 0
vn 1 0 0
vn 1 0 0
vn 0 -0.812803 -0.582539
vn 0 -0.631536 -0.775347
vn 0 -0.696586 -0.717473
vn -0.957376 -0.25526 -0.135178
vn -0.997618 -0.068981 0
vn -0.960218 -0.213427 -0.180084
vn 1 0 0
vn 1 0 0
vn 1 0 0
vn 0 -0.942417 -0.334439
vn 0 -0.812803 -0.582539
vn 0 -0.863219 -0.504829
vn -0.955358 -0.285092 -0.077544
vn -0.997618 -0.068981 0
vn -0.957376 -0.25526 -0.135178
vn 1 0 0
vn 1 0 0
vn 1 0 0
vn 0 -0.998776 -0.049469
vn 0 -0.942417 -0.334439
vn 0 -0.970426 -0.241397
vn -0.95448 -0.298056 -0.011466
vn -0.997618 -0.068981 0
vn -0.955358 -0.285092 -0.077544
vn 1 0 0
vn 1 0 0
vn 1 0 0
vn 0 -0.970426 0.241397
vn 0 -0.998776 -0.049469
vn 0 -0.998776 0.049469
vn -0.954911 -0.29157 0.05597
vn -0.997618 -0.068981 0
vn -0.95448 -0.298056 -0.011466
vn 1 0 0
vn 1 0 0
vn 1 0 0
vn 0 -0.863219 0.504829
vn 0 -0.970426 0.241397
vn 0 -0.942417 0.334439
vn -0.956569 -0.266931 0.117146
vn -0.997618 -0.068981 0
vn -0.954911 -0.29157 0.05597
vn 1 0 0
vn 1 0 0
vn 1 0 0
vn 0 -0.696586 0.717473
vn 0 -0.863219 0.504829
vn 0 -0.812803 0.582539
vn -0.959176 -0.228501 0.166642
vn -0.997618 -0.068981 0
vn -0.956569 -0.266931 0.117146
vn 1 0 0
vn 1 0 0
vn 1 0 0
vn 0 -0.492962 0.870051
vn 0 -0.696586 0.717473
vn 0 -0.631536 0.775347
vn -0.962388 -0.181406 0.202241
vn -0.997618 -0.068981 0
vn -0.959176 -0.228501 0.166642
vn 1 0 0
vn 1 0 0
vn 1 0 0
vn 0 -0.269974 0.962868
vn 0 -0.492962 0.870051
vn 0 -0.419907 0.907567
vn -0.965933 -0.129726 0.223928
vn -0.997618 -0.068981 0
vn -0.962388 -0.181406 0.202241
vn 1 0 0
vn 1 0 0
vn 1 0 0
vn 0 -0.038853 0.999245
vn 0 -0.269974 0.962868
vn 0 -0.193277 0.981144
vn -0.969632 -0.076105 0.232425
vn -0.997618 -0.068981 0
vn -0.965933 -0.129726 0.223928
vn 1 0 0
vn 1 0 0
vn 1 0 0
vn 0 0.193277 0.981144
vn 0 -0.038853 0.999245
vn 0 0.038853 0.999245
vn -0.973365 -0.022247 0.228179
vn -0.997618 -0.068981 0
vn -0.969632 -0.076105 0.232425
vn 1 0 0
vn 1 0 0
vn 1 0 0
vn 0 0.419907 0.907567
vn 0 0.193277 0.981144
vn 0 0.269973 0.962868
vn -0.977025 0.030283 0.210963
vn -0.997618 -0.068981 0
vn -0.973365 -0.022247 0.228179
vn 1 0 0
vn 1 0 0
vn 1 0 0
vn 0 0.631536 0.775347
vn 0 0.419907 0.907567
vn 0 0.492962 0.870051
vn -0.980454 0.07924 0.180086
vn -0.997618 -0.068981 0
vn -0.977025 0.030283 0.210963
vn 1 0 0
vn 1 0 0
vn 1 0 0
vn 0 0.812803 0.582539
vn 0 0.631536 0.775347
vn 0 0.696587 0.717473
vn -0.983397 0.121063 0.135178
vn -0.997618 -0.068981 0
vn -0.980454 0.07924 0.180086
vn 1 0 0
vn 1 0 0
vn 1 0 0
vn 0 0.942417 0.334439
vn 0 0.812803 0.582539
vn 0 0.863219 0.504829
vn -0.985505 0.150886 0.077543
vn -0.997618 -0.068981 0
vn -0.983397 0.121063 0.135178
vn 1 0 0
vn 1 0 0
vn 1 0 0
vn 0 0.998776 0.049469
vn 0 0.942417 0.334439
vn 0 0.970426 0.241397
vn -0.986419 0.163847 0.011466
vn -0.997618 -0.068981 0
vn -0.985505 0.150886 0.077543
vn 1 0 0
vn 1 0 0
vn 1 0 0
vn 1 0 0
vn 1 0 0
vn 1 0 0
vn 1 0 0
vn 1 0 0
vn 1 0 0
vn 1 0 0
vn 1 0 0
vn 1 0 0
vn 1 0 0
vn 1 0 0
vn 1 0 0
vn 1 0 0
vn 1 0 0
vn 1 0 0
vn 1 0 0
vn 1 0 0
vn 1 0 0
vn 1 0 0
vn 1 0 0
vn 1 0 0
vn 1 0 0
vn 1 0 0
vn 1 0 0
vn 1 0 0
vn 1 0 0
vn 1 0 0
vn 1 0 0
vn 1 0 0
vn 1 0 0
vn 1 0 0
vn 1 0 0
vn 1 0 0
vn 1 0 0
vn 1 0 0
vn 1 0 0
vn 1 0 0
vn 1 0 0
vn 1 0 0
vn 1 0 0
vn 1 0 0
vn 1 0 0
vn 1 0 0
vn 1 0 0
vn 1 0 0
vn 1 0 0
vn 1 0 0
vn 1 0 0
vn 1 0 0
vn 1 0 0
vn 1 0 0
vn 1 0 0
vn 1 0 0
vn 1 0 0
vn 1 0 0
vn 1 0 0
vn 1 0 0
vn 1 0 0
vn 1 0 0
vn 1 0 0
vn 1 0 0
vn 1 0 0
vn 1 0 0
vn 1 0 0
vn 1 0 0
vn 1 0 0
vn 1 0 0
vn 1 0 0
vn 1 0 0
vn 0.992 0.118965 -0.042217
vn 0.992006 0.126037 -0.006242
vn 0.992006 -0.126037 -0.006242
vn 0.991987 0.102689 -0.073597
vn 0.992 0.118965 -0.042217
vn 0.992 -0.122501 0.030472
vn 0.991972 0.079865 -0.098051
vn 0.991987 0.102689 -0.073597
vn 0.991987 -0.109058 0.06378
vn 0.991958 0.053145 -0.114865
vn 0.991972 0.079865 -0.098051
vn 0.991972 -0.088091 0.090733
vn 0.99195 0.024474 -0.124241
vn 0.991958 0.053145 -0.114865
vn 0.991958 -0.062391 0.110117
vn 0.991947 -0.004921 -0.126555
vn 0.99195 0.024474 -0.124241
vn 0.99195 -0.034186 0.121927
vn 0.99195 -0.034186 -0.121927
vn 0.991947 -0.004921 -0.126555
vn 0.991947 -0.004921 0.126555
vn 0.991958 -0.062391 -0.110117
vn 0.99195 -0.034186 -0.121927
vn 0.99195 0.024474 0.124241
vn 0.991972 -0.088091 -0.090733
vn 0.991958 -0.062391 -0.110117
vn 0.991958 0.053145 0.114865
vn 0.991987 -0.109058 -0.06378
vn 0.991972 -0.088091 -0.090733
vn 0.991972 0.079865 0.098051
vn 0.992 -0.122501 -0.030472
vn 0.991987 -0.109058 -0.06378
vn 0.991987 0.102689 0.073597
vn 0.992006 -0.126037 0.006242
vn 0.992 -0.122501 -0.030472
vn 0.992 0.118965 0.042218
vn 0.992 -0.118965 0.042217
vn 0.992006 -0.126037 0.006242
vn 0.992006 0.126037 0.006242
vn 0.991987 -0.102689 0.073597
vn 0.992 -0.118965 0.042217
vn 0.992 0.122501 -0.030472
vn 0.991972 -0.079865 0.098051
vn 0.991987 -0.102689 0.073597
vn 0.991987 0.109058 -0.06378
vn 0.991958 -0.053145 0.114865
vn 0.991972 -0.079865 0.098051
vn 0.991971 0.088091 -0.090733
vn 0.99195 -0.024474 0.124241
vn 0.991958 -0.053145 0.114865
vn 0.991958 0.062391 -0.110117
vn 0.991947 0.004921 0.126555
vn 0.99195 -0.024474 0.124241
vn 0.99195 0.034186 -0.121927
vn 0.99195 0.034186 0.121927
vn 0.991947 0.004921 0.126555
vn 0.991947 0.004921 -0.126555
vn 0.991958 0.062391 0.110117
vn 0.99195 0.034186 0.121927
vn 0.99195 -0.024474 -0.124241
vn 0.991972 0.088091 0.090733
vn 0.991958 0.062391 0.110117
vn 0.991958 -0.053145 -0.114865
vn 0.991987 0.109058 0.063779
vn 0.991972 0.088091 0.090733
vn 0.991972 -0.079865 -0.098051
vn 0.992 0.1225 0.030472
vn 0.991987 0.109058 0.063779
vn 0.991987 -0.102689 -0.073597
vn 0.992006 0.126037 -0.006242
vn 0.992 0.1225 0.030472
vn 0.992 -0.118965 -0.042217
vn 0.869786 0.469085 -0.153074
vn 0.869865 0.493154 -0.011563
vn 0.992006 0.126037 -0.006242
vn 0.869865 0.493154 -0.011563
vn 0.869786 0.469085 -0.153074
vn 0.501206 0.826687 -0.255698
vn 0.254944 0.93836 -0.23342
vn 0.255025 0.965751 0.047833
vn 0.501348 0.86522 -0.006664
vn 0.869865 -0.493154 -0.011563
vn 0.869786 -0.475634 0.13132
vn 0.992 -0.122501 0.030472
vn 0.869786 -0.475634 0.13132
vn 0.869865 -0.493154 -0.011563
vn 0.50135 -0.865219 -0.006664
vn 0.255027 -0.96575 0.047832
vn 0.254946 -0.911276 0.323387
vn 0.501205 -0.830461 0.243162
vn 0.869589 0.408237 -0.277772
vn 0.869786 0.469085 -0.153074
vn 0.992 0.118965 -0.042217
vn 0.869786 0.469085 -0.153074
vn 0.869589 0.408237 -0.277772
vn 0.500849 0.722691 -0.476306
vn 0.254745 0.83474 -0.488174
vn 0.254944 0.93836 -0.23342
vn 0.501206 0.826687 -0.255698
vn 0.869786 -0.475634 0.13132
vn 0.869589 -0.420032 0.259592
vn 0.991987 -0.109058 0.06378
vn 0.869589 -0.420032 0.259592
vn 0.869786 -0.475634 0.13132
vn 0.501205 -0.830461 0.243162
vn 0.254946 -0.911276 0.323387
vn 0.254745 -0.785987 0.56332
vn 0.500849 -0.729484 0.465835
vn 0.86936 0.320792 -0.375906
vn 0.869589 0.408237 -0.277772
vn 0.991987 0.102689 -0.073597
vn 0.869589 0.408237 -0.277772
vn 0.86936 0.320792 -0.375906
vn 0.500434 0.571077 -0.650721
vn 0.254509 0.673648 -0.693847
vn 0.254745 0.83474 -0.488174
vn 0.500849 0.722691 -0.476306
vn 0.869589 -0.420032 0.259592
vn 0.86936 -0.336022 0.362358
vn 0.991972 -0.088091 0.090733
vn 0.86936 -0.336022 0.362358
vn 0.869589 -0.420032 0.259592
vn 0.500849 -0.729484 0.465835
vn 0.254745 -0.785987 0.56332
vn 0.25451 -0.610739 0.749815
vn 0.500434 -0.579843 0.642922
vn 0.869168 0.217306 -0.444214
vn 0.86936 0.320792 -0.375906
vn 0.991972 0.079865 -0.098051
vn 0.86936 0.320792 -0.375906
vn 0.869168 0.217306 -0.444214
vn 0.500086 0.390663 -0.772849
vn 0.254313 0.476755 -0.841445
vn 0.254509 0.673648 -0.693847
vn 0.500434 0.571077 -0.650721
vn 0.86936 -0.336022 0.362358
vn 0.869167 -0.23442 0.435425
vn 0.991958 -0.062391 0.110117
vn 0.869167 -0.23442 0.435425
vn 0.86936 -0.336022 0.362358
vn 0.500434 -0.579843 0.642922
vn 0.25451 -0.610739 0.749815
vn 0.254314 -0.406101 0.877728
vn 0.500086 -0.40051 0.767793
vn 0.869046 0.105675 -0.483314
vn 0.869168 0.217306 -0.444214
vn 0.991958 0.053145 -0.114865
vn 0.869168 0.217306 -0.444214
vn 0.869046 0.105675 -0.483314
vn 0.499867 0.195594 -0.843727
vn 0.254189 0.261106 -0.931242
vn 0.254313 0.476755 -0.841445
vn 0.500086 0.390663 -0.772849
vn 0.869167 -0.23442 0.435425
vn 0.869046 -0.123648 0.479031
vn 0.99195 -0.034186 0.121927
vn 0.869046 -0.123648 0.479031
vn 0.869167 -0.23442 0.435425
vn 0.500086 -0.40051 0.767793
vn 0.254314 -0.406101 0.877728
vn 0.25419 -0.186928 0.948918
vn 0.499867 -0.205933 0.841264
vn 0.869005 -0.009106 -0.49472
vn 0.869046 0.105675 -0.483314
vn 0.99195 0.024474 -0.124241
vn 0.869046 0.105675 -0.483314
vn 0.869005 -0.009106 -0.49472
vn 0.499793 -0.005237 -0.866129
vn 0.254148 0.037578 -0.966435
vn 0.254189 0.261106 -0.931242
vn 0.499867 0.195594 -0.843727
vn 0.869046 -0.123648 0.479031
vn 0.869005 -0.009106 0.49472
vn 0.991947 -0.004921 0.126555
vn 0.869005 -0.009106 0.49472
vn 0.869046 -0.123648 0.479031
vn 0.499867 -0.205933 0.841264
vn 0.25419 -0.186928 0.948918
vn 0.254148 0.037578 0.966435
vn 0.499793 -0.005237 0.866129
vn 0.869046 -0.123648 -0.479031
vn 0.869005 -0.009106 -0.49472
vn 0.991947 -0.004921 -0.126555
vn 0.869005 -0.009106 -0.49472
vn 0.869046 -0.123648 -0.479031
vn 0.499867 -0.205932 -0.841264
vn 0.25419 -0.186929 -0.948918
vn 0.254148 0.037578 -0.966435
vn 0.499793 -0.005237 -0.866129
vn 0.869005 -0.009106 0.49472
vn 0.869046 0.105675 0.483314
vn 0.99195 0.024474 0.124241
vn 0.869046 0.105675 0.483314
vn 0.869005 -0.009106 0.49472
vn 0.499793 -0.005237 0.866129
vn 0.254148 0.037578 0.966435
vn 0.25419 0.261106 0.931242
vn 0.499867 0.195594 0.843727
vn 0.869168 -0.23442 -0.435425
vn 0.869046 -0.123648 -0.479031
vn 0.99195 -0.034186 -0.121927
vn 0.869046 -0.123648 -0.479031
vn 0.869168 -0.23442 -0.435425
vn 0.500087 -0.40051 -0.767792
vn 0.254314 -0.406101 -0.877728
vn 0.25419 -0.186929 -0.948918
vn 0.499867 -0.205932 -0.841264
vn 0.869046 0.105675 0.483314
vn 0.869168 0.217306 0.444214
vn 0.991958 0.053145 0.114865
vn 0.869168 0.217306 0.444214
vn 0.869046 0.105675 0.483314
vn 0.499867 0.195594 0.843727
vn 0.25419 0.261106 0.931242
vn 0.254314 0.476755 0.841445
vn 0.500087 0.390663 0.772849
vn 0.86936 -0.336022 -0.362357
vn 0.869168 -0.23442 -0.435425
vn 0.991958 -0.062391 -0.110117
vn 0.869168 -0.23442 -0.435425
vn 0.86936 -0.336022 -0.362357
vn 0.500434 -0.579843 -0.642921
vn 0.25451 -0.610739 -0.749815
vn 0.254314 -0.406101 -0.877728
vn 0.500087 -0.40051 -0.767792
vn 0.869168 0.217306 0.444214
vn 0.86936 0.320792 0.375907
vn 0.991972 0.079865 0.098051
vn 0.86936 0.320792 0.375907
vn 0.869168 0.217306 0.444214
vn 0.500087 0.390663 0.772849
vn 0.254314 0.476755 0.841445
vn 0.25451 0.673648 0.693847
vn 0.500434 0.571076 0.650721
vn 0.869589 -0.420032 -0.259592
vn 0.86936 -0.336022 -0.362357
vn 0.991972 -0.088091 -0.090733
vn 0.86936 -0.336022 -0.362357
vn 0.869589 -0.420032 -0.259592
vn 0.500849 -0.729485 -0.465835
vn 0.254745 -0.785987 -0.56332
vn 0.25451 -0.610739 -0.749815
vn 0.500434 -0.579843 -0.642921
vn 0.86936 0.320792 0.375907
vn 0.869589 0.408237 0.277772
vn 0.991987 0.102689 0.073597
vn 0.869589 0.408237 0.277772
vn 0.86936 0.320792 0.375907
vn 0.500434 0.571076 0.650721
vn 0.25451 0.673648 0.693847
vn 0.254744 0.83474 0.488174
vn 0.500849 0.722691 0.476306
vn 0.869786 -0.475633 -0.13132
vn 0.869589 -0.420032 -0.259592
vn 0.991987 -0.109058 -0.06378
vn 0.869589 -0.420032 -0.259592
vn 0.869786 -0.475633 -0.13132
vn 0.501206 -0.830461 -0.243163
vn 0.254946 -0.911276 -0.323387
vn 0.254745 -0.785987 -0.56332
vn 0.500849 -0.729485 -0.465835
vn 0.869589 0.408237 0.277772
vn 0.869786 0.469085 0.153074
vn 0.992 0.118965 0.042218
vn 0.869786 0.469085 0.153074
vn 0.869589 0.408237 0.277772
vn 0.500849 0.722691 0.476306
vn 0.254744 0.83474 0.488174
vn 0.254946 0.938359 0.233419
vn 0.501206 0.826687 0.255698
vn 0.869865 -0.493154 0.011563
vn 0.869786 -0.475633 -0.13132
vn 0.992 -0.122501 -0.030472
vn 0.869786 -0.475633 -0.13132
vn 0.869865 -0.493154 0.011563
vn 0.501349 -0.865219 0.006664
vn 0.255026 -0.96575 -0.047833
vn 0.254946 -0.911276 -0.323387
vn 0.501206 -0.830461 -0.243163
vn 0.869786 0.469085 0.153074
vn 0.869865 0.493154 0.011563
vn 0.992006 0.126037 0.006242
vn 0.869865 0.493154 0.011563
vn 0.869786 0.469085 0.153074
vn 0.501206 0.826687 0.255698
vn 0.254946 0.938359 0.233419
vn 0.255027 0.96575 -0.047832
vn 0.50135 0.865219 0.006664
vn 0.869786 -0.469085 0.153074
vn 0.869865 -0.493154 0.011563
vn 0.992006 -0.126037 0.006242
vn 0.869865 -0.493154 0.011563
vn 0.869786 -0.469085 0.153074
vn 0.501206 -0.826687 0.255698
vn 0.254945 -0.938359 0.23342
vn 0.255026 -0.96575 -0.047833
vn 0.501349 -0.865219 0.006664
vn 0.869865 0.493154 0.011563
vn 0.869786 0.475633 -0.13132
vn 0.992 0.122501 -0.030472
vn 0.869786 0.475633 -0.13132
vn 0.869865 0.493154 0.011563
vn 0.50135 0.865219 0.006664
vn 0.255027 0.96575 -0.047832
vn 0.254945 0.911276 -0.323387
vn 0.501206 0.830461 -0.243163
vn 0.869589 -0.408237 0.277772
vn 0.869786 -0.469085 0.153074
vn 0.992 -0.118965 0.042217
vn 0.869786 -0.469085 0.153074
vn 0.869589 -0.408237 0.277772
vn 0.500849 -0.722691 0.476306
vn 0.254745 -0.83474 0.488174
vn 0.254945 -0.938359 0.23342
vn 0.501206 -0.826687 0.255698
vn 0.869786 0.475633 -0.13132
vn 0.869589 0.420032 -0.259592
vn 0.991987 0.109058 -0.06378
vn 0.869589 0.420032 -0.259592
vn 0.869786 0.475633 -0.13132
vn 0.501206 0.830461 -0.243163
vn 0.254945 0.911276 -0.323387
vn 0.254744 0.785987 -0.56332
vn 0.500849 0.729485 -0.465835
vn 0.86936 -0.320792 0.375906
vn 0.869589 -0.408237 0.277772
vn 0.991987 -0.102689 0.073597
vn 0.869589 -0.408237 0.277772
vn 0.86936 -0.320792 0.375906
vn 0.500434 -0.571077 0.650721
vn 0.25451 -0.673648 0.693847
vn 0.254745 -0.83474 0.488174
vn 0.500849 -0.722691 0.476306
vn 0.869589 0.420032 -0.259592
vn 0.86936 0.336022 -0.362357
vn 0.991971 0.088091 -0.090733
vn 0.86936 0.336022 -0.362357
vn 0.869589 0.420032 -0.259592
vn 0.500849 0.729485 -0.465835
vn 0.254744 0.785987 -0.56332
vn 0.25451 0.610739 -0.749815
vn 0.500434 0.579843 -0.642921
vn 0.869168 -0.217306 0.444214
vn 0.86936 -0.320792 0.375906
vn 0.991972 -0.079865 0.098051
vn 0.86936 -0.320792 0.375906
vn 0.869168 -0.217306 0.444214
vn 0.500087 -0.390663 0.772849
vn 0.254314 -0.476755 0.841445
vn 0.25451 -0.673648 0.693847
vn 0.500434 -0.571077 0.650721
vn 0.86936 0.336022 -0.362357
vn 0.869168 0.23442 -0.435425
vn 0.991958 0.062391 -0.110117
vn 0.869168 0.23442 -0.435425
vn 0.86936 0.336022 -0.362357
vn 0.500434 0.579843 -0.642921
vn 0.25451 0.610739 -0.749815
vn 0.254314 0.406101 -0.877728
vn 0.500087 0.40051 -0.767792
vn 0.869046 -0.105675 0.483314
vn 0.869168 -0.217306 0.444214
vn 0.991958 -0.053145 0.114865
vn 0.869168 -0.217306 0.444214
vn 0.869046 -0.105675 0.483314
vn 0.499867 -0.195594 0.843727
vn 0.25419 -0.261106 0.931242
vn 0.254314 -0.476755 0.841445
vn 0.500087 -0.390663 0.772849
vn 0.869168 0.23442 -0.435425
vn 0.869046 0.123648 -0.479031
vn 0.99195 0.034186 -0.121927
vn 0.869046 0.123648 -0.479031
vn 0.869168 0.23442 -0.435425
vn 0.500087 0.40051 -0.767792
vn 0.254314 0.406101 -0.877728
vn 0.25419 0.186929 -0.948918
vn 0.499867 0.205933 -0.841264
vn 0.869005 0.009106 0.49472
vn 0.869046 -0.105675 0.483314
vn 0.99195 -0.024474 0.124241
vn 0.869046 -0.105675 0.483314
vn 0.869005 0.009106 0.49472
vn 0.499793 0.005237 0.866129
vn 0.254148 -0.037578 0.966435
vn 0.25419 -0.261106 0.931242
vn 0.499867 -0.195594 0.843727
vn 0.869046 0.123648 -0.479031
vn 0.869005 0.009106 -0.49472
vn 0.991947 0.004921 -0.126555
vn 0.869005 0.009106 -0.49472
vn 0.869046 0.123648 -0.479031
vn 0.499867 0.205933 -0.841264
vn 0.25419 0.186929 -0.948918
vn 0.254148 -0.037578 -0.966435
vn 0.499793 0.005237 -0.866129
vn 0.869046 0.123648 0.479031
vn 0.869005 0.009106 0.49472
vn 0.991947 0.004921 0.126555
vn 0.869005 0.009106 0.49472
vn 0.869046 0.123648 0.479031
vn 0.499867 0.205932 0.841264
vn 0.25419 0.186929 0.948918
vn 0.254148 -0.037578 0.966435
vn 0.499793 0.005237 0.866129
vn 0.869005 0.009106 -0.49472
vn 0.869046 -0.105675 -0.483314
vn 0.99195 -0.024474 -0.124241
vn 0.869046 -0.105675 -0.483314
vn 0.869005 0.009106 -0.49472
vn 0.499793 0.005237 -0.866129
vn 0.254148 -0.037578 -0.966435
vn 0.25419 -0.261106 -0.931242
vn 0.499867 -0.195594 -0.843727
vn 0.869168 0.23442 0.435425
vn 0.869046 0.123648 0.479031
vn 0.99195 0.034186 0.121927
vn 0.869046 0.123648 0.479031
vn 0.869168 0.23442 0.435425
vn 0.500086 0.40051 0.767793
vn 0.254313 0.406101 0.877728
vn 0.25419 0.186929 0.948918
vn 0.499867 0.205932 0.841264
vn 0.869046 -0.105675 -0.483314
vn 0.869168 -0.217306 -0.444214
vn 0.991958 -0.053145 -0.114865
vn 0.869168 -0.217306 -0.444214
vn 0.869046 -0.105675 -0.483314
vn 0.499867 -0.195594 -0.843727
vn 0.25419 -0.261106 -0.931242
vn 0.254313 -0.476754 -0.841445
vn 0.500086 -0.390663 -0.772849
vn 0.86936 0.336021 0.362357
vn 0.869168 0.23442 0.435425
vn 0.991958 0.062391 0.110117
vn 0.869168 0.23442 0.435425
vn 0.86936 0.336021 0.362357
vn 0.500434 0.579843 0.642922
vn 0.254508 0.610739 0.749815
vn 0.254313 0.406101 0.877728
vn 0.500086 0.40051 0.767793
vn 0.869168 -0.217306 -0.444214
vn 0.86936 -0.320792 -0.375907
vn 0.991972 -0.079865 -0.098051
vn 0.86936 -0.320792 -0.375907
vn 0.869168 -0.217306 -0.444214
vn 0.500086 -0.390663 -0.772849
vn 0.254313 -0.476754 -0.841445
vn 0.254511 -0.673648 -0.693846
vn 0.500434 -0.571076 -0.650721
vn 0.869589 0.420032 0.259592
vn 0.86936 0.336021 0.362357
vn 0.991972 0.088091 0.090733
vn 0.86936 0.336021 0.362357
vn 0.869589 0.420032 0.259592
vn 0.500849 0.729485 0.465835
vn 0.254744 0.785987 0.56332
vn 0.254508 0.610739 0.749815
vn 0.500434 0.579843 0.642922
vn 0.86936 -0.320792 -0.375907
vn 0.869589 -0.408237 -0.277772
vn 0.991987 -0.102689 -0.073597
vn 0.869589 -0.408237 -0.277772
vn 0.86936 -0.320792 -0.375907
vn 0.500434 -0.571076 -0.650721
vn 0.254511 -0.673648 -0.693846
vn 0.254745 -0.83474 -0.488174
vn 0.500849 -0.722691 -0.476306
vn 0.869786 0.475633 0.131321
vn 0.869589 0.420032 0.259592
vn 0.991987 0.109058 0.063779
vn 0.869589 0.420032 0.259592
vn 0.869786 0.475633 0.131321
vn 0.501205 0.830461 0.243163
vn 0.254946 0.911276 0.323387
vn 0.254744 0.785987 0.56332
vn 0.500849 0.729485 0.465835
vn 0.869589 -0.408237 -0.277772
vn 0.869786 -0.469085 -0.153074
vn 0.992 -0.118965 -0.042217
vn 0.869786 -0.469085 -0.153074
vn 0.869589 -0.408237 -0.277772
vn 0.500849 -0.722691 -0.476306
vn 0.254745 -0.83474 -0.488174
vn 0.254946 -0.938359 -0.233418
vn 0.501206 -0.826687 -0.255698
vn 0.869865 0.493154 -0.011563
vn 0.869786 0.475633 0.131321
vn 0.992 0.1225 0.030472
vn 0.869786 0.475633 0.131321
vn 0.869865 0.493154 -0.011563
vn 0.501348 0.86522 -0.006664
vn 0.255025 0.965751 0.047833
vn 0.254946 0.911276 0.323387
vn 0.501205 0.830461 0.243163
vn 0.869786 -0.469085 -0.153074
vn 0.869865 -0.493154 -0.011563
vn 0.992006 -0.126037 -0.006242
vn 0.869865 -0.493154 -0.011563
vn 0.869786 -0.469085 -0.153074
vn 0.501206 -0.826687 -0.255698
vn 0.254946 -0.938359 -0.233418
vn 0.255027 -0.96575 0.047832
vn 0.50135 -0.865219 -0.006664
vn -1 0 0
vn -1 0 0
vn -1 0 0
vn -1 0 0
vn -1 0 0
vn -1 0 0
vn -1 0 0
vn -1 0 0
vn -1 0 0
vn -1 0 0
vn -1 0 0
vn -1 0 0
vn -1 0 0
vn -1 0 0
vn -1 0 0
vn -1 0 0
vn -1 0 0
vn -1 0 0
vn -1 0 0
vn -1 0 0
vn -1 0 0
vn -1 0 0
vn -1 0 0
vn -1 0 0
vn -1 0 0
vn -1 0 0
vn -1 0 0
vn -1 0 0
vn -1 0 0
vn -1 0 0
vn -1 0 0
vn -1 0 0
vn -1 0 0
vn -1 0 0
vn -1 0 0
vn -1 0 0
vn -1 0 0
vn -1 0 0
vn -1 0 0
vn -1 0 0
vn -1 0 0
vn -1 0 0
vn -1 0 0
vn -1 0 0
vn -1 0 0
vn -1 0 0
vn -1 0 0
vn -1 0 0
vn -1 0 0
vn -1 0 0
vn -1 0 0
vn -1 0 0
vn -1 0 0
vn -1 0 0
vn -1 0 0
vn -1 0 0
vn -1 0 0
vn -1 0 0
vn -1 0 0
vn -1 0 0
vn -1 0 0
vn -1 0 0
vn -1 0 0
vn -1 0 0
vn -1 0 0
vn -1 0 0
vn -1 0 0
vn -1 0 0
vn -1 0 0
vn -1 0 0
vn -1 0 0
vn -1 0 0
vn 0 0.998776 -0.049468
vn 0 0.942417 -0.334439
vn 0 0.970426 -0.241397
vn 0 0.942417 -0.334439
vn 0 0.812802 -0.582539
vn 0 0.863219 -0.50483
vn 0 0.812802 -0.582539
vn 0 0.631536 -0.775347
vn 0 0.696586 -0.717473
vn 0 0.631536 -0.775347
vn 0 0.419907 -0.907567
vn 0 0.492963 -0.87005
vn 0 0.419907 -0.907567
vn 0 0.193277 -0.981144
vn 0 0.269973 -0.962868
vn 0 0.193277 -0.981144
vn 0 -0.038853 -0.999245
vn 0 0.038853 -0.999245
vn 0 -0.038853 -0.999245
vn 0 -0.269974 -0.962868
vn 0 -0.193277 -0.981144
vn 0 -0.269974 -0.962868
vn 0 -0.492963 -0.87005
vn 0 -0.419907 -0.907567
vn 0 -0.492963 -0.87005
vn 0 -0.696586 -0.717473
vn 0 -0.631536 -0.775347
vn 0 -0.696586 -0.717473
vn 0 -0.863219 -0.504829
vn 0 -0.812803 -0.582539
vn 0 -0.863219 -0.504829
vn 0 -0.970426 -0.241397
vn 0 -0.942417 -0.334439
vn 0 -0.970426 -0.241397
vn 0 -0.998776 0.049468
vn 0 -0.998776 -0.049468
vn 0 -0.998776 0.049468
vn 0 -0.942417 0.334439
vn 0 -0.970426 0.241397
vn 0 -0.942417 0.334439
vn 0 -0.812803 0.582539
vn 0 -0.863219 0.504829
vn 0 -0.812803 0.582539
vn 0 -0.631536 0.775347
vn 0 -0.696586 0.717473
vn 0 -0.631536 0.775347
vn 0 -0.419907 0.907567
vn 0 -0.492963 0.87005
vn 0 -0.419907 0.907567
vn 0 -0.193277 0.981144
vn 0 -0.269974 0.962868
vn 0 -0.193277 0.981144
vn 0 0.038853 0.999245
vn 0 -0.038853 0.999245
vn 0 0.038853 0.999245
vn 0 0.269973 0.962868
vn 0 0.193277 0.981144
vn 0 0.269973 0.962868
vn 0 0.492963 0.87005
vn 0 0.419907 0.907567
vn 0 0.492963 0.87005
vn 0 0.696586 0.717473
vn 0 0.631536 0.775347
vn 0 0.696586 0.717473
vn 0 0.863219 0.50483
vn 0 0.812802 0.582539
vn 0 0.863219 0.50483
vn 0 0.970426 0.241397
vn 0 0.942417 0.334439
vn 0 0.970426 0.241397
vn 0 0.998776 -0.049468
vn 0 0.998776 0.049468
vn 0.877218 0.479503 -0.023749
vn 0.874681 0.456645 -0.162509
vn 0.875931 0.468064 -0.116877
vn 0.874681 0.456645 -0.162509
vn 0.869062 0.401696 -0.288741
vn 0.871197 0.423437 -0.24843
vn 0.869062 0.401696 -0.288741
vn 0.861964 0.31962 -0.393524
vn 0.864382 0.34976 -0.361264
vn 0.861964 0.31962 -0.393524
vn 0.855319 0.217054 -0.470443
vn 0.857373 0.253246 -0.448083
vn 0.855319 0.217054 -0.470443
vn 0.850845 0.101261 -0.515567
vn 0.852013 0.141052 -0.50416
vn 0.850845 0.101261 -0.515567
vn 0.849646 -0.020489 -0.526955
vn 0.849646 0.020489 -0.526955
vn 0.849646 -0.020489 -0.526955
vn 0.852013 -0.141052 -0.50416
vn 0.850845 -0.101261 -0.515567
vn 0.852013 -0.141052 -0.50416
vn 0.857372 -0.253246 -0.448083
vn 0.855319 -0.217054 -0.470443
vn 0.857372 -0.253246 -0.448083
vn 0.864381 -0.349761 -0.361265
vn 0.861964 -0.31962 -0.393524
vn 0.864381 -0.349761 -0.361265
vn 0.871197 -0.423437 -0.24843
vn 0.869062 -0.401697 -0.288742
vn 0.871197 -0.423437 -0.24843
vn 0.875932 -0.468064 -0.116877
vn 0.874681 -0.456645 -0.162509
vn 0.875932 -0.468064 -0.116877
vn 0.877219 -0.479502 0.023749
vn 0.877219 -0.479502 -0.023749
vn 0.877219 -0.479502 0.023749
vn 0.874681 -0.456645 0.162509
vn 0.875932 -0.468064 0.116877
vn 0.874681 -0.456645 0.162509
vn 0.869062 -0.401696 0.288742
vn 0.871197 -0.423437 0.24843
vn 0.869062 -0.401696 0.288742
vn 0.861964 -0.31962 0.393524
vn 0.864381 -0.349761 0.361265
vn 0.861964 -0.31962 0.393524
vn 0.855319 -0.217054 0.470443
vn 0.857372 -0.253246 0.448083
vn 0.855319 -0.217054 0.470443
vn 0.850845 -0.101261 0.515567
vn 0.852013 -0.141052 0.50416
vn 0.850845 -0.101261 0.515567
vn 0.849646 0.020489 0.526955
vn 0.849646 -0.020489 0.526955
vn 0.849646 0.020489 0.526955
vn 0.852013 0.141052 0.50416
vn 0.850845 0.101261 0.515567
vn 0.852013 0.141052 0.50416
vn 0.857373 0.253246 0.448083
vn 0.855319 0.217054 0.470443
vn 0.857373 0.253246 0.448083
vn 0.864382 0.34976 0.361264
vn 0.861964 0.31962 0.393524
vn 0.864382 0.34976 0.361264
vn 0.871197 0.423436 0.24843
vn 0.869062 0.401696 0.288741
vn 0.871197 0.423436 0.24843
vn 0.875931 0.468064 0.116877
vn 0.874681 0.456645 0.162509
vn 0.875931 0.468064 0.116877
vn 0.877218 0.479503 -0.023749
vn 0.877218 0.479503 0.023749
vn 0 0.998776 -0.049468
vn 0 0.942418 -0.334438
vn 0 0.970427 -0.241396
vn 0 0.942418 -0.334438
vn 0 0.812803 -0.582539
vn 0 0.863219 -0.504829
vn 0 0.812803 -0.582539
vn 0 0.631536 -0.775347
vn 0 0.696586 -0.717473
vn 0 0.631536 -0.775347
vn 0 0.419907 -0.907567
vn -0.000453 0.434875 -0.900491
vn 0 0.419907 -0.907567
vn 0 0.193277 -0.981144
vn -0.000179 0.231847 -0.972752
vn 0 0.193277 -0.981144
vn 0 -0.038853 -0.999245
vn -0.000052 -0.000046 -1
vn 0 -0.038853 -0.999245
vn 0 -0.269973 -0.962868
vn -0.000528 -0.23194 -0.97273
vn 0 -0.269973 -0.962868
vn 0 -0.492963 -0.87005
vn -0.001641 -0.45701 -0.88946
vn 0 -0.492963 -0.87005
vn 0 -0.696586 -0.717473
vn -0.003246 -0.66487 -0.746952
vn 0 -0.696586 -0.717473
vn 0 -0.863219 -0.504829
vn -0.004958 -0.839009 -0.544095
vn 0 -0.863219 -0.504829
vn 0 -0.970426 -0.241397
vn -0.006207 -0.957556 -0.288179
vn 0 -0.970426 -0.241397
vn 0 -0.998776 0.049468
vn -0.006486 -0.999979 -0.000082
vn 0 -0.998776 0.049468
vn 0 -0.942418 0.334439
vn -0.005672 -0.957597 0.288053
vn 0 -0.942418 0.334439
vn 0 -0.812803 0.582539
vn -0.004112 -0.839045 0.544046
vn 0 -0.812803 0.582539
vn 0 -0.631536 0.775347
vn -0.002389 -0.664861 0.746963
vn 0 -0.631536 0.775347
vn 0 -0.419907 0.907567
vn -0.001002 -0.456953 0.88949
vn 0 -0.419907 0.907567
vn 0 -0.193277 0.981144
vn -0.000207 -0.231853 0.972751
vn 0 -0.193277 0.981144
vn 0 0.038853 0.999245
vn -0.000045 0.000046 1
vn 0 0.038853 0.999245
vn 0 0.269973 0.962868
vn -0.000422 0.231922 0.972734
vn 0 0.269973 0.962868
vn 0 0.492963 0.87005
vn -0.000364 0.40122 0.915982
vn 0 0.492963 0.87005
vn 0 0.696586 0.717473
vn 0 0.631536 0.775347
vn 0 0.696586 0.717473
vn 0 0.863219 0.504829
vn 0 0.812803 0.582539
vn 0 0.863219 0.504829
vn 0 0.970427 0.241396
vn 0 0.942418 0.334438
vn 0 0.970427 0.241396
vn 0 0.998776 -0.049468
vn 0 0.998776 0.049468
vn -0.007398 0.998753 -0.049378
vn -0.006673 0.942478 -0.334202
vn -0.007126 0.97048 -0.241076
vn -0.006673 0.942478 -0.334202
vn -0.005166 0.81298 -0.582269
vn -0.005945 0.863482 -0.504345
vn -0.005166 0.81298 -0.582269
vn -0.003758 0.664695 -0.747105
vn -0.003777 0.665044 -0.746794
vn -0.003777 0.665044 -0.746794
vn -0.003758 0.664695 -0.747105
vn -0.002244 0.45049 -0.892778
vn -0.000453 0.434875 -0.900491
vn -0.000179 0.231847 -0.972752
vn -0.007094 0.231733 -0.972754
vn -0.000179 0.231847 -0.972752
vn -0.000052 -0.000046 -1
vn 0.001296 0.000043 -0.999999
vn -0.000052 -0.000046 -1
vn -0.000528 -0.23194 -0.97273
vn 0.009112 -0.231671 -0.972752
vn -0.000528 -0.23194 -0.97273
vn -0.001641 -0.45701 -0.88946
vn 0.016017 -0.456611 -0.889522
vn -0.001641 -0.45701 -0.88946
vn -0.003246 -0.66487 -0.746952
vn 0.021664 -0.664415 -0.74705
vn -0.003246 -0.66487 -0.746952
vn -0.004958 -0.839009 -0.544095
vn 0.025705 -0.838571 -0.544185
vn -0.004958 -0.839009 -0.544095
vn -0.006207 -0.957556 -0.288179
vn 0.027857 -0.957166 -0.288197
vn -0.006207 -0.957556 -0.288179
vn -0.006486 -0.999979 -0.000082
vn 0.028026 -0.999607 0.000001
vn -0.006486 -0.999979 -0.000082
vn -0.005672 -0.957597 0.288053
vn 0.026354 -0.957209 0.288195
vn -0.005672 -0.957597 0.288053
vn -0.004112 -0.839045 0.544046
vn 0.023116 -0.838653 0.544175
vn -0.004112 -0.839045 0.544046
vn -0.002389 -0.664861 0.746963
vn 0.018561 -0.664521 0.747039
vn -0.002389 -0.664861 0.746963
vn -0.001002 -0.456953 0.88949
vn 0.012855 -0.456723 0.889516
vn -0.001002 -0.456953 0.88949
vn -0.000207 -0.231853 0.972751
vn 0.006143 -0.231776 0.97275
vn -0.000207 -0.231853 0.972751
vn -0.000045 0.000046 1
vn -0.001393 -0.00005 0.999999
vn -0.000045 0.000046 1
vn -0.000422 0.231922 0.972734
vn -0.009498 0.231652 0.972752
vn -0.000422 0.231922 0.972734
vn -0.000364 0.40122 0.915982
vn -0.020869 0.434216 0.900567
vn -0.001916 0.390547 0.920581
vn -0.004198 0.696818 0.717235
vn -0.003337 0.632031 0.774936
vn -0.004198 0.696818 0.717235
vn -0.005944 0.863331 0.504603
vn -0.005167 0.813123 0.582069
vn -0.005944 0.863331 0.504603
vn -0.007126 0.970425 0.241297
vn -0.006673 0.942508 0.334116
vn -0.007126 0.970425 0.241297
vn -0.007398 0.998753 -0.049378
vn -0.007398 0.998748 0.049463
vn -0.997618 -0.068984 0
vn -0.997618 -0.068981 0
vn -0.997618 -0.068983 0
vn -0.997618 -0.068981 0
vn -0.997618 -0.068981 0
vn -0.997618 -0.068981 0.000001
vn -0.997618 -0.068981 0
vn -0.997618 -0.06898 -0.000001
vn -0.997618 -0.06898 -0.000001
vn -0.997618 -0.06898 -0.000001
vn -0.997618 -0.068981 0.000001
vn -0.997618 -0.06898 0
vn -0.997618 -0.068981 0.000001
vn -0.997618 -0.068981 0.000002
vn -0.997618 -0.068981 0.000002
vn -0.997618 -0.068981 0.000002
vn -0.997618 -0.068981 0.000001
vn -0.997618 -0.068981 0.000001
vn -0.997618 -0.068981 0.000001
vn -0.997618 -0.06898 0.000003
vn -0.997618 -0.06898 0.000003
vn -0.997618 -0.06898 0.000003
vn -0.997618 -0.068981 0.000001
vn -0.997618 -0.06898 0.000001
vn -0.997618 -0.068981 0.000001
vn -0.997618 -0.068978 0.000003
vn -0.997618 -0.06898 0.000001
vn -0.997618 -0.068978 0.000003
vn -0.997618 -0.068977 0.000002
vn -0.997618 -0.068976 0.000003
vn -0.997618 -0.068977 0.000002
vn -0.997618 -0.06898 0
vn -0.997618 -0.068979 0.000001
vn -0.997618 -0.06898 0
vn -0.997618 -0.068979 0
vn -0.997618 -0.068979 0
vn -0.997618 -0.068979 0
vn -0.997618 -0.068979 -0.000001
vn -0.997618 -0.06898 0
vn -0.997618 -0.068979 -0.000001
vn -0.997618 -0.068976 -0.000003
vn -0.997618 -0.068977 -0.000003
vn -0.997618 -0.068976 -0.000003
vn -0.997618 -0.06898 -0.000001
vn -0.997618 -0.068978 -0.000003
vn -0.997618 -0.06898 -0.000001
vn -0.997618 -0.06898 -0.000001
vn -0.997618 -0.06898 -0.000001
vn -0.997618 -0.06898 -0.000001
vn -0.997618 -0.06898 -0.000003
vn -0.997618 -0.06898 -0.000003
vn -0.997618 -0.06898 -0.000003
vn -0.997618 -0.068981 -0.000001
vn -0.997618 -0.068981 -0.000001
vn -0.997618 -0.068981 -0.000001
vn -0.997618 -0.068981 -0.000002
vn -0.997618 -0.068981 -0.000002
vn -0.997618 -0.068981 -0.000002
vn -0.997618 -0.06898 0
vn -0.997618 -0.068981 -0.000001
vn -0.997618 -0.06898 0
vn -0.997618 -0.06898 0.000001
vn -0.997618 -0.06898 0.000001
vn -0.997618 -0.06898 0.000001
vn -0.997618 -0.068982 -0.000001
vn -0.997618 -0.068981 0
vn -0.997618 -0.068982 -0.000001
vn -0.997618 -0.068983 0
vn -0.997618 -0.068981 0
vn -0.997618 -0.068983 0
vn -0.997618 -0.068984 0
vn -0.997618 -0.068984 0
vn -0.997618 -0.068982 0
vn -0.997618 -0.068985 0.000001
vn -0.997618 -0.068984 0.000001
vn -0.997618 -0.068985 0.000001
vn -0.997618 -0.068981 -0.000001
vn -0.997618 -0.068983 0.000001
vn -0.997618 -0.068981 -0.000001
vn -0.997618 -0.06898 -0.000001
vn -0.997618 -0.06898 -0.000002
vn -0.997618 -0.06898 -0.000001
vn -0.997618 -0.068982 0.000002
vn -0.997618 -0.068982 0.000002
vn -0.997618 -0.068982 0.000002
vn -0.997618 -0.06898 -0.000001
vn -0.997618 -0.068981 0
vn -0.997618 -0.06898 -0.000001
vn -0.997618 -0.068981 0
vn -0.997618 -0.068981 -0.000001
vn -0.997618 -0.068981 0
vn -0.997618 -0.06898 0.000002
vn -0.997618 -0.068981 0.000001
vn -0.997618 -0.06898 0.000002
vn -0.997618 -0.068981 0.000001
vn -0.997618 -0.068979 0.000002
vn -0.997618 -0.068981 0.000001
vn -0.997618 -0.068981 -0.000001
vn -0.997618 -0.068982 -0.000001
vn -0.997618 -0.068981 -0.000001
vn -0.997618 -0.068976 0.000003
vn -0.997618 -0.068978 0.000001
vn -0.997618 -0.068976 0.000003
vn -0.997618 -0.06898 0.000001
vn -0.997618 -0.068978 0.000001
vn -0.997618 -0.06898 0.000001
vn -0.997618 -0.06898 0
vn -0.997618 -0.06898 0
vn -0.997618 -0.06898 0
vn -0.997618 -0.068978 -0.000001
vn -0.997618 -0.06898 0
vn -0.997618 -0.068978 -0.000001
vn -0.997618 -0.068978 -0.000002
vn -0.997618 -0.068977 -0.000003
vn -0.997618 -0.068978 -0.000002
vn -0.997618 -0.068982 0.000001
vn -0.997618 -0.068981 0.000001
vn -0.997618 -0.068982 0.000001
vn -0.997618 -0.06898 -0.000002
vn -0.997618 -0.068981 -0.000001
vn -0.997618 -0.06898 -0.000002
vn -0.997618 -0.068981 -0.000001
vn -0.997618 -0.06898 -0.000002
vn -0.997618 -0.068981 -0.000001
vn -0.997618 -0.068981 0.000001
vn -0.997618 -0.068981 0
vn -0.997618 -0.068981 0.000001
vn -0.997618 -0.068981 0
vn -0.997618 -0.06898 0.000001
vn -0.997618 -0.068981 0
vn -0.997618 -0.068982 -0.000002
vn -0.997618 -0.068982 -0.000002
vn -0.997618 -0.068982 -0.000002
vn -0.997618 -0.068979 0.000001
vn -0.997618 -0.06898 0
vn -0.997618 -0.068979 0.000001
vn -0.997618 -0.068983 -0.000001
vn -0.997618 -0.06898 0
vn -0.997618 -0.068983 -0.000001
vn -0.997618 -0.068985 -0.000001
vn -0.997618 -0.068985 -0.000001
vn -0.997618 -0.068985 -0.000001
vn -0.997618 -0.068982 0
vn -0.997618 -0.068982 0
vn -0.949127 0.314332 -0.018774
vn -0.947614 0.293101 -0.126963
vn -0.985953 0.157364 -0.05597
vn -0.448494 0.89262 -0.045637
vn -0.4448 0.840801 -0.308555
vn -0.446581 0.866582 -0.222714
vn -0.947614 0.293101 -0.126963
vn -0.94412 0.244249 -0.221313
vn -0.984205 0.132732 -0.117145
vn -0.4448 0.840801 -0.308555
vn -0.436287 0.721613 -0.53752
vn -0.439493 0.768024 -0.465817
vn -0.94412 0.244249 -0.221313
vn -0.939253 0.175758 -0.294812
vn -0.981496 0.094313 -0.166644
vn -0.436287 0.721613 -0.53752
vn -0.424434 0.554859 -0.715532
vn -0.428575 0.614749 -0.662124
vn -0.939253 0.175758 -0.294812
vn -0.933598 0.095603 -0.345332
vn -0.978197 0.047224 -0.202241
vn -0.424434 0.554859 -0.715532
vn -0.410697 0.360087 -0.837655
vn -0.415347 0.427355 -0.803028
vn -0.933598 0.095603 -0.345332
vn -0.927582 0.009613 -0.373496
vn -0.974595 -0.004453 -0.223928
vn -0.410697 0.360087 -0.837655
vn -0.396098 0.15144 -0.905634
vn -0.400982 0.222065 -0.888763
vn -0.927582 0.009613 -0.373496
vn -0.921464 -0.078543 -0.380441
vn -0.970879 -0.058073 -0.232426
vn -0.396098 0.15144 -0.905634
vn -0.381258 -0.062312 -0.922366
vn -0.386206 0.009245 -0.922366
vn -0.921464 -0.078543 -0.380441
vn -0.915418 -0.166314 -0.366538
vn -0.967164 -0.111932 -0.228177
vn -0.381258 -0.062312 -0.922366
vn -0.366601 -0.27514 -0.888764
vn -0.371483 -0.204515 -0.905635
vn -0.915418 -0.166314 -0.366538
vn -0.909639 -0.250917 -0.331055
vn -0.963559 -0.164466 -0.210963
vn -0.366601 -0.27514 -0.888764
vn -0.352574 -0.480454 -0.803029
vn -0.357228 -0.413186 -0.837655
vn -0.909639 -0.250917 -0.331055
vn -0.904419 -0.328031 -0.272803
vn -0.960218 -0.213427 -0.180084
vn -0.352574 -0.480454 -0.803029
vn -0.339881 -0.667886 -0.662125
vn -0.344024 -0.607996 -0.715533
vn -0.904419 -0.328031 -0.272803
vn -0.900196 -0.390977 -0.191792
vn -0.957376 -0.25526 -0.135178
vn -0.339881 -0.667886 -0.662125
vn -0.329601 -0.821205 -0.465818
vn -0.332811 -0.774795 -0.537522
vn -0.900196 -0.390977 -0.191792
vn -0.89752 -0.431346 -0.091642
vn -0.955358 -0.285092 -0.077544
vn -0.329601 -0.821205 -0.465818
vn -0.32306 -0.919799 -0.222714
vn -0.324843 -0.894019 -0.308556
vn -0.89752 -0.431346 -0.091642
vn -0.896829 -0.441978 0.018774
vn -0.95448 -0.298056 -0.011466
vn -0.32306 -0.919799 -0.222714
vn -0.321371 -0.945853 0.045637
vn -0.321371 -0.945853 -0.045638
vn -0.896829 -0.441978 0.018774
vn -0.898253 -0.42074 0.126965
vn -0.954911 -0.29157 0.05597
vn -0.321371 -0.945853 0.045637
vn -0.324843 -0.894019 0.308556
vn -0.32306 -0.919799 0.222714
vn -0.898253 -0.42074 0.126965
vn -0.901518 -0.371868 0.221314
vn -0.956569 -0.266931 0.117146
vn -0.324843 -0.894019 0.308556
vn -0.332811 -0.774795 0.537522
vn -0.329601 -0.821205 0.465818
vn -0.901518 -0.371868 0.221314
vn -0.906126 -0.303355 0.294808
vn -0.959176 -0.228501 0.166642
vn -0.332811 -0.774795 0.537522
vn -0.344024 -0.607996 0.715533
vn -0.33988 -0.667886 0.662125
vn -0.906126 -0.303355 0.294808
vn -0.911555 -0.223187 0.345333
vn -0.962388 -0.181406 0.202241
vn -0.344024 -0.607996 0.715533
vn -0.357228 -0.413186 0.837655
vn -0.352575 -0.480454 0.803029
vn -0.911555 -0.223187 0.345333
vn -0.917432 -0.137187 0.373494
vn -0.965933 -0.129726 0.223928
vn -0.357228 -0.413186 0.837655
vn -0.371483 -0.204515 0.905635
vn -0.366601 -0.27514 0.888764
vn -0.917432 -0.137187 0.373494
vn -0.923504 -0.049028 0.380442
vn -0.969632 -0.076105 0.232425
vn -0.371483 -0.204515 0.905635
vn -0.386206 0.009245 0.922366
vn -0.381258 -0.062312 0.922366
vn -0.923504 -0.049028 0.380442
vn -0.929596 0.03874 0.366538
vn -0.973365 -0.022247 0.228179
vn -0.386206 0.009245 0.922366
vn -0.400982 0.222065 0.888764
vn -0.396098 0.15144 0.905634
vn -0.929596 0.03874 0.366538
vn -0.935516 0.123334 0.331055
vn -0.977025 0.030283 0.210963
vn -0.400982 0.222065 0.888764
vn -0.415347 0.427355 0.803028
vn -0.410697 0.360087 0.837655
vn -0.935516 0.123334 0.331055
vn -0.940959 0.200433 0.272805
vn -0.980454 0.07924 0.180086
vn -0.415347 0.427355 0.803028
vn -0.428575 0.614749 0.662123
vn -0.424434 0.554859 0.715532
vn -0.940959 0.200433 0.272805
vn -0.945442 0.263354 0.191789
vn -0.983397 0.121063 0.135178
vn -0.428575 0.614749 0.662123
vn -0.439493 0.768024 0.465817
vn -0.436287 0.721613 0.537521
vn -0.945442 0.263354 0.191789
vn -0.948348 0.303707 0.091641
vn -0.985505 0.150886 0.077543
vn -0.439493 0.768024 0.465817
vn -0.446581 0.866582 0.222714
vn -0.4448 0.840801 0.308555
vn -0.948348 0.303707 0.091641
vn -0.949127 0.314332 -0.018774
vn -0.986419 0.163847 0.011466
vn -0.446581 0.866582 0.222714
vn -0.448494 0.89262 -0.045637
vn -0.448494 0.89262 0.045637
vn -0.068903 0.996396 -0.049468
vn -0.065007 0.940173 -0.334439
vn -0.066943 0.968115 -0.241397
vn 0.066943 -0.968115 0.241396
vn 0.068903 -0.996396 -0.049468
vn 0.068903 -0.996396 0.049469
vn -0.065007 0.940173 -0.334439
vn -0.056069 0.810867 -0.582539
vn -0.059544 0.861163 -0.504829
vn 0.059544 -0.861163 0.504829
vn 0.066943 -0.968115 0.241396
vn 0.065007 -0.940173 0.334438
vn -0.056069 0.810867 -0.582539
vn -0.043568 0.630031 -0.775347
vn -0.048055 0.694927 -0.717473
vn 0.048055 -0.694926 0.717473
vn 0.059544 -0.861163 0.504829
vn 0.056069 -0.810866 0.582539
vn -0.043568 0.630031 -0.775347
vn -0.022067 0.40065 -0.915966
vn -0.034006 0.491788 -0.870051
vn 0.034006 -0.491788 0.87005
vn 0.048055 -0.694926 0.717473
vn 0.043568 -0.630031 0.775347
vn -0.022067 0.40065 -0.915966
vn -0.007094 0.231733 -0.972754
vn -0.018622 0.269331 -0.962868
vn 0.018624 -0.26933 0.962868
vn 0.034006 -0.491788 0.87005
vn 0.028966 -0.418907 0.907567
vn -0.007094 0.231733 -0.972754
vn 0.001296 0.000043 -0.999999
vn -0.00268 0.038761 -0.999245
vn 0.002681 -0.038761 0.999245
vn 0.018624 -0.26933 0.962868
vn 0.013334 -0.192816 0.981144
vn 0.001296 0.000043 -0.999999
vn 0.009112 -0.231671 -0.972752
vn 0.013332 -0.192816 -0.981144
vn -0.013332 0.192817 0.981144
vn 0.002681 -0.038761 0.999245
vn -0.00268 0.038761 0.999245
vn 0.009112 -0.231671 -0.972752
vn 0.016017 -0.456611 -0.889522
vn 0.028966 -0.418906 -0.907567
vn -0.028965 0.418907 0.907567
vn -0.013332 0.192817 0.981144
vn -0.018622 0.269331 0.962868
vn 0.016017 -0.456611 -0.889522
vn 0.021664 -0.664415 -0.74705
vn 0.043564 -0.630031 -0.775347
vn -0.043562 0.630031 0.775347
vn -0.028965 0.418907 0.907567
vn -0.034004 0.491788 0.870051
vn 0.021664 -0.664415 -0.74705
vn 0.025705 -0.838571 -0.544185
vn 0.056066 -0.810867 -0.582539
vn -0.056066 0.810867 0.582539
vn -0.043562 0.630031 0.775347
vn -0.04805 0.694927 0.717473
vn 0.025705 -0.838571 -0.544185
vn 0.027857 -0.957166 -0.288197
vn 0.065007 -0.940173 -0.334439
vn -0.065011 0.940172 0.334439
vn -0.056066 0.810867 0.582539
vn -0.059546 0.861163 0.504829
vn 0.027857 -0.957166 -0.288197
vn 0.028026 -0.999607 0.000001
vn 0.068894 -0.996397 -0.049468
vn -0.068896 0.996397 0.049468
vn -0.065011 0.940172 0.334439
vn -0.066943 0.968115 0.241397
vn 0.028026 -0.999607 0.000001
vn 0.026354 -0.957209 0.288195
vn 0.066939 -0.968115 0.241397
vn -0.066943 0.968115 -0.241397
vn -0.068896 0.996397 0.049468
vn -0.068896 0.996397 -0.049469
vn 0.026354 -0.957209 0.288195
vn 0.023116 -0.838653 0.544175
vn 0.059544 -0.861163 0.504829
vn -0.059546 0.861163 -0.504829
vn -0.066943 0.968115 -0.241397
vn -0.065011 0.940172 -0.334439
vn 0.023116 -0.838653 0.544175
vn 0.018561 -0.664521 0.747039
vn 0.04805 -0.694927 0.717473
vn -0.04805 0.694927 -0.717473
vn -0.059546 0.861163 -0.504829
vn -0.056066 0.810867 -0.582539
vn 0.018561 -0.664521 0.747039
vn 0.012855 -0.456723 0.889516
vn 0.034006 -0.491788 0.870051
vn -0.034004 0.491788 -0.870051
vn -0.04805 0.694927 -0.717473
vn -0.043562 0.630031 -0.775347
vn 0.012855 -0.456723 0.889516
vn 0.006143 -0.231776 0.97275
vn 0.018623 -0.26933 0.962868
vn -0.018622 0.269331 -0.962868
vn -0.034004 0.491788 -0.870051
vn -0.028965 0.418907 -0.907567
vn 0.006143 -0.231776 0.97275
vn -0.001393 -0.00005 0.999999
vn 0.00268 -0.038761 0.999245
vn -0.00268 0.038761 -0.999245
vn -0.018622 0.269331 -0.962868
vn -0.013332 0.192817 -0.981144
vn -0.001393 -0.00005 0.999999
vn -0.009498 0.231652 0.972752
vn -0.013332 0.192817 0.981144
vn 0.013334 -0.192816 -0.981144
vn -0.00268 0.038761 -0.999245
vn 0.002681 -0.038761 -0.999245
vn -0.009498 0.231652 0.972752
vn -0.020869 0.434216 0.900567
vn -0.028965 0.418907 0.907567
vn 0.028966 -0.418906 -0.907567
vn 0.013334 -0.192816 -0.981144
vn 0.018624 -0.26933 -0.962868
vn -0.020869 0.434216 0.900567
vn -0.048055 0.694926 0.717473
vn -0.043568 0.630031 0.775347
vn 0.043568 -0.630031 -0.775347
vn 0.028966 -0.418906 -0.907567
vn 0.034006 -0.491788 -0.870051
vn -0.048055 0.694926 0.717473
vn -0.059544 0.861163 0.504829
vn -0.056069 0.810867 0.582539
vn 0.056069 -0.810866 -0.582539
vn 0.043568 -0.630031 -0.775347
vn 0.048055 -0.694926 -0.717473
vn -0.059544 0.861163 0.504829
vn -0.066943 0.968115 0.241397
vn -0.065007 0.940173 0.334438
vn 0.065007 -0.940173 -0.334439
vn 0.056069 -0.810866 -0.582539
vn 0.059544 -0.861163 -0.504829
vn -0.066943 0.968115 0.241397
vn -0.068903 0.996396 -0.049468
vn -0.068903 0.996396 0.049469
vn 0.068903 -0.996396 -0.049468
vn 0.065007 -0.940173 -0.334439
vn 0.066943 -0.968115 -0.241396
vn 0.999974 0.00721 -0.000317
vn 0.999979 0.006103 -0.002054
vn 0.999975 0.00687 -0.001605
vn -0.999841 -0.010634 -0.014316
vn -0.999963 -0.00819 0.002814
vn -0.999962 -0.008156 -0.002936
vn 0.999979 0.006103 -0.002054
vn 0.999988 0.004103 -0.002773
vn 0.999982 0.005266 -0.002868
vn -0.9994 -0.021477 -0.027169
vn -0.999841 -0.010634 -0.014316
vn -0.999716 -0.015043 -0.018456
vn 0.999988 0.004103 -0.002773
vn 0.999994 0.002246 -0.002649
vn 0.999991 0.003155 -0.002998
vn -0.998723 -0.039395 -0.031643
vn -0.9994 -0.021477 -0.027169
vn -0.99921 -0.028492 -0.027689
vn -0.003476 0.826689 0.562649
vn -0.003476 0.826688 0.562649
vn -0.003476 0.826689 0.562649
vn -0.003476 0.826689 -0.562649
vn -0.003476 0.826689 -0.562648
vn -0.003476 0.826689 -0.562649
vn 0.999992 0.002789 0.002863
vn 0.999982 0.005238 0.002943
vn 0.999988 0.004153 0.002735
vn -0.999198 -0.028759 0.027877
vn -0.998587 -0.043193 0.030964
vn -0.998822 -0.03654 0.031938
vn 0.999982 0.005238 0.002943
vn 0.999975 0.006859 0.001665
vn 0.999979 0.006126 0.002039
vn -0.999713 -0.015159 0.018529
vn -0.999198 -0.028759 0.027877
vn -0.999415 -0.021308 0.026743
vn 0.999975 0.006859 0.001665
vn 0.999974 0.00721 -0.000317
vn 0.999974 0.007217 0.000342
vn -0.999963 -0.00819 0.002814
vn -0.999713 -0.015159 0.018529
vn -0.999846 -0.010576 0.014004
vn 0.002295 -0.548456 -0.836176
vn 0.002307 -0.548559 -0.836109
vn 0.002295 -0.548456 -0.836176
vn 0.002295 -0.548456 0.836176
vn 0.002306 -0.548353 0.836244
vn 0.002295 -0.548456 0.836176
vn -0.00147 0.328936 -0.944351
vn -0.002244 0.45049 -0.892778
vn -0.000928 0.203451 -0.979085
vn -0.001916 0.390547 0.920581
vn -0.001755 0.39093 0.920419
vn -0.000928 0.203449 0.979085
vn 0 0.942417 -0.334439
vn 0 0.970426 -0.241397
vn 0 0.998776 -0.049469
vn 0 0.812803 -0.582539
vn 0 0.863219 -0.504829
vn 0 0.942417 -0.334439
vn 0 0.631536 -0.775347
vn 0 0.696587 -0.717473
vn 0 0.812803 -0.582539
vn 0 0.419907 -0.907567
vn 0 0.492962 -0.870051
vn 0 0.631536 -0.775347
vn 0 0.193277 -0.981144
vn 0 0.269973 -0.962868
vn 0 0.419907 -0.907567
vn 0 -0.038853 -0.999245
vn 0 0.038853 -0.999245
vn 0 0.193277 -0.981144
vn 0 -0.269974 -0.962868
vn 0 -0.193277 -0.981144
vn 0 -0.038853 -0.999245
vn 0 -0.492962 -0.870051
vn 0 -0.419907 -0.907567
vn 0 -0.269974 -0.962868
vn 0 -0.696586 -0.717473
vn 0 -0.631536 -0.775347
vn 0 -0.492962 -0.870051
vn 0 -0.863219 -0.504829
vn 0 -0.812803 -0.582539
vn 0 -0.696586 -0.717473
vn 0 -0.970426 -0.241397
vn 0 -0.942417 -0.334439
vn 0 -0.863219 -0.504829
vn 0 -0.998776 0.049469
vn 0 -0.998776 -0.049469
vn 0 -0.970426 -0.241397
vn 0 -0.942417 0.334439
vn 0 -0.970426 0.241397
vn 0 -0.998776 0.049469
vn 0 -0.812803 0.582539
vn 0 -0.863219 0.504829
vn 0 -0.942417 0.334439
vn 0 -0.631536 0.775347
vn 0 -0.696586 0.717473
vn 0 -0.812803 0.582539
vn 0 -0.419907 0.907567
vn 0 -0.492962 0.870051
vn 0 -0.631536 0.775347
vn 0 -0.193277 0.981144
vn 0 -0.269974 0.962868
vn 0 -0.419907 0.907567
vn 0 0.038853 0.999245
vn 0 -0.038853 0.999245
vn 0 -0.193277 0.981144
vn 0 0.269973 0.962868
vn 0 0.193277 0.981144
vn 0 0.038853 0.999245
vn 0 0.492962 0.870051
vn 0 0.419907 0.907567
vn 0 0.269973 0.962868
vn 0 0.696587 0.717473
vn 0 0.631536 0.775347
vn 0 0.492962 0.870051
vn 0 0.863219 0.504829
vn 0 0.812803 0.582539
vn 0 0.696587 0.717473
vn 0 0.970426 0.241397
vn 0 0.942417 0.334439
vn 0 0.863219 0.504829
vn 0 0.998776 -0.049469
vn 0 0.998776 0.049469
vn 0 0.970426 0.241397
vn 1 0 0
vn 1 0 0
vn 1 0 0
vn 1 0 0
vn 1 0 0
vn 1 0 0
vn 1 0 0
vn 1 0 0
vn 1 0 0
vn 1 0 0
vn 1 0 0
vn 1 0 0
vn 1 0 0
vn 1 0 0
vn 1 0 0
vn 1 0 0
vn 1 0 0
vn 1 0 0
vn 1 0 0
vn 1 0 0
vn 1 0 0
vn 1 0 0
vn 1 0 0
vn 1 0 0
vn 1 0 0
vn 1 0 0
vn 1 0 0
vn 1 0 0
vn 1 0 0
vn 1 0 0
vn 1 0 0
vn 1 0 0
vn 1 0 0
vn 1 0 0
vn 1 0 0
vn 1 0 0
vn 1 0 0
vn 1 0 0
vn 1 0 0
vn 1 0 0
vn 1 0 0
vn 1 0 0
vn 1 0 0
vn 1 0 0
vn 1 0 0
vn 1 0 0
vn 1 0 0
vn 1 0 0
vn 1 0 0
vn 1 0 0
vn 1 0 0
vn 1 0 0
vn 1 0 0
vn 1 0 0
vn 1 0 0
vn 1 0 0
vn 1 0 0
vn 1 0 0
vn 1 0 0
vn 1 0 0
vn 1 0 0
vn 1 0 0
vn 1 0 0
vn 1 0 0
vn 1 0 0
vn 1 0 0
vn 1 0 0
vn 1 0 0
vn 1 0 0
vn 1 0 0
vn 1 0 0
vn 1 0 0
vn 0.992 -0.122501 0.030472
vn 0.992 0.118965 -0.042217
vn 0.992006 -0.126037 -0.006242
vn 0.991987 -0.109058 0.06378
vn 0.991987 0.102689 -0.073597
vn 0.992 -0.122501 0.030472
vn 0.991972 -0.088091 0.090733
vn 0.991972 0.079865 -0.098051
vn 0.991987 -0.109058 0.06378
vn 0.991958 -0.062391 0.110117
vn 0.991958 0.053145 -0.114865
vn 0.991972 -0.088091 0.090733
vn 0.99195 -0.034186 0.121927
vn 0.99195 0.024474 -0.124241
vn 0.991958 -0.062391 0.110117
vn 0.991947 -0.004921 0.126555
vn 0.991947 -0.004921 -0.126555
vn 0.99195 -0.034186 0.121927
vn 0.99195 0.024474 0.124241
vn 0.99195 -0.034186 -0.121927
vn 0.991947 -0.004921 0.126555
vn 0.991958 0.053145 0.114865
vn 0.991958 -0.062391 -0.110117
vn 0.99195 0.024474 0.124241
vn 0.991972 0.079865 0.098051
vn 0.991972 -0.088091 -0.090733
vn 0.991958 0.053145 0.114865
vn 0.991987 0.102689 0.073597
vn 0.991987 -0.109058 -0.06378
vn 0.991972 0.079865 0.098051
vn 0.992 0.118965 0.042218
vn 0.992 -0.122501 -0.030472
vn 0.991987 0.102689 0.073597
vn 0.992006 0.126037 0.006242
vn 0.992006 -0.126037 0.006242
vn 0.992 0.118965 0.042218
vn 0.992 0.122501 -0.030472
vn 0.992 -0.118965 0.042217
vn 0.992006 0.126037 0.006242
vn 0.991987 0.109058 -0.06378
vn 0.991987 -0.102689 0.073597
vn 0.992 0.122501 -0.030472
vn 0.991971 0.088091 -0.090733
vn 0.991972 -0.079865 0.098051
vn 0.991987 0.109058 -0.06378
vn 0.991958 0.062391 -0.110117
vn 0.991958 -0.053145 0.114865
vn 0.991971 0.088091 -0.090733
vn 0.99195 0.034186 -0.121927
vn 0.99195 -0.024474 0.124241
vn 0.991958 0.062391 -0.110117
vn 0.991947 0.004921 -0.126555
vn 0.991947 0.004921 0.126555
vn 0.99195 0.034186 -0.121927
vn 0.99195 -0.024474 -0.124241
vn 0.99195 0.034186 0.121927
vn 0.991947 0.004921 -0.126555
vn 0.991958 -0.053145 -0.114865
vn 0.991958 0.062391 0.110117
vn 0.99195 -0.024474 -0.124241
vn 0.991972 -0.079865 -0.098051
vn 0.991972 0.088091 0.090733
vn 0.991958 -0.053145 -0.114865
vn 0.991987 -0.102689 -0.073597
vn 0.991987 0.109058 0.063779
vn 0.991972 -0.079865 -0.098051
vn 0.992 -0.118965 -0.042217
vn 0.992 0.1225 0.030472
vn 0.991987 -0.102689 -0.073597
vn 0.992006 -0.126037 -0.006242
vn 0.992006 0.126037 -0.006242
vn 0.992 -0.118965 -0.042217
vn 0.992 0.118965 -0.042217
vn 0.869786 0.469085 -0.153074
vn 0.992006 0.126037 -0.006242
vn 0.501348 0.86522 -0.006664
vn 0.869865 0.493154 -0.011563
vn 0.501206 0.826687 -0.255698
vn 0.501206 0.826687 -0.255698
vn 0.254944 0.93836 -0.23342
vn 0.501348 0.86522 -0.006664
vn 0.992006 -0.126037 -0.006242
vn 0.869865 -0.493154 -0.011563
vn 0.992 -0.122501 0.030472
vn 0.501205 -0.830461 0.243162
vn 0.869786 -0.475634 0.13132
vn 0.50135 -0.865219 -0.006664
vn 0.50135 -0.865219 -0.006664
vn 0.255027 -0.96575 0.047832
vn 0.501205 -0.830461 0.243162
vn 0.991987 0.102689 -0.073597
vn 0.869589 0.408237 -0.277772
vn 0.992 0.118965 -0.042217
vn 0.501206 0.826687 -0.255698
vn 0.869786 0.469085 -0.153074
vn 0.500849 0.722691 -0.476306
vn 0.500849 0.722691 -0.476306
vn 0.254745 0.83474 -0.488174
vn 0.501206 0.826687 -0.255698
vn 0.992 -0.122501 0.030472
vn 0.869786 -0.475634 0.13132
vn 0.991987 -0.109058 0.06378
vn 0.500849 -0.729484 0.465835
vn 0.869589 -0.420032 0.259592
vn 0.501205 -0.830461 0.243162
vn 0.501205 -0.830461 0.243162
vn 0.254946 -0.911276 0.323387
vn 0.500849 -0.729484 0.465835
vn 0.991972 0.079865 -0.098051
vn 0.86936 0.320792 -0.375906
vn 0.991987 0.102689 -0.073597
vn 0.500849 0.722691 -0.476306
vn 0.869589 0.408237 -0.277772
vn 0.500434 0.571077 -0.650721
vn 0.500434 0.571077 -0.650721
vn 0.254509 0.673648 -0.693847
vn 0.500849 0.722691 -0.476306
vn 0.991987 -0.109058 0.06378
vn 0.869589 -0.420032 0.259592
vn 0.991972 -0.088091 0.090733
vn 0.500434 -0.579843 0.642922
vn 0.86936 -0.336022 0.362358
vn 0.500849 -0.729484 0.465835
vn 0.500849 -0.729484 0.465835
vn 0.254745 -0.785987 0.56332
vn 0.500434 -0.579843 0.642922
vn 0.991958 0.053145 -0.114865
vn 0.869168 0.217306 -0.444214
vn 0.991972 0.079865 -0.098051
vn 0.500434 0.571077 -0.650721
vn 0.86936 0.320792 -0.375906
vn 0.500086 0.390663 -0.772849
vn 0.500086 0.390663 -0.772849
vn 0.254313 0.476755 -0.841445
vn 0.500434 0.571077 -0.650721
vn 0.991972 -0.088091 0.090733
vn 0.86936 -0.336022 0.362358
vn 0.991958 -0.062391 0.110117
vn 0.500086 -0.40051 0.767793
vn 0.869167 -0.23442 0.435425
vn 0.500434 -0.579843 0.642922
vn 0.500434 -0.579843 0.642922
vn 0.25451 -0.610739 0.749815
vn 0.500086 -0.40051 0.767793
vn 0.99195 0.024474 -0.124241
vn 0.869046 0.105675 -0.483314
vn 0.991958 0.053145 -0.114865
vn 0.500086 0.390663 -0.772849
vn 0.869168 0.217306 -0.444214
vn 0.499867 0.195594 -0.843727
vn 0.499867 0.195594 -0.843727
vn 0.254189 0.261106 -0.931242
vn 0.500086 0.390663 -0.772849
vn 0.991958 -0.062391 0.110117
vn 0.869167 -0.23442 0.435425
vn 0.99195 -0.034186 0.121927
vn 0.499867 -0.205933 0.841264
vn 0.869046 -0.123648 0.479031
vn 0.500086 -0.40051 0.767793
vn 0.500086 -0.40051 0.767793
vn 0.254314 -0.406101 0.877728
vn 0.499867 -0.205933 0.841264
vn 0.991947 -0.004921 -0.126555
vn 0.869005 -0.009106 -0.49472
vn 0.99195 0.024474 -0.124241
vn 0.499867 0.195594 -0.843727
vn 0.869046 0.105675 -0.483314
vn 0.499793 -0.005237 -0.866129
vn 0.499793 -0.005237 -0.866129
vn 0.254148 0.037578 -0.966435
vn 0.499867 0.195594 -0.843727
vn 0.99195 -0.034186 0.121927
vn 0.869046 -0.123648 0.479031
vn 0.991947 -0.004921 0.126555
vn 0.499793 -0.005237 0.866129
vn 0.869005 -0.009106 0.49472
vn 0.499867 -0.205933 0.841264
vn 0.499867 -0.205933 0.841264
vn 0.25419 -0.186928 0.948918
vn 0.499793 -0.005237 0.866129
vn 0.99195 -0.034186 -0.121927
vn 0.869046 -0.123648 -0.479031
vn 0.991947 -0.004921 -0.126555
vn 0.499793 -0.005237 -0.866129
vn 0.869005 -0.009106 -0.49472
vn 0.499867 -0.205932 -0.841264
vn 0.499867 -0.205932 -0.841264
vn 0.25419 -0.186929 -0.948918
vn 0.499793 -0.005237 -0.866129
vn 0.991947 -0.004921 0.126555
vn 0.869005 -0.009106 0.49472
vn 0.99195 0.024474 0.124241
vn 0.499867 0.195594 0.843727
vn 0.869046 0.105675 0.483314
vn 0.499793 -0.005237 0.866129
vn 0.499793 -0.005237 0.866129
vn 0.254148 0.037578 0.966435
vn 0.499867 0.195594 0.843727
vn 0.991958 -0.062391 -0.110117
vn 0.869168 -0.23442 -0.435425
vn 0.99195 -0.034186 -0.121927
vn 0.499867 -0.205932 -0.841264
vn 0.869046 -0.123648 -0.479031
vn 0.500087 -0.40051 -0.767792
vn 0.500087 -0.40051 -0.767792
vn 0.254314 -0.406101 -0.877728
vn 0.499867 -0.205932 -0.841264
vn 0.99195 0.024474 0.124241
vn 0.869046 0.105675 0.483314
vn 0.991958 0.053145 0.114865
vn 0.500087 0.390663 0.772849
vn 0.869168 0.217306 0.444214
vn 0.499867 0.195594 0.843727
vn 0.499867 0.195594 0.843727
vn 0.25419 0.261106 0.931242
vn 0.500087 0.390663 0.772849
vn 0.991972 -0.088091 -0.090733
vn 0.86936 -0.336022 -0.362357
vn 0.991958 -0.062391 -0.110117
vn 0.500087 -0.40051 -0.767792
vn 0.869168 -0.23442 -0.435425
vn 0.500434 -0.579843 -0.642921
vn 0.500434 -0.579843 -0.642921
vn 0.25451 -0.610739 -0.749815
vn 0.500087 -0.40051 -0.767792
vn 0.991958 0.053145 0.114865
vn 0.869168 0.217306 0.444214
vn 0.991972 0.079865 0.098051
vn 0.500434 0.571076 0.650721
vn 0.86936 0.320792 0.375907
vn 0.500087 0.390663 0.772849
vn 0.500087 0.390663 0.772849
vn 0.254314 0.476755 0.841445
vn 0.500434 0.571076 0.650721
vn 0.991987 -0.109058 -0.06378
vn 0.869589 -0.420032 -0.259592
vn 0.991972 -0.088091 -0.090733
vn 0.500434 -0.579843 -0.642921
vn 0.86936 -0.336022 -0.362357
vn 0.500849 -0.729485 -0.465835
vn 0.500849 -0.729485 -0.465835
vn 0.254745 -0.785987 -0.56332
vn 0.500434 -0.579843 -0.642921
vn 0.991972 0.079865 0.098051
vn 0.86936 0.320792 0.375907
vn 0.991987 0.102689 0.073597
vn 0.500849 0.722691 0.476306
vn 0.869589 0.408237 0.277772
vn 0.500434 0.571076 0.650721
vn 0.500434 0.571076 0.650721
vn 0.25451 0.673648 0.693847
vn 0.500849 0.722691 0.476306
vn 0.992 -0.122501 -0.030472
vn 0.869786 -0.475633 -0.13132
vn 0.991987 -0.109058 -0.06378
vn 0.500849 -0.729485 -0.465835
vn 0.869589 -0.420032 -0.259592
vn 0.501206 -0.830461 -0.243163
vn 0.501206 -0.830461 -0.243163
vn 0.254946 -0.911276 -0.323387
vn 0.500849 -0.729485 -0.465835
vn 0.991987 0.102689 0.073597
vn 0.869589 0.408237 0.277772
vn 0.992 0.118965 0.042218
vn 0.501206 0.826687 0.255698
vn 0.869786 0.469085 0.153074
vn 0.500849 0.722691 0.476306
vn 0.500849 0.722691 0.476306
vn 0.254744 0.83474 0.488174
vn 0.501206 0.826687 0.255698
vn 0.992006 -0.126037 0.006242
vn 0.869865 -0.493154 0.011563
vn 0.992 -0.122501 -0.030472
vn 0.501206 -0.830461 -0.243163
vn 0.869786 -0.475633 -0.13132
vn 0.501349 -0.865219 0.006664
vn 0.501349 -0.865219 0.006664
vn 0.255026 -0.96575 -0.047833
vn 0.501206 -0.830461 -0.243163
vn 0.992 0.118965 0.042218
vn 0.869786 0.469085 0.153074
vn 0.992006 0.126037 0.006242
vn 0.50135 0.865219 0.006664
vn 0.869865 0.493154 0.011563
vn 0.501206 0.826687 0.255698
vn 0.501206 0.826687 0.255698
vn 0.254946 0.938359 0.233419
vn 0.50135 0.865219 0.006664
vn 0.992 -0.118965 0.042217
vn 0.869786 -0.469085 0.153074
vn 0.992006 -0.126037 0.006242
vn 0.501349 -0.865219 0.006664
vn 0.869865 -0.493154 0.011563
vn 0.501206 -0.826687 0.255698
vn 0.501206 -0.826687 0.255698
vn 0.254945 -0.938359 0.23342
vn 0.501349 -0.865219 0.006664
vn 0.992006 0.126037 0.006242
vn 0.869865 0.493154 0.011563
vn 0.992 0.122501 -0.030472
vn 0.501206 0.830461 -0.243163
vn 0.869786 0.475633 -0.13132
vn 0.50135 0.865219 0.006664
vn 0.50135 0.865219 0.006664
vn 0.255027 0.96575 -0.047832
vn 0.501206 0.830461 -0.243163
vn 0.991987 -0.102689 0.073597
vn 0.869589 -0.408237 0.277772
vn 0.992 -0.118965 0.042217
vn 0.501206 -0.826687 0.255698
vn 0.869786 -0.469085 0.153074
vn 0.500849 -0.722691 0.476306
vn 0.500849 -0.722691 0.476306
vn 0.254745 -0.83474 0.488174
vn 0.501206 -0.826687 0.255698
vn 0.992 0.122501 -0.030472
vn 0.869786 0.475633 -0.13132
vn 0.991987 0.109058 -0.06378
vn 0.500849 0.729485 -0.465835
vn 0.869589 0.420032 -0.259592
vn 0.501206 0.830461 -0.243163
vn 0.501206 0.830461 -0.243163
vn 0.254945 0.911276 -0.323387
vn 0.500849 0.729485 -0.465835
vn 0.991972 -0.079865 0.098051
vn 0.86936 -0.320792 0.375906
vn 0.991987 -0.102689 0.073597
vn 0.500849 -0.722691 0.476306
vn 0.869589 -0.408237 0.277772
vn 0.500434 -0.571077 0.650721
vn 0.500434 -0.571077 0.650721
vn 0.25451 -0.673648 0.693847
vn 0.500849 -0.722691 0.476306
vn 0.991987 0.109058 -0.06378
vn 0.869589 0.420032 -0.259592
vn 0.991971 0.088091 -0.090733
vn 0.500434 0.579843 -0.642921
vn 0.86936 0.336022 -0.362357
vn 0.500849 0.729485 -0.465835
vn 0.500849 0.729485 -0.465835
vn 0.254744 0.785987 -0.56332
vn 0.500434 0.579843 -0.642921
vn 0.991958 -0.053145 0.114865
vn 0.869168 -0.217306 0.444214
vn 0.991972 -0.079865 0.098051
vn 0.500434 -0.571077 0.650721
vn 0.86936 -0.320792 0.375906
vn 0.500087 -0.390663 0.772849
vn 0.500087 -0.390663 0.772849
vn 0.254314 -0.476755 0.841445
vn 0.500434 -0.571077 0.650721
vn 0.991971 0.088091 -0.090733
vn 0.86936 0.336022 -0.362357
vn 0.991958 0.062391 -0.110117
vn 0.500087 0.40051 -0.767792
vn 0.869168 0.23442 -0.435425
vn 0.500434 0.579843 -0.642921
vn 0.500434 0.579843 -0.642921
vn 0.25451 0.610739 -0.749815
vn 0.500087 0.40051 -0.767792
vn 0.99195 -0.024474 0.124241
vn 0.869046 -0.105675 0.483314
vn 0.991958 -0.053145 0.114865
vn 0.500087 -0.390663 0.772849
vn 0.869168 -0.217306 0.444214
vn 0.499867 -0.195594 0.843727
vn 0.499867 -0.195594 0.843727
vn 0.25419 -0.261106 0.931242
vn 0.500087 -0.390663 0.772849
vn 0.991958 0.062391 -0.110117
vn 0.869168 0.23442 -0.435425
vn 0.99195 0.034186 -0.121927
vn 0.499867 0.205933 -0.841264
vn 0.869046 0.123648 -0.479031
vn 0.500087 0.40051 -0.767792
vn 0.500087 0.40051 -0.767792
vn 0.254314 0.406101 -0.877728
vn 0.499867 0.205933 -0.841264
vn 0.991947 0.004921 0.126555
vn 0.869005 0.009106 0.49472
vn 0.99195 -0.024474 0.124241
vn 0.499867 -0.195594 0.843727
vn 0.869046 -0.105675 0.483314
vn 0.499793 0.005237 0.866129
vn 0.499793 0.005237 0.866129
vn 0.254148 -0.037578 0.966435
vn 0.499867 -0.195594 0.843727
vn 0.99195 0.034186 -0.121927
vn 0.869046 0.123648 -0.479031
vn 0.991947 0.004921 -0.126555
vn 0.499793 0.005237 -0.866129
vn 0.869005 0.009106 -0.49472
vn 0.499867 0.205933 -0.841264
vn 0.499867 0.205933 -0.841264
vn 0.25419 0.186929 -0.948918
vn 0.499793 0.005237 -0.866129
vn 0.99195 0.034186 0.121927
vn 0.869046 0.123648 0.479031
vn 0.991947 0.004921 0.126555
vn 0.499793 0.005237 0.866129
vn 0.869005 0.009106 0.49472
vn 0.499867 0.205932 0.841264
vn 0.499867 0.205932 0.841264
vn 0.25419 0.186929 0.948918
vn 0.499793 0.005237 0.866129
vn 0.991947 0.004921 -0.126555
vn 0.869005 0.009106 -0.49472
vn 0.99195 -0.024474 -0.124241
vn 0.499867 -0.195594 -0.843727
vn 0.869046 -0.105675 -0.483314
vn 0.499793 0.005237 -0.866129
vn 0.499793 0.005237 -0.866129
vn 0.254148 -0.037578 -0.966435
vn 0.499867 -0.195594 -0.843727
vn 0.991958 0.062391 0.110117
vn 0.869168 0.23442 0.435425
vn 0.99195 0.034186 0.121927
vn 0.499867 0.205932 0.841264
vn 0.869046 0.123648 0.479031
vn 0.500086 0.40051 0.767793
vn 0.500086 0.40051 0.767793
vn 0.254313 0.406101 0.877728
vn 0.499867 0.205932 0.841264
vn 0.99195 -0.024474 -0.124241
vn 0.869046 -0.105675 -0.483314
vn 0.991958 -0.053145 -0.114865
vn 0.500086 -0.390663 -0.772849
vn 0.869168 -0.217306 -0.444214
vn 0.499867 -0.195594 -0.843727
vn 0.499867 -0.195594 -0.843727
vn 0.25419 -0.261106 -0.931242
vn 0.500086 -0.390663 -0.772849
vn 0.991972 0.088091 0.090733
vn 0.86936 0.336021 0.362357
vn 0.991958 0.062391 0.110117
vn 0.500086 0.40051 0.767793
vn 0.869168 0.23442 0.435425
vn 0.500434 0.579843 0.642922
vn 0.500434 0.579843 0.642922
vn 0.254508 0.610739 0.749815
vn 0.500086 0.40051 0.767793
vn 0.991958 -0.053145 -0.114865
vn 0.869168 -0.217306 -0.444214
vn 0.991972 -0.079865 -0.098051
vn 0.500434 -0.571076 -0.650721
vn 0.86936 -0.320792 -0.375907
vn 0.500086 -0.390663 -0.772849
vn 0.500086 -0.390663 -0.772849
vn 0.254313 -0.476754 -0.841445
vn 0.500434 -0.571076 -0.650721
vn 0.991987 0.109058 0.063779
vn 0.869589 0.420032 0.259592
vn 0.991972 0.088091 0.090733
vn 0.500434 0.579843 0.642922
vn 0.86936 0.336021 0.362357
vn 0.500849 0.729485 0.465835
vn 0.500849 0.729485 0.465835
vn 0.254744 0.785987 0.56332
vn 0.500434 0.579843 0.642922
vn 0.991972 -0.079865 -0.098051
vn 0.86936 -0.320792 -0.375907
vn 0.991987 -0.102689 -0.073597
vn 0.500849 -0.722691 -0.476306
vn 0.869589 -0.408237 -0.277772
vn 0.500434 -0.571076 -0.650721
vn 0.500434 -0.571076 -0.650721
vn 0.254511 -0.673648 -0.693846
vn 0.500849 -0.722691 -0.476306
vn 0.992 0.1225 0.030472
vn 0.869786 0.475633 0.131321
vn 0.991987 0.109058 0.063779
vn 0.500849 0.729485 0.465835
vn 0.869589 0.420032 0.259592
vn 0.501205 0.830461 0.243163
vn 0.501205 0.830461 0.243163
vn 0.254946 0.911276 0.323387
vn 0.500849 0.729485 0.465835
vn 0.991987 -0.102689 -0.073597
vn 0.869589 -0.408237 -0.277772
vn 0.992 -0.118965 -0.042217
vn 0.501206 -0.826687 -0.255698
vn 0.869786 -0.469085 -0.153074
vn 0.500849 -0.722691 -0.476306
vn 0.500849 -0.722691 -0.476306
vn 0.254745 -0.83474 -0.488174
vn 0.501206 -0.826687 -0.255698
vn 0.992006 0.126037 -0.006242
vn 0.869865 0.493154 -0.011563
vn 0.992 0.1225 0.030472
vn 0.501205 0.830461 0.243163
vn 0.869786 0.475633 0.131321
vn 0.501348 0.86522 -0.006664
vn 0.501348 0.86522 -0.006664
vn 0.255025 0.965751 0.047833
vn 0.501205 0.830461 0.243163
vn 0.992 -0.118965 -0.042217
vn 0.869786 -0.469085 -0.153074
vn 0.992006 -0.126037 -0.006242
vn 0.50135 -0.865219 -0.006664
vn 0.869865 -0.493154 -0.011563
vn 0.501206 -0.826687 -0.255698
vn 0.501206 -0.826687 -0.255698
vn 0.254946 -0.938359 -0.233418
vn 0.50135 -0.865219 -0.006664
vn -1 0 0
vn -1 0 0
vn -1 0 0
vn -1 0 0
vn -1 0 0
vn -1 0 0
vn -1 0 0
vn -1 0 0
vn -1 0 0
vn -1 0 0
vn -1 0 0
vn -1 0 0
vn -1 0 0
vn -1 0 0
vn -1 0 0
vn -1 0 0
vn -1 0 0
vn -1 0 0
vn -1 0 0
vn -1 0 0
vn -1 0 0
vn -1 0 0
vn -1 0 0
vn -1 0 0
vn -1 0 0
vn -1 0 0
vn -1 0 0
vn -1 0 0
vn -1 0 0
vn -1 0 0
vn -1 0 0
vn -1 0 0
vn -1 0 0
vn -1 0 0
vn -1 0 0
vn -1 0 0
vn -1 0 0
vn -1 0 0
vn -1 0 0
vn -1 0 0
vn -1 0 0
vn -1 0 0
vn -1 0 0
vn -1 0 0
vn -1 0 0
vn -1 0 0
vn -1 0 0
vn -1 0 0
vn -1 0 0
vn -1 0 0
vn -1 0 0
vn -1 0 0
vn -1 0 0
vn -1 0 0
vn -1 0 0
vn -1 0 0
vn -1 0 0
vn -1 0 0
vn -1 0 0
vn -1 0 0
vn -1 0 0
vn -1 0 0
vn -1 0 0
vn -1 0 0
vn -1 0 0
vn -1 0 0
vn -1 0 0
vn -1 0 0
vn -1 0 0
vn -1 0 0
vn -1 0 0
vn -1 0 0
vn 0 0.998776 0.049468
vn 0 0.998776 -0.049468
vn 0 0.970426 -0.241397
vn 0 0.970426 -0.241397
vn 0 0.942417 -0.334439
vn 0 0.863219 -0.50483
vn 0 0.863219 -0.50483
vn 0 0.812802 -0.582539
vn 0 0.696586 -0.717473
vn 0 0.696586 -0.717473
vn 0 0.631536 -0.775347
vn 0 0.492963 -0.87005
vn 0 0.492963 -0.87005
vn 0 0.419907 -0.907567
vn 0 0.269973 -0.962868
vn 0 0.269973 -0.962868
vn 0 0.193277 -0.981144
vn 0 0.038853 -0.999245
vn 0 0.038853 -0.999245
vn 0 -0.038853 -0.999245
vn 0 -0.193277 -0.981144
vn 0 -0.193277 -0.981144
vn 0 -0.269974 -0.962868
vn 0 -0.419907 -0.907567
vn 0 -0.419907 -0.907567
vn 0 -0.492963 -0.87005
vn 0 -0.631536 -0.775347
vn 0 -0.631536 -0.775347
vn 0 -0.696586 -0.717473
vn 0 -0.812803 -0.582539
vn 0 -0.812803 -0.582539
vn 0 -0.863219 -0.504829
vn 0 -0.942417 -0.334439
vn 0 -0.942417 -0.334439
vn 0 -0.970426 -0.241397
vn 0 -0.998776 -0.049468
vn 0 -0.998776 -0.049468
vn 0 -0.998776 0.049468
vn 0 -0.970426 0.241397
vn 0 -0.970426 0.241397
vn 0 -0.942417 0.334439
vn 0 -0.863219 0.504829
vn 0 -0.863219 0.504829
vn 0 -0.812803 0.582539
vn 0 -0.696586 0.717473
vn 0 -0.696586 0.717473
vn 0 -0.631536 0.775347
vn 0 -0.492963 0.87005
vn 0 -0.492963 0.87005
vn 0 -0.419907 0.907567
vn 0 -0.269974 0.962868
vn 0 -0.269974 0.962868
vn 0 -0.193277 0.981144
vn 0 -0.038853 0.999245
vn 0 -0.038853 0.999245
vn 0 0.038853 0.999245
vn 0 0.193277 0.981144
vn 0 0.193277 0.981144
vn 0 0.269973 0.962868
vn 0 0.419907 0.907567
vn 0 0.419907 0.907567
vn 0 0.492963 0.87005
vn 0 0.631536 0.775347
vn 0 0.631536 0.775347
vn 0 0.696586 0.717473
vn 0 0.812802 0.582539
vn 0 0.812802 0.582539
vn 0 0.863219 0.50483
vn 0 0.942417 0.334439
vn 0 0.942417 0.334439
vn 0 0.970426 0.241397
vn 0 0.998776 0.049468
vn 0.877218 0.479503 0.023749
vn 0.877218 0.479503 -0.023749
vn 0.875931 0.468064 -0.116877
vn 0.875931 0.468064 -0.116877
vn 0.874681 0.456645 -0.162509
vn 0.871197 0.423437 -0.24843
vn 0.871197 0.423437 -0.24843
vn 0.869062 0.401696 -0.288741
vn 0.864382 0.34976 -0.361264
vn 0.864382 0.34976 -0.361264
vn 0.861964 0.31962 -0.393524
vn 0.857373 0.253246 -0.448083
vn 0.857373 0.253246 -0.448083
vn 0.855319 0.217054 -0.470443
vn 0.852013 0.141052 -0.50416
vn 0.852013 0.141052 -0.50416
vn 0.850845 0.101261 -0.515567
vn 0.849646 0.020489 -0.526955
vn 0.849646 0.020489 -0.526955
vn 0.849646 -0.020489 -0.526955
vn 0.850845 -0.101261 -0.515567
vn 0.850845 -0.101261 -0.515567
vn 0.852013 -0.141052 -0.50416
vn 0.855319 -0.217054 -0.470443
vn 0.855319 -0.217054 -0.470443
vn 0.857372 -0.253246 -0.448083
vn 0.861964 -0.31962 -0.393524
vn 0.861964 -0.31962 -0.393524
vn 0.864381 -0.349761 -0.361265
vn 0.869062 -0.401697 -0.288742
vn 0.869062 -0.401697 -0.288742
vn 0.871197 -0.423437 -0.24843
vn 0.874681 -0.456645 -0.162509
vn 0.874681 -0.456645 -0.162509
vn 0.875932 -0.468064 -0.116877
vn 0.877219 -0.479502 -0.023749
vn 0.877219 -0.479502 -0.023749
vn 0.877219 -0.479502 0.023749
vn 0.875932 -0.468064 0.116877
vn 0.875932 -0.468064 0.116877
vn 0.874681 -0.456645 0.162509
vn 0.871197 -0.423437 0.24843
vn 0.871197 -0.423437 0.24843
vn 0.869062 -0.401696 0.288742
vn 0.864381 -0.349761 0.361265
vn 0.864381 -0.349761 0.361265
vn 0.861964 -0.31962 0.393524
vn 0.857372 -0.253246 0.448083
vn 0.857372 -0.253246 0.448083
vn 0.855319 -0.217054 0.470443
vn 0.852013 -0.141052 0.50416
vn 0.852013 -0.141052 0.50416
vn 0.850845 -0.101261 0.515567
vn 0.849646 -0.020489 0.526955
vn 0.849646 -0.020489 0.526955
vn 0.849646 0.020489 0.526955
vn 0.850845 0.101261 0.515567
vn 0.850845 0.101261 0.515567
vn 0.852013 0.141052 0.50416
vn 0.855319 0.217054 0.470443
vn 0.855319 0.217054 0.470443
vn 0.857373 0.253246 0.448083
vn 0.861964 0.31962 0.393524
vn 0.861964 0.31962 0.393524
vn 0.864382 0.34976 0.361264
vn 0.869062 0.401696 0.288741
vn 0.869062 0.401696 0.288741
vn 0.871197 0.423436 0.24843
vn 0.874681 0.456645 0.162509
vn 0.874681 0.456645 0.162509
vn 0.875931 0.468064 0.116877
vn 0.877218 0.479503 0.023749
vn 0 0.998776 0.049468
vn 0 0.998776 -0.049468
vn 0 0.970427 -0.241396
vn 0 0.970427 -0.241396
vn 0 0.942418 -0.334438
vn 0 0.863219 -0.504829
vn 0 0.863219 -0.504829
vn 0 0.812803 -0.582539
vn 0 0.696586 -0.717473
vn 0 0.696586 -0.717473
vn 0 0.631536 -0.775347
vn -0.000453 0.434875 -0.900491
vn -0.000453 0.434875 -0.900491
vn 0 0.419907 -0.907567
vn -0.000179 0.231847 -0.972752
vn -0.000179 0.231847 -0.972752
vn 0 0.193277 -0.981144
vn -0.000052 -0.000046 -1
vn -0.000052 -0.000046 -1
vn 0 -0.038853 -0.999245
vn -0.000528 -0.23194 -0.97273
vn -0.000528 -0.23194 -0.97273
vn 0 -0.269973 -0.962868
vn -0.001641 -0.45701 -0.88946
vn -0.001641 -0.45701 -0.88946
vn 0 -0.492963 -0.87005
vn -0.003246 -0.66487 -0.746952
vn -0.003246 -0.66487 -0.746952
vn 0 -0.696586 -0.717473
vn -0.004958 -0.839009 -0.544095
vn -0.004958 -0.839009 -0.544095
vn 0 -0.863219 -0.504829
vn -0.006207 -0.957556 -0.288179
vn -0.006207 -0.957556 -0.288179
vn 0 -0.970426 -0.241397
vn -0.006486 -0.999979 -0.000082
vn -0.006486 -0.999979 -0.000082
vn 0 -0.998776 0.049468
vn -0.005672 -0.957597 0.288053
vn -0.005672 -0.957597 0.288053
vn 0 -0.942418 0.334439
vn -0.004112 -0.839045 0.544046
vn -0.004112 -0.839045 0.544046
vn 0 -0.812803 0.582539
vn -0.002389 -0.664861 0.746963
vn -0.002389 -0.664861 0.746963
vn 0 -0.631536 0.775347
vn -0.001002 -0.456953 0.88949
vn -0.001002 -0.456953 0.88949
vn 0 -0.419907 0.907567
vn -0.000207 -0.231853 0.972751
vn -0.000207 -0.231853 0.972751
vn 0 -0.193277 0.981144
vn -0.000045 0.000046 1
vn -0.000045 0.000046 1
vn 0 0.038853 0.999245
vn -0.000422 0.231922 0.972734
vn -0.000422 0.231922 0.972734
vn 0 0.269973 0.962868
vn -0.000364 0.40122 0.915982
vn -0.000364 0.40122 0.915982
vn 0 0.492963 0.87005
vn 0 0.631536 0.775347
vn 0 0.631536 0.775347
vn 0 0.696586 0.717473
vn 0 0.812803 0.582539
vn 0 0.812803 0.582539
vn 0 0.863219 0.504829
vn 0 0.942418 0.334438
vn 0 0.942418 0.334438
vn 0 0.970427 0.241396
vn 0 0.998776 0.049468
vn -0.007398 0.998748 0.049463
vn -0.007398 0.998753 -0.049378
vn -0.007126 0.97048 -0.241076
vn -0.007126 0.97048 -0.241076
vn -0.006673 0.942478 -0.334202
vn -0.005945 0.863482 -0.504345
vn -0.005945 0.863482 -0.504345
vn -0.005166 0.81298 -0.582269
vn -0.003777 0.665044 -0.746794
vn -0.00147 0.328936 -0.944351
vn -0.003777 0.665044 -0.746794
vn -0.002244 0.45049 -0.892778
vn -0.022067 0.40065 -0.915966
vn -0.000453 0.434875 -0.900491
vn -0.007094 0.231733 -0.972754
vn -0.007094 0.231733 -0.972754
vn -0.000179 0.231847 -0.972752
vn 0.001296 0.000043 -0.999999
vn 0.001296 0.000043 -0.999999
vn -0.000052 -0.000046 -1
vn 0.009112 -0.231671 -0.972752
vn 0.009112 -0.231671 -0.972752
vn -0.000528 -0.23194 -0.97273
vn 0.016017 -0.456611 -0.889522
vn 0.016017 -0.456611 -0.889522
vn -0.001641 -0.45701 -0.88946
vn 0.021664 -0.664415 -0.74705
vn 0.021664 -0.664415 -0.74705
vn -0.003246 -0.66487 -0.746952
vn 0.025705 -0.838571 -0.544185
vn 0.025705 -0.838571 -0.544185
vn -0.004958 -0.839009 -0.544095
vn 0.027857 -0.957166 -0.288197
vn 0.027857 -0.957166 -0.288197
vn -0.006207 -0.957556 -0.288179
vn 0.028026 -0.999607 0.000001
vn 0.028026 -0.999607 0.000001
vn -0.006486 -0.999979 -0.000082
vn 0.026354 -0.957209 0.288195
vn 0.026354 -0.957209 0.288195
vn -0.005672 -0.957597 0.288053
vn 0.023116 -0.838653 0.544175
vn 0.023116 -0.838653 0.544175
vn -0.004112 -0.839045 0.544046
vn 0.018561 -0.664521 0.747039
vn 0.018561 -0.664521 0.747039
vn -0.002389 -0.664861 0.746963
vn 0.012855 -0.456723 0.889516
vn 0.012855 -0.456723 0.889516
vn -0.001002 -0.456953 0.88949
vn 0.006143 -0.231776 0.97275
vn 0.006143 -0.231776 0.97275
vn -0.000207 -0.231853 0.972751
vn -0.001393 -0.00005 0.999999
vn -0.001393 -0.00005 0.999999
vn -0.000045 0.000046 1
vn -0.009498 0.231652 0.972752
vn -0.009498 0.231652 0.972752
vn -0.000422 0.231922 0.972734
vn -0.020869 0.434216 0.900567
vn -0.001755 0.39093 0.920419
vn -0.001916 0.390547 0.920581
vn -0.003337 0.632031 0.774936
vn -0.003337 0.632031 0.774936
vn -0.004198 0.696818 0.717235
vn -0.005167 0.813123 0.582069
vn -0.005167 0.813123 0.582069
vn -0.005944 0.863331 0.504603
vn -0.006673 0.942508 0.334116
vn -0.006673 0.942508 0.334116
vn -0.007126 0.970425 0.241297
vn -0.007398 0.998748 0.049463
vn -0.997618 -0.068984 0
vn -0.997618 -0.068984 0
vn -0.997618 -0.068983 0
vn -0.997618 -0.068983 0
vn -0.997618 -0.068981 0
vn -0.997618 -0.068981 0.000001
vn -0.997618 -0.068981 0.000001
vn -0.997618 -0.068981 0
vn -0.997618 -0.06898 -0.000001
vn -0.997618 -0.06898 -0.000001
vn -0.997618 -0.06898 -0.000001
vn -0.997618 -0.06898 0
vn -0.997618 -0.06898 0
vn -0.997618 -0.068981 0.000001
vn -0.997618 -0.068981 0.000002
vn -0.997618 -0.068981 0.000002
vn -0.997618 -0.068981 0.000002
vn -0.997618 -0.068981 0.000001
vn -0.997618 -0.068981 0.000001
vn -0.997618 -0.068981 0.000001
vn -0.997618 -0.06898 0.000003
vn -0.997618 -0.06898 0.000003
vn -0.997618 -0.06898 0.000003
vn -0.997618 -0.06898 0.000001
vn -0.997618 -0.06898 0.000001
vn -0.997618 -0.068981 0.000001
vn -0.997618 -0.06898 0.000001
vn -0.997618 -0.06898 0.000001
vn -0.997618 -0.068978 0.000003
vn -0.997618 -0.068976 0.000003
vn -0.997618 -0.068976 0.000003
vn -0.997618 -0.068977 0.000002
vn -0.997618 -0.068979 0.000001
vn -0.997618 -0.068979 0.000001
vn -0.997618 -0.06898 0
vn -0.997618 -0.068979 0
vn -0.997618 -0.068979 0
vn -0.997618 -0.068979 0
vn -0.997618 -0.06898 0
vn -0.997618 -0.06898 0
vn -0.997618 -0.068979 -0.000001
vn -0.997618 -0.068977 -0.000003
vn -0.997618 -0.068977 -0.000003
vn -0.997618 -0.068976 -0.000003
vn -0.997618 -0.068978 -0.000003
vn -0.997618 -0.068978 -0.000003
vn -0.997618 -0.06898 -0.000001
vn -0.997618 -0.06898 -0.000001
vn -0.997618 -0.06898 -0.000001
vn -0.997618 -0.06898 -0.000001
vn -0.997618 -0.06898 -0.000003
vn -0.997618 -0.06898 -0.000003
vn -0.997618 -0.06898 -0.000003
vn -0.997618 -0.068981 -0.000001
vn -0.997618 -0.068981 -0.000001
vn -0.997618 -0.068981 -0.000001
vn -0.997618 -0.068981 -0.000002
vn -0.997618 -0.068981 -0.000002
vn -0.997618 -0.068981 -0.000002
vn -0.997618 -0.068981 -0.000001
vn -0.997618 -0.068981 -0.000001
vn -0.997618 -0.06898 0
vn -0.997618 -0.06898 0.000001
vn -0.997618 -0.06898 0.000001
vn -0.997618 -0.06898 0.000001
vn -0.997618 -0.068981 0
vn -0.997618 -0.068981 0
vn -0.997618 -0.068982 -0.000001
vn -0.997618 -0.068981 0
vn -0.997618 -0.068981 0
vn -0.997618 -0.068983 0
vn -0.997618 -0.068984 0
vn -0.997618 -0.068982 0
vn -0.997618 -0.068982 0
vn -0.997618 -0.068984 0.000001
vn -0.997618 -0.068984 0.000001
vn -0.997618 -0.068985 0.000001
vn -0.997618 -0.068983 0.000001
vn -0.997618 -0.068983 0.000001
vn -0.997618 -0.068981 -0.000001
vn -0.997618 -0.06898 -0.000002
vn -0.997618 -0.06898 -0.000002
vn -0.997618 -0.06898 -0.000001
vn -0.997618 -0.068982 0.000002
vn -0.997618 -0.068982 0.000002
vn -0.997618 -0.068982 0.000002
vn -0.997618 -0.068981 0
vn -0.997618 -0.068981 0
vn -0.997618 -0.06898 -0.000001
vn -0.997618 -0.068981 -0.000001
vn -0.997618 -0.068981 -0.000001
vn -0.997618 -0.068981 0
vn -0.997618 -0.068981 0.000001
vn -0.997618 -0.068981 0.000001
vn -0.997618 -0.06898 0.000002
vn -0.997618 -0.068979 0.000002
vn -0.997618 -0.068979 0.000002
vn -0.997618 -0.068981 0.000001
vn -0.997618 -0.068982 -0.000001
vn -0.997618 -0.068982 -0.000001
vn -0.997618 -0.068981 -0.000001
vn -0.997618 -0.068978 0.000001
vn -0.997618 -0.068978 0.000001
vn -0.997618 -0.068976 0.000003
vn -0.997618 -0.068978 0.000001
vn -0.997618 -0.068978 0.000001
vn -0.997618 -0.06898 0.000001
vn -0.997618 -0.06898 0
vn -0.997618 -0.06898 0
vn -0.997618 -0.06898 0
vn -0.997618 -0.06898 0
vn -0.997618 -0.06898 0
vn -0.997618 -0.068978 -0.000001
vn -0.997618 -0.068977 -0.000003
vn -0.997618 -0.068977 -0.000003
vn -0.997618 -0.068978 -0.000002
vn -0.997618 -0.068981 0.000001
vn -0.997618 -0.068981 0.000001
vn -0.997618 -0.068982 0.000001
vn -0.997618 -0.068981 -0.000001
vn -0.997618 -0.068981 -0.000001
vn -0.997618 -0.06898 -0.000002
vn -0.997618 -0.06898 -0.000002
vn -0.997618 -0.06898 -0.000002
vn -0.997618 -0.068981 -0.000001
vn -0.997618 -0.068981 0
vn -0.997618 -0.068981 0
vn -0.997618 -0.068981 0.000001
vn -0.997618 -0.06898 0.000001
vn -0.997618 -0.06898 0.000001
vn -0.997618 -0.068981 0
vn -0.997618 -0.068982 -0.000002
vn -0.997618 -0.068982 -0.000002
vn -0.997618 -0.068982 -0.000002
vn -0.997618 -0.06898 0
vn -0.997618 -0.06898 0
vn -0.997618 -0.068979 0.000001
vn -0.997618 -0.06898 0
vn -0.997618 -0.06898 0
vn -0.997618 -0.068983 -0.000001
vn -0.997618 -0.068985 -0.000001
vn -0.997618 -0.068985 -0.000001
vn -0.997618 -0.068985 -0.000001
vn -0.997618 -0.068982 0
vn -0.986419 0.163847 0.011466
vn -0.949127 0.314332 -0.018774
vn -0.985953 0.157364 -0.05597
vn -0.448494 0.89262 0.045637
vn -0.448494 0.89262 -0.045637
vn -0.446581 0.866582 -0.222714
vn -0.985953 0.157364 -0.05597
vn -0.947614 0.293101 -0.126963
vn -0.984205 0.132732 -0.117145
vn -0.446581 0.866582 -0.222714
vn -0.4448 0.840801 -0.308555
vn -0.439493 0.768024 -0.465817
vn -0.984205 0.132732 -0.117145
vn -0.94412 0.244249 -0.221313
vn -0.981496 0.094313 -0.166644
vn -0.439493 0.768024 -0.465817
vn -0.436287 0.721613 -0.53752
vn -0.428575 0.614749 -0.662124
vn -0.981496 0.094313 -0.166644
vn -0.939253 0.175758 -0.294812
vn -0.978197 0.047224 -0.202241
vn -0.428575 0.614749 -0.662124
vn -0.424434 0.554859 -0.715532
vn -0.415347 0.427355 -0.803028
vn -0.978197 0.047224 -0.202241
vn -0.933598 0.095603 -0.345332
vn -0.974595 -0.004453 -0.223928
vn -0.415347 0.427355 -0.803028
vn -0.410697 0.360087 -0.837655
vn -0.400982 0.222065 -0.888763
vn -0.974595 -0.004453 -0.223928
vn -0.927582 0.009613 -0.373496
vn -0.970879 -0.058073 -0.232426
vn -0.400982 0.222065 -0.888763
vn -0.396098 0.15144 -0.905634
vn -0.386206 0.009245 -0.922366
vn -0.970879 -0.058073 -0.232426
vn -0.921464 -0.078543 -0.380441
vn -0.967164 -0.111932 -0.228177
vn -0.386206 0.009245 -0.922366
vn -0.381258 -0.062312 -0.922366
vn -0.371483 -0.204515 -0.905635
vn -0.967164 -0.111932 -0.228177
vn -0.915418 -0.166314 -0.366538
vn -0.963559 -0.164466 -0.210963
vn -0.371483 -0.204515 -0.905635
vn -0.366601 -0.27514 -0.888764
vn -0.357228 -0.413186 -0.837655
vn -0.963559 -0.164466 -0.210963
vn -0.909639 -0.250917 -0.331055
vn -0.960218 -0.213427 -0.180084
vn -0.357228 -0.413186 -0.837655
vn -0.352574 -0.480454 -0.803029
vn -0.344024 -0.607996 -0.715533
vn -0.960218 -0.213427 -0.180084
vn -0.904419 -0.328031 -0.272803
vn -0.957376 -0.25526 -0.135178
vn -0.344024 -0.607996 -0.715533
vn -0.339881 -0.667886 -0.662125
vn -0.332811 -0.774795 -0.537522
vn -0.957376 -0.25526 -0.135178
vn -0.900196 -0.390977 -0.191792
vn -0.955358 -0.285092 -0.077544
vn -0.332811 -0.774795 -0.537522
vn -0.329601 -0.821205 -0.465818
vn -0.324843 -0.894019 -0.308556
vn -0.955358 -0.285092 -0.077544
vn -0.89752 -0.431346 -0.091642
vn -0.95448 -0.298056 -0.011466
vn -0.324843 -0.894019 -0.308556
vn -0.32306 -0.919799 -0.222714
vn -0.321371 -0.945853 -0.045638
vn -0.95448 -0.298056 -0.011466
vn -0.896829 -0.441978 0.018774
vn -0.954911 -0.29157 0.05597
vn -0.321371 -0.945853 -0.045638
vn -0.321371 -0.945853 0.045637
vn -0.32306 -0.919799 0.222714
vn -0.954911 -0.29157 0.05597
vn -0.898253 -0.42074 0.126965
vn -0.956569 -0.266931 0.117146
vn -0.32306 -0.919799 0.222714
vn -0.324843 -0.894019 0.308556
vn -0.329601 -0.821205 0.465818
vn -0.956569 -0.266931 0.117146
vn -0.901518 -0.371868 0.221314
vn -0.959176 -0.228501 0.166642
vn -0.329601 -0.821205 0.465818
vn -0.332811 -0.774795 0.537522
vn -0.33988 -0.667886 0.662125
vn -0.959176 -0.228501 0.166642
vn -0.906126 -0.303355 0.294808
vn -0.962388 -0.181406 0.202241
vn -0.33988 -0.667886 0.662125
vn -0.344024 -0.607996 0.715533
vn -0.352575 -0.480454 0.803029
vn -0.962388 -0.181406 0.202241
vn -0.911555 -0.223187 0.345333
vn -0.965933 -0.129726 0.223928
vn -0.352575 -0.480454 0.803029
vn -0.357228 -0.413186 0.837655
vn -0.366601 -0.27514 0.888764
vn -0.965933 -0.129726 0.223928
vn -0.917432 -0.137187 0.373494
vn -0.969632 -0.076105 0.232425
vn -0.366601 -0.27514 0.888764
vn -0.371483 -0.204515 0.905635
vn -0.381258 -0.062312 0.922366
vn -0.969632 -0.076105 0.232425
vn -0.923504 -0.049028 0.380442
vn -0.973365 -0.022247 0.228179
vn -0.381258 -0.062312 0.922366
vn -0.386206 0.009245 0.922366
vn -0.396098 0.15144 0.905634
vn -0.973365 -0.022247 0.228179
vn -0.929596 0.03874 0.366538
vn -0.977025 0.030283 0.210963
vn -0.396098 0.15144 0.905634
vn -0.400982 0.222065 0.888764
vn -0.410697 0.360087 0.837655
vn -0.977025 0.030283 0.210963
vn -0.935516 0.123334 0.331055
vn -0.980454 0.07924 0.180086
vn -0.410697 0.360087 0.837655
vn -0.415347 0.427355 0.803028
vn -0.424434 0.554859 0.715532
vn -0.980454 0.07924 0.180086
vn -0.940959 0.200433 0.272805
vn -0.983397 0.121063 0.135178
vn -0.424434 0.554859 0.715532
vn -0.428575 0.614749 0.662123
vn -0.436287 0.721613 0.537521
vn -0.983397 0.121063 0.135178
vn -0.945442 0.263354 0.191789
vn -0.985505 0.150886 0.077543
vn -0.436287 0.721613 0.537521
vn -0.439493 0.768024 0.465817
vn -0.4448 0.840801 0.308555
vn -0.985505 0.150886 0.077543
vn -0.948348 0.303707 0.091641
vn -0.986419 0.163847 0.011466
vn -0.4448 0.840801 0.308555
vn -0.446581 0.866582 0.222714
vn -0.448494 0.89262 0.045637
vn -0.068903 0.996396 0.049469
vn -0.068903 0.996396 -0.049468
vn -0.066943 0.968115 -0.241397
vn 0.065007 -0.940173 0.334438
vn 0.066943 -0.968115 0.241396
vn 0.068903 -0.996396 0.049469
vn -0.066943 0.968115 -0.241397
vn -0.065007 0.940173 -0.334439
vn -0.059544 0.861163 -0.504829
vn 0.056069 -0.810866 0.582539
vn 0.059544 -0.861163 0.504829
vn 0.065007 -0.940173 0.334438
vn -0.059544 0.861163 -0.504829
vn -0.056069 0.810867 -0.582539
vn -0.048055 0.694927 -0.717473
vn 0.043568 -0.630031 0.775347
vn 0.048055 -0.694926 0.717473
vn 0.056069 -0.810866 0.582539
vn -0.048055 0.694927 -0.717473
vn -0.043568 0.630031 -0.775347
vn -0.034006 0.491788 -0.870051
vn 0.028966 -0.418907 0.907567
vn 0.034006 -0.491788 0.87005
vn 0.043568 -0.630031 0.775347
vn -0.034006 0.491788 -0.870051
vn -0.022067 0.40065 -0.915966
vn -0.018622 0.269331 -0.962868
vn 0.013334 -0.192816 0.981144
vn 0.018624 -0.26933 0.962868
vn 0.028966 -0.418907 0.907567
vn -0.018622 0.269331 -0.962868
vn -0.007094 0.231733 -0.972754
vn -0.00268 0.038761 -0.999245
vn -0.00268 0.038761 0.999245
vn 0.002681 -0.038761 0.999245
vn 0.013334 -0.192816 0.981144
vn -0.00268 0.038761 -0.999245
vn 0.001296 0.000043 -0.999999
vn 0.013332 -0.192816 -0.981144
vn -0.018622 0.269331 0.962868
vn -0.013332 0.192817 0.981144
vn -0.00268 0.038761 0.999245
vn 0.013332 -0.192816 -0.981144
vn 0.009112 -0.231671 -0.972752
vn 0.028966 -0.418906 -0.907567
vn -0.034004 0.491788 0.870051
vn -0.028965 0.418907 0.907567
vn -0.018622 0.269331 0.962868
vn 0.028966 -0.418906 -0.907567
vn 0.016017 -0.456611 -0.889522
vn 0.043564 -0.630031 -0.775347
vn -0.04805 0.694927 0.717473
vn -0.043562 0.630031 0.775347
vn -0.034004 0.491788 0.870051
vn 0.043564 -0.630031 -0.775347
vn 0.021664 -0.664415 -0.74705
vn 0.056066 -0.810867 -0.582539
vn -0.059546 0.861163 0.504829
vn -0.056066 0.810867 0.582539
vn -0.04805 0.694927 0.717473
vn 0.056066 -0.810867 -0.582539
vn 0.025705 -0.838571 -0.544185
vn 0.065007 -0.940173 -0.334439
vn -0.066943 0.968115 0.241397
vn -0.065011 0.940172 0.334439
vn -0.059546 0.861163 0.504829
vn 0.065007 -0.940173 -0.334439
vn 0.027857 -0.957166 -0.288197
vn 0.068894 -0.996397 -0.049468
vn -0.068896 0.996397 -0.049469
vn -0.068896 0.996397 0.049468
vn -0.066943 0.968115 0.241397
vn 0.068894 -0.996397 -0.049468
vn 0.028026 -0.999607 0.000001
vn 0.066939 -0.968115 0.241397
vn -0.065011 0.940172 -0.334439
vn -0.066943 0.968115 -0.241397
vn -0.068896 0.996397 -0.049469
vn 0.066939 -0.968115 0.241397
vn 0.026354 -0.957209 0.288195
vn 0.059544 -0.861163 0.504829
vn -0.056066 0.810867 -0.582539
vn -0.059546 0.861163 -0.504829
vn -0.065011 0.940172 -0.334439
vn 0.059544 -0.861163 0.504829
vn 0.023116 -0.838653 0.544175
vn 0.04805 -0.694927 0.717473
vn -0.043562 0.630031 -0.775347
vn -0.04805 0.694927 -0.717473
vn -0.056066 0.810867 -0.582539
vn 0.04805 -0.694927 0.717473
vn 0.018561 -0.664521 0.747039
vn 0.034006 -0.491788 0.870051
vn -0.028965 0.418907 -0.907567
vn -0.034004 0.491788 -0.870051
vn -0.043562 0.630031 -0.775347
vn 0.034006 -0.491788 0.870051
vn 0.012855 -0.456723 0.889516
vn 0.018623 -0.26933 0.962868
vn -0.013332 0.192817 -0.981144
vn -0.018622 0.269331 -0.962868
vn -0.028965 0.418907 -0.907567
vn 0.018623 -0.26933 0.962868
vn 0.006143 -0.231776 0.97275
vn 0.00268 -0.038761 0.999245
vn 0.002681 -0.038761 -0.999245
vn -0.00268 0.038761 -0.999245
vn -0.013332 0.192817 -0.981144
vn 0.00268 -0.038761 0.999245
vn -0.001393 -0.00005 0.999999
vn -0.013332 0.192817 0.981144
vn 0.018624 -0.26933 -0.962868
vn 0.013334 -0.192816 -0.981144
vn 0.002681 -0.038761 -0.999245
vn -0.013332 0.192817 0.981144
vn -0.009498 0.231652 0.972752
vn -0.028965 0.418907 0.907567
vn 0.034006 -0.491788 -0.870051
vn 0.028966 -0.418906 -0.907567
vn 0.018624 -0.26933 -0.962868
vn -0.028965 0.418907 0.907567
vn -0.020869 0.434216 0.900567
vn -0.043568 0.630031 0.775347
vn 0.048055 -0.694926 -0.717473
vn 0.043568 -0.630031 -0.775347
vn 0.034006 -0.491788 -0.870051
vn -0.043568 0.630031 0.775347
vn -0.048055 0.694926 0.717473
vn -0.056069 0.810867 0.582539
vn 0.059544 -0.861163 -0.504829
vn 0.056069 -0.810866 -0.582539
vn 0.048055 -0.694926 -0.717473
vn -0.056069 0.810867 0.582539
vn -0.059544 0.861163 0.504829
vn -0.065007 0.940173 0.334438
vn 0.066943 -0.968115 -0.241396
vn 0.065007 -0.940173 -0.334439
vn 0.059544 -0.861163 -0.504829
vn -0.065007 0.940173 0.334438
vn -0.066943 0.968115 0.241397
vn -0.068903 0.996396 0.049469
vn 0.068903 -0.996396 0.049469
vn 0.068903 -0.996396 -0.049468
vn 0.066943 -0.968115 -0.241396
vn 0.999974 0.007217 0.000342
vn 0.999974 0.00721 -0.000317
vn 0.999975 0.00687 -0.001605
vn -0.999716 -0.015043 -0.018456
vn -0.999841 -0.010634 -0.014316
vn -0.999962 -0.008156 -0.002936
vn 0.999975 0.00687 -0.001605
vn 0.999979 0.006103 -0.002054
vn 0.999982 0.005266 -0.002868
vn -0.99921 -0.028492 -0.027689
vn -0.9994 -0.021477 -0.027169
vn -0.999716 -0.015043 -0.018456
vn 0.999982 0.005266 -0.002868
vn 0.999988 0.004103 -0.002773
vn 0.999991 0.003155 -0.002998
vn -0.998721 -0.040153 -0.030729
vn -0.998723 -0.039395 -0.031643
vn -0.99921 -0.028492 -0.027689
vn -0.003476 0.826689 0.562648
vn -0.003476 0.826689 0.562649
vn -0.003476 0.826689 0.562649
vn -0.003476 0.826688 -0.562649
vn -0.003476 0.826689 -0.562649
vn -0.003476 0.826689 -0.562649
vn 0.999993 0.002639 0.002684
vn 0.999992 0.002789 0.002863
vn 0.999988 0.004153 0.002735
vn -0.999415 -0.021308 0.026743
vn -0.999198 -0.028759 0.027877
vn -0.998822 -0.03654 0.031938
vn 0.999988 0.004153 0.002735
vn 0.999982 0.005238 0.002943
vn 0.999979 0.006126 0.002039
vn -0.999846 -0.010576 0.014004
vn -0.999713 -0.015159 0.018529
vn -0.999415 -0.021308 0.026743
vn 0.999979 0.006126 0.002039
vn 0.999975 0.006859 0.001665
vn 0.999974 0.007217 0.000342
vn -0.999962 -0.008156 -0.002936
vn -0.999963 -0.00819 0.002814
vn -0.999846 -0.010576 0.014004
vn 0.002283 -0.548353 -0.836244
vn 0.002295 -0.548456 -0.836176
vn 0.002295 -0.548456 -0.836176
vn 0.002284 -0.548559 0.836109
vn 0.002295 -0.548456 0.836176
vn 0.002295 -0.548456 0.836176
vn -0.000897 0.203802 -0.979012
vn -0.00147 0.328936 -0.944351
vn -0.000928 0.203451 -0.979085
vn -0.000894 0.203099 0.979158
vn -0.001916 0.390547 0.920581
vn -0.000928 0.203449 0.979085
vn 0.999994 0.002246 -0.002649
vn 0.999996 0.001643 -0.002417
vn 0.999994 0.001937 -0.002732
vn 0.999996 0.001675 -0.002227
vn 0.999996 0.001675 -0.002227
vn 0.999996 0.001675 -0.002227
vn 0.998423 0.047995 0.029136
vn 0.998423 0.047995 0.029136
vn 0.998423 0.047995 0.029136
vn -0.998416 -0.048029 -0.029314
vn -0.998416 -0.048029 -0.029314
vn -0.998416 -0.048029 -0.029314
vn -0.999996 -0.001708 -0.002051
vn -0.999996 -0.001708 -0.002051
vn -0.999996 -0.001708 -0.002051
vn 0.999996 0.001675 0.002227
vn 0.999996 0.001675 0.002227
vn 0.999996 0.001675 0.002227
vn -0.998587 -0.043193 0.030964
vn -0.99837 -0.048238 0.030512
vn -0.998395 -0.046349 0.032539
vn -0.998416 -0.048029 0.029314
vn -0.998416 -0.048029 0.029314
vn -0.998416 -0.048029 0.029314
vn 0.999991 0.003155 -0.002998
vn 0.999994 0.002246 -0.002649
vn 0.999994 0.001937 -0.002732
vn -0.998822 -0.03654 0.031938
vn -0.998587 -0.043193 0.030964
vn -0.998395 -0.046349 0.032539
vn -0.998721 -0.040153 -0.030729
vn -0.998395 -0.046349 -0.032539
vn -0.998723 -0.039395 -0.031643
vn 0.999993 0.002639 0.002684
vn 0.999994 0.001937 0.002732
vn 0.999992 0.002789 0.002863
usemtl HeadphonesPBR
g left-ear
f 1/1/1 2/2/2 3/3/3
f 4/4/4 5/5/5 6/6/6
f 7/7/7 8/8/8 9/9/9
f 10/10/10 11/11/11 12/12/12
f 13/13/13 14/14/14 15/15/15
f 16/16/16 17/17/17 18/18/18
f 19/19/19 20/20/20 21/21/21
f 22/22/22 23/23/23 24/24/24
f 25/25/25 26/26/26 27/27/27
f 28/28/28 29/29/29 30/30/30
f 31/31/31 32/32/32 33/33/33
f 34/34/34 35/35/35 36/36/36
f 37/37/37 38/38/38 39/39/39
f 40/40/40 41/41/41 42/42/42
f 43/43/43 44/44/44 45/45/45
f 46/46/46 47/47/47 48/48/48
f 49/49/49 50/50/50 51/51/51
f 52/52/52 53/53/53 54/54/54
f 55/55/55 56/56/56 57/57/57
f 58/58/58 59/59/59 60/60/60
f 61/61/61 62/62/62 63/63/63
f 64/64/64 65/65/65 66/66/66
f 67/67/67 68/68/68 69/69/69
f 70/70/70 71/71/71 72/72/72
f 73/73/73 74/74/74 75/75/75
f 76/76/76 77/77/77 78/78/78
f 79/79/79 80/80/80 81/81/81
f 82/82/82 83/83/83 84/84/84
f 85/85/85 86/86/86 87/87/87
f 88/88/88 89/89/89 90/90/90
f 91/91/91 92/92/92 93/93/93
f 94/94/94 95/95/95 96/96/96
f 97/97/97 98/98/98 99/99/99
f 100/100/100 101/101/101 102/102/102
f 103/103/103 104/104/104 105/105/105
f 106/106/106 107/107/107 108/108/108
f 109/109/109 110/110/110 111/111/111
f 112/112/112 113/113/113 114/114/114
f 115/115/115 116/116/116 117/117/117
f 118/118/118 119/119/119 120/120/120
f 121/121/121 122/122/122 123/123/123
f 124/124/124 125/125/125 126/126/126
f 127/127/127 128/128/128 129/129/129
f 130/130/130 131/131/131 132/132/132
f 133/133/133 134/134/134 135/135/135
f 136/136/136 137/137/137 138/138/138
f 139/139/139 140/140/140 141/141/141
f 142/142/142 143/143/143 144/144/144
f 145/145/145 146/146/146 147/147/147
f 148/148/148 149/149/149 150/150/150
f 151/151/151 152/152/152 153/153/153
f 154/154/154 155/155/155 156/156/156
f 157/157/157 158/158/158 159/159/159
f 160/160/160 161/161/161 162/162/162
f 163/163/163 164/164/164 165/165/165
f 166/166/166 167/167/167 168/168/168
f 169/169/169 170/170/170 171/171/171
f 172/172/172 173/173/173 174/174/174
f 175/175/175 176/176/176 177/177/177
f 178/178/178 179/179/179 180/180/180
f 181/181/181 182/182/182 183/183/183
f 184/184/184 185/185/185 186/186/186
f 187/187/187 188/188/188 189/189/189
f 190/190/190 191/191/191 192/192/192
f 193/193/193 194/194/194 195/195/195
f 196/196/196 197/197/197 198/198/198
f 199/199/199 200/200/200 201/201/201
f 202/202/202 203/203/203 204/204/204
f 205/205/205 206/206/206 207/207/207
f 208/208/208 209/209/209 210/210/210
f 211/211/211 212/212/212 213/213/213
f 214/214/214 215/215/215 216/216/216
f 217/217/217 218/218/218 219/219/219
f 220/220/220 221/221/221 222/222/222
f 223/223/223 224/224/224 225/225/225
f 226/226/226 227/227/227 228/228/228
f 229/229/229 230/230/230 231/231/231
f 232/232/232 233/233/233 234/234/234
f 235/235/235 236/236/236 237/237/237
f 238/238/238 239/239/239 240/240/240
f 241/241/241 242/242/242 243/243/243
f 244/244/244 245/245/245 246/246/246
f 247/247/247 248/248/248 249/249/249
f 250/250/250 251/251/251 252/252/252
f 253/253/253 254/254/254 255/255/255
f 256/256/256 257/257/257 258/258/258
f 259/259/259 260/260/260 261/261/261
f 262/262/262 263/263/263 264/264/264
f 265/265/265 266/266/266 267/267/267
f 268/268/268 269/269/269 270/270/270
f 271/271/271 272/272/272 273/273/273
f 274/274/274 275/275/275 276/276/276
f 277/277/277 278/278/278 279/279/279
f 280/280/280 281/281/281 282/282/282
f 283/283/283 284/284/284 285/285/285
f 286/286/286 287/287/287 288/288/288
f 289/289/289 290/290/290 291/291/291
f 292/292/292 293/293/293 294/294/294
f 295/295/295 296/296/296 297/297/297
f 298/298/298 299/299/299 300/300/300
f 301/301/301 302/302/302 303/303/303
f 304/304/304 305/305/305 306/306/306
f 307/307/307 308/308/308 309/309/309
f 310/310/310 311/311/311 312/312/312
f 313/313/313 314/314/314 315/315/315
f 316/316/316 317/317/317 318/318/318
f 319/319/319 320/320/320 321/321/321
f 322/322/322 323/323/323 324/324/324
f 325/325/325 326/326/326 327/327/327
f 328/328/328 329/329/329 330/330/330
f 331/331/331 332/332/332 333/333/333
f 334/334/334 335/335/335 336/336/336
f 337/337/337 338/338/338 339/339/339
f 340/340/340 341/341/341 342/342/342
f 343/343/343 344/344/344 345/345/345
f 346/346/346 347/347/347 348/348/348
f 349/349/349 350/350/350 351/351/351
f 352/352/352 353/353/353 354/354/354
f 355/355/355 356/356/356 357/357/357
f 358/358/358 359/359/359 360/360/360
f 361/361/361 362/362/362 363/363/363
f 364/364/364 365/365/365 366/366/366
f 367/367/367 368/368/368 369/369/369
f 370/370/370 371/371/371 372/372/372
f 373/373/373 374/374/374 375/375/375
f 376/376/376 377/377/377 378/378/378
f 379/379/379 380/380/380 381/381/381
f 382/382/382 383/383/383 384/384/384
f 385/385/385 386/386/386 387/387/387
f 388/388/388 389/389/389 390/390/390
f 391/391/391 392/392/392 393/393/393
f 394/394/394 395/395/395 396/396/396
f 397/397/397 398/398/398 399/399/399
f 400/400/400 401/401/401 402/402/402
f 403/403/403 404/404/404 405/405/405
f 406/406/406 407/407/407 408/408/408
f 409/409/409 410/410/410 411/411/411
f 412/412/412 413/413/413 414/414/414
f 415/415/415 416/416/416 417/417/417
f 418/418/418 419/419/419 420/420/420
f 421/421/421 422/422/422 423/423/423
f 424/424/424 425/425/425 426/426/426
f 427/427/427 428/428/428 429/429/429
f 430/430/430 431/431/431 432/432/432
f 433/433/433 434/434/434 435/435/435
f 436/436/436 437/437/437 438/438/438
f 439/439/439 440/440/440 441/441/441
f 442/442/442 443/443/443 444/444/444
f 445/445/445 446/446/446 447/447/447
f 448/448/448 449/449/449 450/450/450
f 451/451/451 452/452/452 453/453/453
f 454/454/454 455/455/455 456/456/456
f 457/457/457 458/458/458 459/459/459
f 460/460/460 461/461/461 462/462/462
f 463/463/463 464/464/464 465/465/465
f 466/466/466 467/467/467 468/468/468
f 469/469/469 470/470/470 471/471/471
f 472/472/472 473/473/473 474/474/474
f 475/475/475 476/476/476 477/477/477
f 478/478/478 479/479/479 480/480/480
f 481/481/481 482/482/482 483/483/483
f 484/484/484 485/485/485 486/486/486
f 487/487/487 488/488/488 489/489/489
f 490/490/490 491/491/491 492/492/492
f 493/493/493 494/494/494 495/495/495
f 496/496/496 497/497/497 498/498/498
f 499/499/499 500/500/500 501/501/501
f 502/502/502 503/503/503 504/504/504
f 505/505/505 506/506/506 507/507/507
f 508/508/508 509/509/509 510/510/510
f 511/511/511 512/512/512 513/513/513
f 514/514/514 515/515/515 516/516/516
f 517/517/517 518/518/518 519/519/519
f 520/520/520 521/521/521 522/522/522
f 523/523/523 524/524/524 525/525/525
f 526/526/526 527/527/527 528/528/528
f 529/529/529 530/530/530 531/531/531
f 532/532/532 533/533/533 534/534/534
f 535/535/535 536/536/536 537/537/537
f 538/538/538 539/539/539 540/540/540
f 541/541/541 542/542/542 543/543/543
f 544/544/544 545/545/545 546/546/546
f 547/547/547 548/548/548 549/549/549
f 550/550/550 551/551/551 552/552/552
f 553/553/553 554/554/554 555/555/555
f 556/556/556 557/557/557 558/558/558
f 559/559/559 560/560/560 561/561/561
f 562/562/562 563/563/563 564/564/564
f 565/565/565 566/566/566 567/567/567
f 568/568/568 569/569/569 570/570/570
f 571/571/571 572/572/572 573/573/573
f 574/574/574 575/575/575 576/576/576
f 577/577/577 578/578/578 579/579/579
f 580/580/580 581/581/581 582/582/582
f 583/583/583 584/584/584 585/585/585
f 586/586/586 587/587/587 588/588/588
f 589/589/589 590/590/590 591/591/591
f 592/592/592 593/593/593 594/594/594
f 595/595/595 596/596/596 597/597/597
f 598/598/598 599/599/599 600/600/600
f 601/601/601 602/602/602 603/603/603
f 604/604/604 605/605/605 606/606/606
f 607/607/607 608/608/608 609/609/609
f 610/610/610 611/611/611 612/612/612
f 613/613/613 614/614/614 615/615/615
f 616/616/616 617/617/617 618/618/618
f 619/619/619 620/620/620 621/621/621
f 622/622/622 623/623/623 624/624/624
f 625/625/625 626/626/626 627/627/627
f 628/628/628 629/629/629 630/630/630
f 631/631/631 632/632/632 633/633/633
f 634/634/634 635/635/635 636/636/636
f 637/637/637 638/638/638 639/639/639
f 640/640/640 641/641/641 642/642/642
f 643/643/643 644/644/644 645/645/645
f 646/646/646 647/647/647 648/648/648
f 649/649/649 650/650/650 651/651/651
f 652/652/652 653/653/653 654/654/654
f 655/655/655 656/656/656 657/657/657
f 658/658/658 659/659/659 660/660/660
f 661/661/661 662/662/662 663/663/663
f 664/664/664 665/665/665 666/666/666
f 667/667/667 668/668/668 669/669/669
f 670/670/670 671/671/671 672/672/672
f 673/673/673 674/674/674 675/675/675
f 676/676/676 677/677/677 678/678/678
f 679/679/679 680/680/680 681/681/681
f 682/682/682 683/683/683 684/684/684
f 685/685/685 686/686/686 687/687/687
f 688/688/688 689/689/689 690/690/690
f 691/691/691 692/692/692 693/693/693
f 694/694/694 695/695/695 696/696/696
f 697/697/697 698/698/698 699/699/699
f 700/700/700 701/701/701 702/702/702
f 703/703/703 704/704/704 705/705/705
f 706/706/706 707/707/707 708/708/708
f 709/709/709 710/710/710 711/711/711
f 712/712/712 713/713/713 714/714/714
f 715/715/715 716/716/716 717/717/717
f 718/718/718 719/719/719 720/720/720
f 721/721/721 722/722/722 723/723/723
f 724/724/724 725/725/725 726/726/726
f 727/727/727 728/728/728 729/729/729
f 730/730/730 731/731/731 732/732/732
f 733/733/733 734/734/734 735/735/735
f 736/736/736 737/737/737 738/738/738
f 739/739/739 740/740/740 741/741/741
f 742/742/742 743/743/743 744/744/744
f 745/745/745 746/746/746 747/747/747
f 748/748/748 749/749/749 750/750/750
f 751/751/751 752/752/752 753/753/753
f 754/754/754 755/755/755 756/756/756
f 757/757/757 758/758/758 759/759/759
f 760/760/760 761/761/761 762/762/762
f 763/763/763 764/764/764 765/765/765
f 766/766/766 767/767/767 768/768/768
f 769/769/769 770/770/770 771/771/771
f 772/772/772 773/773/773 774/774/774
f 775/775/775 776/776/776 777/777/777
f 778/778/778 779/779/779 780/780/780
f 781/781/781 782/782/782 783/783/783
f 784/784/784 785/785/785 786/786/786
f 787/787/787 788/788/788 789/789/789
f 790/790/790 791/791/791 792/792/792
f 793/793/793 794/794/794 795/795/795
f 796/796/796 797/797/797 798/798/798
f 799/799/799 800/800/800 801/801/801
f 802/802/802 803/803/803 804/804/804
f 805/805/805 806/806/806 807/807/807
f 808/808/808 809/809/809 810/810/810
f 811/811/811 812/812/812 813/813/813
f 814/814/814 815/815/815 816/816/816
f 817/817/817 818/818/818 819/819/819
f 820/820/820 821/821/821 822/822/822
f 823/823/823 824/824/824 825/825/825
f 826/826/826 827/827/827 828/828/828
f 829/829/829 830/830/830 831/831/831
f 832/832/832 833/833/833 834/834/834
f 835/835/835 836/836/836 837/837/837
f 838/838/838 839/839/839 840/840/840
f 841/841/841 842/842/842 843/843/843
f 844/844/844 845/845/845 846/846/846
f 847/847/847 848/848/848 849/849/849
f 850/850/850 851/851/851 852/852/852
f 853/853/853 854/854/854 855/855/855
f 856/856/856 857/857/857 858/858/858
f 859/859/859 860/860/860 861/861/861
f 862/862/862 863/863/863 864/864/864
f 865/865/865 866/866/866 867/867/867
f 868/868/868 869/869/869 870/870/870
f 871/871/871 872/872/872 873/873/873
f 874/874/874 875/875/875 876/876/876
f 877/877/877 878/878/878 879/879/879
f 880/880/880 881/881/881 882/882/882
f 883/883/883 884/884/884 885/885/885
f 886/886/886 887/887/887 888/888/888
f 889/889/889 890/890/890 891/891/891
f 892/892/892 893/893/893 894/894/894
f 895/895/895 896/896/896 897/897/897
f 898/898/898 899/899/899 900/900/900
f 901/901/901 902/902/902 903/903/903
f 904/904/904 905/905/905 906/906/906
f 907/907/907 908/908/908 909/909/909
f 910/910/910 911/911/911 912/912/912
f 913/913/913 914/914/914 915/915/915
f 916/916/916 917/917/917 918/918/918
f 919/919/919 920/920/920 921/921/921
f 922/922/922 923/923/923 924/924/924
f 925/925/925 926/926/926 927/927/927
f 928/928/928 929/929/929 930/930/930
f 931/931/931 932/932/932 933/933/933
f 934/934/934 935/935/935 936/936/936
f 937/937/937 938/938/938 939/939/939
f 940/940/940 941/941/941 942/942/942
f 943/943/943 944/944/944 945/945/945
f 946/946/946 947/947/947 948/948/948
f 949/949/949 950/950/950 951/951/951
f 952/952/952 953/953/953 954/954/954
f 955/955/955 956/956/956 957/957/957
f 958/958/958 959/959/959 960/960/960
f 961/961/961 962/962/962 963/963/963
f 964/964/964 965/965/965 966/966/966
f 967/967/967 968/968/968 969/969/969
f 970/970/970 971/971/971 972/972/972
f 973/973/973 974/974/974 975/975/975
f 976/976/976 977/977/977 978/978/978
f 979/979/979 980/980/980 981/981/981
f 982/982/982 983/983/983 984/984/984
f 985/985/985 986/986/986 987/987/987
f 988/988/988 989/989/989 990/990/990
f 991/991/991 992/992/992 993/993/993
f 994/994/994 995/995/995 996/996/996
f 997/997/997 998/998/998 999/999/999
f 1000/1000/1000 1001/1001/1001 1002/1002/1002
f 1003/1003/1003 1004/1004/1004 1005/1005/1005
f 1006/1006/1006 1007/1007/1007 1008/1008/1008
f 1009/1009/1009 1010/1010/1010 1011/1011/1011
f 1012/1012/1012 1013/1013/1013 1014/1014/1014
f 1015/1015/1015 1016/1016/1016 1017/1017/1017
f 1018/1018/1018 1019/1019/1019 1020/1020/1020
f 1021/1021/1021 1022/1022/1022 1023/1023/1023
f 1024/1024/1024 1025/1025/1025 1026/1026/1026
f 1027/1027/1027 1028/1028/1028 1029/1029/1029
f 1030/1030/1030 1031/1031/1031 1032/1032/1032
f 1033/1033/1033 1034/1034/1034 1035/1035/1035
f 1036/1036/1036 1037/1037/1037 1038/1038/1038
f 1039/1039/1039 1040/1040/1040 1041/1041/1041
f 1042/1042/1042 1043/1043/1043 1044/1044/1044
f 1045/1045/1045 1046/1046/1046 1047/1047/1047
f 1048/1048/1048 1049/1049/1049 1050/1050/1050
f 1051/1051/1051 1052/1052/1052 1053/1053/1053
f 1054/1054/1054 1055/1055/1055 1056/1056/1056
f 1057/1057/1057 1058/1058/1058 1059/1059/1059
f 1060/1060/1060 1061/1061/1061 1062/1062/1062
f 1063/1063/1063 1064/1064/1064 1065/1065/1065
f 1066/1066/1066 1067/1067/1067 1068/1068/1068
f 1069/1069/1069 1070/1070/1070 1071/1071/1071
f 1072/1072/1072 1073/1073/1073 1074/1074/1074
f 1075/1075/1075 1076/1076/1076 1077/1077/1077
f 1078/1078/1078 1079/1079/1079 1080/1080/1080
f 1081/1081/1081 1082/1082/1082 1083/1083/1083
f 1084/1084/1084 1085/1085/1085 1086/1086/1086
f 1087/1087/1087 1088/1088/1088 1089/1089/1089
f 1090/1090/1090 1091/1091/1091 1092/1092/1092
f 1093/1093/1093 1094/1094/1094 1095/1095/1095
f 1096/1096/1096 1097/1097/1097 1098/1098/1098
f 1099/1099/1099 1100/1100/1100 1101/1101/1101
f 1102/1102/1102 1103/1103/1103 1104/1104/1104
f 1105/1105/1105 1106/1106/1106 1107/1107/1107
f 1108/1108/1108 1109/1109/1109 1110/1110/1110
f 1111/1111/1111 1112/1112/1112 1113/1113/1113
f 1114/1114/1114 1115/1115/1115 1116/1116/1116
f 1117/1117/1117 1118/1118/1118 1119/1119/1119
f 1120/1120/1120 1121/1121/1121 1122/1122/1122
f 1123/1123/1123 1124/1124/1124 1125/1125/1125
f 1126/1126/1126 1127/1127/1127 1128/1128/1128
f 1129/1129/1129 1130/1130/1130 1131/1131/1131
f 1132/1132/1132 1133/1133/1133 1134/1134/1134
f 1135/1135/1135 1136/1136/1136 1137/1137/1137
f 1138/1138/1138 1139/1139/1139 1140/1140/1140
f 1141/1141/1141 1142/1142/1142 1143/1143/1143
f 1144/1144/1144 1145/1145/1145 1146/1146/1146
f 1147/1147/1147 1148/1148/1148 1149/1149/1149
f 1150/1150/1150 1151/1151/1151 1152/1152/1152
f 1153/1153/1153 1154/1154/1154 1155/1155/1155
f 1156/1156/1156 1157/1157/1157 1158/1158/1158
f 1159/1159/1159 1160/1160/1160 1161/1161/1161
f 1162/1162/1162 1163/1163/1163 1164/1164/1164
f 1165/1165/1165 1166/1166/1166 1167/1167/1167
f 1168/1168/1168 1169/1169/1169 1170/1170/1170
f 1171/1171/1171 1172/1172/1172 1173/1173/1173
f 1174/1174/1174 1175/1175/1175 1176/1176/1176
f 1177/1177/1177 1178/1178/1178 1179/1179/1179
f 1180/1180/1180 1181/1181/1181 1182/1182/1182
f 1183/1183/1183 1184/1184/1184 1185/1185/1185
f 1186/1186/1186 1187/1187/1187 1188/1188/1188
f 1189/1189/1189 1190/1190/1190 1191/1191/1191
f 1192/1192/1192 1193/1193/1193 1194/1194/1194
f 1195/1195/1195 1196/1196/1196 1197/1197/1197
f 1198/1198/1198 1199/1199/1199 1200/1200/1200
f 1201/1201/1201 1202/1202/1202 1203/1203/1203
f 1204/1204/1204 1205/1205/1205 1206/1206/1206
f 1207/1207/1207 1208/1208/1208 1209/1209/1209
f 1210/1210/1210 1211/1211/1211 1212/1212/1212
f 1213/1213/1213 1214/1214/1214 1215/1215/1215
f 1216/1216/1216 1217/1217/1217 1218/1218/1218
f 1219/1219/1219 1220/1220/1220 1221/1221/1221
f 1222/1222/1222 1223/1223/1223 1224/1224/1224
f 1225/1225/1225 1226/1226/1226 1227/1227/1227
f 1228/1228/1228 1229/1229/1229 1230/1230/1230
f 1231/1231/1231 1232/1232/1232 1233/1233/1233
f 1234/1234/1234 1235/1235/1235 1236/1236/1236
f 1237/1237/1237 1238/1238/1238 1239/1239/1239
f 1240/1240/1240 1241/1241/1241 1242/1242/1242
f 1243/1243/1243 1244/1244/1244 1245/1245/1245
f 1246/1246/1246 1247/1247/1247 1248/1248/1248
f 1249/1249/1249 1250/1250/1250 1251/1251/1251
f 1252/1252/1252 1253/1253/1253 1254/1254/1254
f 1255/1255/1255 1256/1256/1256 1257/1257/1257
f 1258/1258/1258 1259/1259/1259 1260/1260/1260
f 1261/1261/1261 1262/1262/1262 1263/1263/1263
f 1264/1264/1264 1265/1265/1265 1266/1266/1266
f 1267/1267/1267 1268/1268/1268 1269/1269/1269
f 1270/1270/1270 1271/1271/1271 1272/1272/1272
f 1273/1273/1273 1274/1274/1274 1275/1275/1275
f 1276/1276/1276 1277/1277/1277 1278/1278/1278
f 1279/1279/1279 1280/1280/1280 1281/1281/1281
f 1282/1282/1282 1283/1283/1283 1284/1284/1284
f 1285/1285/1285 1286/1286/1286 1287/1287/1287
f 1288/1288/1288 1289/1289/1289 1290/1290/1290
f 1291/1291/1291 1292/1292/1292 1293/1293/1293
f 1294/1294/1294 1295/1295/1295 1296/1296/1296
f 1297/1297/1297 1298/1298/1298 1299/1299/1299
f 1300/1300/1300 1301/1301/1301 1302/1302/1302
f 1303/1303/1303 1304/1304/1304 1305/1305/1305
f 1306/1306/1306 1307/1307/1307 1308/1308/1308
f 1309/1309/1309 1310/1310/1310 1311/1311/1311
f 1312/1312/1312 1313/1313/1313 1314/1314/1314
f 1315/1315/1315 1316/1316/1316 1317/1317/1317
f 1318/1318/1318 1319/1319/1319 1320/1320/1320
f 1321/1321/1321 1322/1322/1322 1323/1323/1323
f 1324/1324/1324 1325/1325/1325 1326/1326/1326
f 1327/1327/1327 1328/1328/1328 1329/1329/1329
f 1330/1330/1330 1331/1331/1331 1332/1332/1332
f 1333/1333/1333 1334/1334/1334 1335/1335/1335
f 1336/1336/1336 1337/1337/1337 1338/1338/1338
f 1339/1339/1339 1340/1340/1340 1341/1341/1341
f 1342/1342/1342 1343/1343/1343 1344/1344/1344
f 1345/1345/1345 1346/1346/1346 1347/1347/1347
f 1348/1348/1348 1349/1349/1349 1350/1350/1350
f 1351/1351/1351 1352/1352/1352 1353/1353/1353
f 1354/1354/1354 1355/1355/1355 1356/1356/1356
f 1357/1357/1357 1358/1358/1358 1359/1359/1359
f 1360/1360/1360 1361/1361/1361 1362/1362/1362
f 1363/1363/1363 1364/1364/1364 1365/1365/1365
f 1366/1366/1366 1367/1367/1367 1368/1368/1368
f 1369/1369/1369 1370/1370/1370 1371/1371/1371
f 1372/1372/1372 1373/1373/1373 1374/1374/1374
f 1375/1375/1375 1376/1376/1376 1377/1377/1377
f 1378/1378/1378 1379/1379/1379 1380/1380/1380
f 1381/1381/1381 1382/1382/1382 1383/1383/1383
f 1384/1384/1384 1385/1385/1385 1386/1386/1386
f 1387/1387/1387 1388/1388/1388 1389/1389/1389
f 1390/1390/1390 1391/1391/1391 1392/1392/1392
f 1393/1393/1393 1394/1394/1394 1395/1395/1395
f 1396/1396/1396 1397/1397/1397 1398/1398/1398
f 1399/1399/1399 1400/1400/1400 1401/1401/1401
f 1402/1402/1402 1403/1403/1403 1404/1404/1404
f 1405/1405/1405 1406/1406/1406 1407/1407/1407
f 1408/1408/1408 1409/1409/1409 1410/1410/1410
f 1411/1411/1411 1412/1412/1412 1413/1413/1413
f 1414/1414/1414 1415/1415/1415 1416/1416/1416
f 1417/1417/1417 1418/1418/1418 1419/1419/1419
f 1420/1420/1420 1421/1421/1421 1422/1422/1422
f 1423/1423/1423 1424/1424/1424 1425/1425/1425
f 1426/1426/1426 1427/1427/1427 1428/1428/1428
f 1429/1429/1429 1430/1430/1430 1431/1431/1431
f 1432/1432/1432 1433/1433/1433 1434/1434/1434
f 1435/1435/1435 1436/1436/1436 1437/1437/1437
f 1438/1438/1438 1439/1439/1439 1440/1440/1440
f 1441/1441/1441 1442/1442/1442 1443/1443/1443
f 1444/1444/1444 1445/1445/1445 1446/1446/1446
f 1447/1447/1447 1448/1448/1448 1449/1449/1449
f 1450/1450/1450 1451/1451/1451 1452/1452/1452
f 1453/1453/1453 1454/1454/1454 1455/1455/1455
f 1456/1456/1456 1457/1457/1457 1458/1458/1458
f 1459/1459/1459 1460/1460/1460 1461/1461/1461
f 1462/1462/1462 1463/1463/1463 1464/1464/1464
f 1465/1465/1465 1466/1466/1466 1467/1467/1467
f 1468/1468/1468 1469/1469/1469 1470/1470/1470
f 1471/1471/1471 1472/1472/1472 1473/1473/1473
f 1474/1474/1474 1475/1475/1475 1476/1476/1476
f 1477/1477/1477 1478/1478/1478 1479/1479/1479
f 1480/1480/1480 1481/1481/1481 1482/1482/1482
f 1483/1483/1483 1484/1484/1484 1485/1485/1485
f 1486/1486/1486 1487/1487/1487 1488/1488/1488
f 1489/1489/1489 1490/1490/1490 1491/1491/1491
f 1492/1492/1492 1493/1493/1493 1494/1494/1494
f 1495/1495/1495 1496/1496/1496 1497/1497/1497
f 1498/1498/1498 1499/1499/1499 1500/1500/1500
f 1501/1501/1501 1502/1502/1502 1503/1503/1503
f 1504/1504/1504 1505/1505/1505 1506/1506/1506
f 1507/1507/1507 1508/1508/1508 1509/1509/1509
f 1510/1510/1510 1511/1511/1511 1512/1512/1512
f 1513/1513/1513 1514/1514/1514 1515/1515/1515
f 1516/1516/1516 1517/1517/1517 1518/1518/1518
f 1519/1519/1519 1520/1520/1520 1521/1521/1521
f 1522/1522/1522 1523/1523/1523 1524/1524/1524
f 1525/1525/1525 1526/1526/1526 1527/1527/1527
f 1528/1528/1528 1529/1529/1529 1530/1530/1530
f 1531/1531/1531 1532/1532/1532 1533/1533/1533
f 1534/1534/1534 1535/1535/1535 1536/1536/1536
f 1537/1537/1537 1538/1538/1538 1539/1539/1539
f 1540/1540/1540 1541/1541/1541 1542/1542/1542
f 1543/1543/1543 1544/1544/1544 1545/1545/1545
f 1546/1546/1546 1547/1547/1547 1548/1548/1548
f 1549/1549/1549 1550/1550/1550 1551/1551/1551
f 1552/1552/1552 1553/1553/1553 1554/1554/1554
f 1555/1555/1555 1556/1556/1556 1557/1557/1557
f 1558/1558/1558 1559/1559/1559 1560/1560/1560
f 1561/1561/1561 1562/1562/1562 1563/1563/1563
f 1564/1564/1564 1565/1565/1565 1566/1566/1566
f 1567/1567/1567 1568/1568/1568 1569/1569/1569
f 1570/1570/1570 1571/1571/1571 1572/1572/1572
f 1573/1573/1573 1574/1574/1574 1575/1575/1575
f 1576/1576/1576 1577/1577/1577 1578/1578/1578
f 1579/1579/1579 1580/1580/1580 1581/1581/1581
f 1582/1582/1582 1583/1583/1583 1584/1584/1584
f 1585/1585/1585 1586/1586/1586 1587/1587/1587
f 1588/1588/1588 1589/1589/1589 1590/1590/1590
f 1591/1591/1591 1592/1592/1592 1593/1593/1593
f 1594/1594/1594 1595/1595/1595 1596/1596/1596
f 1597/1597/1597 1598/1598/1598 1599/1599/1599
f 1600/1600/1600 1601/1601/1601 1602/1602/1602
f 1603/1603/1603 1604/1604/1604 1605/1605/1605
f 1606/1606/1606 1607/1607/1607 1608/1608/1608
f 1609/1609/1609 1610/1610/1610 1611/1611/1611
f 1612/1612/1612 1613/1613/1613 1614/1614/1614
f 1615/1615/1615 1616/1616/1616 1617/1617/1617
f 1618/1618/1618 1619/1619/1619 1620/1620/1620
f 1621/1621/1621 1622/1622/1622 1623/1623/1623
f 1624/1624/1624 1625/1625/1625 1626/1626/1626
f 1627/1627/1627 1628/1628/1628 1629/1629/1629
f 1630/1630/1630 1631/1631/1631 1632/1632/1632
f 1633/1633/1633 1634/1634/1634 1635/1635/1635
f 1636/1636/1636 1637/1637/1637 1638/1638/1638
f 1639/1639/1639 1640/1640/1640 1641/1641/1641
f 1642/1642/1642 1643/1643/1643 1644/1644/1644
f 1645/1645/1645 1646/1646/1646 1647/1647/1647
f 1648/1648/1648 1649/1649/1649 1650/1650/1650
f 1651/1651/1651 1652/1652/1652 1653/1653/1653
f 1654/1654/1654 1655/1655/1655 1656/1656/1656
f 1657/1657/1657 1658/1658/1658 1659/1659/1659
f 1660/1660/1660 1661/1661/1661 1662/1662/1662
f 1663/1663/1663 1664/1664/1664 1665/1665/1665
f 1666/1666/1666 1667/1667/1667 1668/1668/1668
f 1669/1669/1669 1670/1670/1670 1671/1671/1671
f 1672/1672/1672 1673/1673/1673 1674/1674/1674
f 1675/1675/1675 1676/1676/1676 1677/1677/1677
f 1678/1678/1678 1679/1679/1679 1680/1680/1680
f 1681/1681/1681 1682/1682/1682 1683/1683/1683
f 1684/1684/1684 1685/1685/1685 1686/1686/1686
f 1687/1687/1687 1688/1688/1688 1689/1689/1689
f 1690/1690/1690 1691/1691/1691 1692/1692/1692
f 1693/1693/1693 1694/1694/1694 1695/1695/1695
f 1696/1696/1696 1697/1697/1697 1698/1698/1698
f 1699/1699/1699 1700/1700/1700 1701/1701/1701
f 1702/1702/1702 1703/1703/1703 1704/1704/1704
f 1705/1705/1705 1706/1706/1706 1707/1707/1707
f 1708/1708/1708 1709/1709/1709 1710/1710/1710
f 1711/1711/1711 1712/1712/1712 1713/1713/1713
f 1714/1714/1714 1715/1715/1715 1716/1716/1716
f 1717/1717/1717 1718/1718/1718 1719/1719/1719
f 1720/1720/1720 1721/1721/1721 1722/1722/1722
f 1723/1723/1723 1724/1724/1724 1725/1725/1725
f 1726/1726/1726 1727/1727/1727 1728/1728/1728
f 1729/1729/1729 1730/1730/1730 1731/1731/1731
f 1732/1732/1732 1733/1733/1733 1734/1734/1734
f 1735/1735/1735 1736/1736/1736 1737/1737/1737
f 1738/1738/1738 1739/1739/1739 1740/1740/1740
f 1741/1741/1741 1742/1742/1742 1743/1743/1743
f 1744/1744/1744 1745/1745/1745 1746/1746/1746
f 1747/1747/1747 1748/1748/1748 1749/1749/1749
f 1750/1750/1750 1751/1751/1751 1752/1752/1752
f 1753/1753/1753 1754/1754/1754 1755/1755/1755
f 1756/1756/1756 1757/1757/1757 1758/1758/1758
f 1759/1759/1759 1760/1760/1760 1761/1761/1761
f 1762/1762/1762 1763/1763/1763 1764/1764/1764
f 1765/1765/1765 1766/1766/1766 1767/1767/1767
f 1768/1768/1768 1769/1769/1769 1770/1770/1770
f 1771/1771/1771 1772/1772/1772 1773/1773/1773
f 1774/1774/1774 1775/1775/1775 1776/1776/1776
f 1777/1777/1777 1778/1778/1778 1779/1779/1779
f 1780/1780/1780 1781/1781/1781 1782/1782/1782
f 1783/1783/1783 1784/1784/1784 1785/1785/1785
f 1786/1786/1786 1787/1787/1787 1788/1788/1788
f 1789/1789/1789 1790/1790/1790 1791/1791/1791
f 1792/1792/1792 1793/1793/1793 1794/1794/1794
f 1795/1795/1795 1796/1796/1796 1797/1797/1797
f 1798/1798/1798 1799/1799/1799 1800/1800/1800
f 1801/1801/1801 1802/1802/1802 1803/1803/1803
f 1804/1804/1804 1805/1805/1805 1806/1806/1806
f 1807/1807/1807 1808/1808/1808 1809/1809/1809
f 1810/1810/1810 1811/1811/1811 1812/1812/1812
f 1813/1813/1813 1814/1814/1814 1815/1815/1815
f 1816/1816/1816 1817/1817/1817 1818/1818/1818
f 1819/1819/1819 1820/1820/1820 1821/1821/1821
f 1822/1822/1822 1823/1823/1823 1824/1824/1824
f 1825/1825/1825 1826/1826/1826 1827/1827/1827
f 1828/1828/1828 1829/1829/1829 1830/1830/1830
f 1831/1831/1831 1832/1832/1832 1833/1833/1833
f 1834/1834/1834 1835/1835/1835 1836/1836/1836
f 1837/1837/1837 1838/1838/1838 1839/1839/1839
f 1840/1840/1840 1841/1841/1841 1842/1842/1842
f 1843/1843/1843 1844/1844/1844 1845/1845/1845
f 1846/1846/1846 1847/1847/1847 1848/1848/1848
f 1849/1849/1849 1850/1850/1850 1851/1851/1851
f 1852/1852/1852 1853/1853/1853 1854/1854/1854
f 1855/1855/1855 1856/1856/1856 1857/1857/1857
f 1858/1858/1858 1859/1859/1859 1860/1860/1860
f 1861/1861/1861 1862/1862/1862 1863/1863/1863
f 1864/1864/1864 1865/1865/1865 1866/1866/1866
f 1867/1867/1867 1868/1868/1868 1869/1869/1869
f 1870/1870/1870 1871/1871/1871 1872/1872/1872
f 1873/1873/1873 1874/1874/1874 1875/1875/1875
f 1876/1876/1876 1877/1877/1877 1878/1878/1878
f 1879/1879/1879 1880/1880/1880 1881/1881/1881
f 1882/1882/1882 1883/1883/1883 1884/1884/1884
f 1885/1885/1885 1886/1886/1886 1887/1887/1887
f 1888/1888/1888 1889/1889/1889 1890/1890/1890
f 1891/1891/1891 1892/1892/1892 1893/1893/1893
f 1894/1894/1894 1895/1895/1895 1896/1896/1896
f 1897/1897/1897 1898/1898/1898 1899/1899/1899
f 1900/1900/1900 1901/1901/1901 1902/1902/1902
f 1903/1903/1903 1904/1904/1904 1905/1905/1905
f 1906/1906/1906 1907/1907/1907 1908/1908/1908
f 1909/1909/1909 1910/1910/1910 1911/1911/1911
f 1912/1912/1912 1913/1913/1913 1914/1914/1914
f 1915/1915/1915 1916/1916/1916 1917/1917/1917
f 1918/1918/1918 1919/1919/1919 1920/1920/1920
f 1921/1921/1921 1922/1922/1922 1923/1923/1923
f 1924/1924/1924 1925/1925/1925 1926/1926/1926
f 1927/1927/1927 1928/1928/1928 1929/1929/1929
f 1930/1930/1930 1931/1931/1931 1932/1932/1932
f 1933/1933/1933 1934/1934/1934 1935/1935/1935
f 1936/1936/1936 1937/1937/1937 1938/1938/1938
f 1939/1939/1939 1940/1940/1940 1941/1941/1941
f 1942/1942/1942 1943/1943/1943 1944/1944/1944
f 1945/1945/1945 1946/1946/1946 1947/1947/1947
f 1948/1948/1948 1949/1949/1949 1950/1950/1950
f 1951/1951/1951 1952/1952/1952 1953/1953/1953
f 1954/1954/1954 1955/1955/1955 1956/1956/1956
f 1957/1957/1957 1958/1958/1958 1959/1959/1959
f 1960/1960/1960 1961/1961/1961 1962/1962/1962
f 1963/1963/1963 1964/1964/1964 1965/1965/1965
f 1966/1966/1966 1967/1967/1967 1968/1968/1968
f 1969/1969/1969 1970/1970/1970 1971/1971/1971
f 1972/1972/1972 1973/1973/1973 1974/1974/1974
f 1975/1975/1975 1976/1976/1976 1977/1977/1977
f 1978/1978/1978 1979/1979/1979 1980/1980/1980
f 1981/1981/1981 1982/1982/1982 1983/1983/1983
f 1984/1984/1984 1985/1985/1985 1986/1986/1986
f 1987/1987/1987 1988/1988/1988 1989/1989/1989
f 1990/1990/1990 1991/1991/1991 1992/1992/1992
f 1993/1993/1993 1994/1994/1994 1995/1995/1995
f 1996/1996/1996 1997/1997/1997 1998/1998/1998
f 1999/1999/1999 2000/2000/2000 2001/2001/2001
f 2002/2002/2002 2003/2003/2003 2004/2004/2004
f 2005/2005/2005 2006/2006/2006 2007/2007/2007
f 2008/2008/2008 2009/2009/2009 2010/2010/2010
f 2011/2011/2011 2012/2012/2012 2013/2013/2013
f 2014/2014/2014 2015/2015/2015 2016/2016/2016
f 2017/2017/2017 2018/2018/2018 2019/2019/2019
f 2020/2020/2020 2021/2021/2021 2022/2022/2022
f 2023/2023/2023 2024/2024/2024 2025/2025/2025
f 2026/2026/2026 2027/2027/2027 2028/2028/2028
f 2029/2029/2029 2030/2030/2030 2031/2031/2031
f 2032/2032/2032 2033/2033/2033 2034/2034/2034
f 2035/2035/2035 2036/2036/2036 2037/2037/2037
f 2038/2038/2038 2039/2039/2039 2040/2040/2040
f 2041/2041/2041 2042/2042/2042 2043/2043/2043
f 2044/2044/2044 2045/2045/2045 2046/2046/2046
f 2047/2047/2047 2048/2048/2048 2049/2049/2049
f 2050/2050/2050 2051/2051/2051 2052/2052/2052
f 2053/2053/2053 2054/2054/2054 2055/2055/2055
f 2056/2056/2056 2057/2057/2057 2058/2058/2058
f 2059/2059/2059 2060/2060/2060 2061/2061/2061
f 2062/2062/2062 2063/2063/2063 2064/2064/2064
f 2065/2065/2065 2066/2066/2066 2067/2067/2067
f 2068/2068/2068 2069/2069/2069 2070/2070/2070
f 2071/2071/2071 2072/2072/2072 2073/2073/2073
f 2074/2074/2074 2075/2075/2075 2076/2076/2076
f 2077/2077/2077 2078/2078/2078 2079/2079/2079
f 2080/2080/2080 2081/2081/2081 2082/2082/2082
f 2083/2083/2083 2084/2084/2084 2085/2085/2085
f 2086/2086/2086 2087/2087/2087 2088/2088/2088
f 2089/2089/2089 2090/2090/2090 2091/2091/2091
f 2092/2092/2092 2093/2093/2093 2094/2094/2094
f 2095/2095/2095 2096/2096/2096 2097/2097/2097
f 2098/2098/2098 2099/2099/2099 2100/2100/2100
f 2101/2101/2101 2102/2102/2102 2103/2103/2103
f 2104/2104/2104 2105/2105/2105 2106/2106/2106
f 2107/2107/2107 2108/2108/2108 2109/2109/2109
f 2110/2110/2110 2111/2111/2111 2112/2112/2112
f 2113/2113/2113 2114/2114/2114 2115/2115/2115
f 2116/2116/2116 2117/2117/2117 2118/2118/2118
f 2119/2119/2119 2120/2120/2120 2121/2121/2121
f 2122/2122/2122 2123/2123/2123 2124/2124/2124
f 2125/2125/2125 2126/2126/2126 2127/2127/2127
f 2128/2128/2128 2129/2129/2129 2130/2130/2130
f 2131/2131/2131 2132/2132/2132 2133/2133/2133
f 2134/2134/2134 2135/2135/2135 2136/2136/2136
f 2137/2137/2137 2138/2138/2138 2139/2139/2139
f 2140/2140/2140 2141/2141/2141 2142/2142/2142
f 2143/2143/2143 2144/2144/2144 2145/2145/2145
f 2146/2146/2146 2147/2147/2147 2148/2148/2148
f 2149/2149/2149 2150/2150/2150 2151/2151/2151
f 2152/2152/2152 2153/2153/2153 2154/2154/2154
f 2155/2155/2155 2156/2156/2156 2157/2157/2157
f 2158/2158/2158 2159/2159/2159 2160/2160/2160
f 2161/2161/2161 2162/2162/2162 2163/2163/2163
f 2164/2164/2164 2165/2165/2165 2166/2166/2166
f 2167/2167/2167 2168/2168/2168 2169/2169/2169
f 2170/2170/2170 2171/2171/2171 2172/2172/2172
f 2173/2173/2173 2174/2174/2174 2175/2175/2175
f 2176/2176/2176 2177/2177/2177 2178/2178/2178
f 2179/2179/2179 2180/2180/2180 2181/2181/2181
f 2182/2182/2182 2183/2183/2183 2184/2184/2184
f 2185/2185/2185 2186/2186/2186 2187/2187/2187
f 2188/2188/2188 2189/2189/2189 2190/2190/2190
f 2191/2191/2191 2192/2192/2192 2193/2193/2193
f 2194/2194/2194 2195/2195/2195 2196/2196/2196
f 2197/2197/2197 2198/2198/2198 2199/2199/2199
f 2200/2200/2200 2201/2201/2201 2202/2202/2202
f 2203/2203/2203 2204/2204/2204 2205/2205/2205
f 2206/2206/2206 2207/2207/2207 2208/2208/2208
f 2209/2209/2209 2210/2210/2210 2211/2211/2211
f 2212/2212/2212 2213/2213/2213 2214/2214/2214
f 2215/2215/2215 2216/2216/2216 2217/2217/2217
f 2218/2218/2218 2219/2219/2219 2220/2220/2220
f 2221/2221/2221 2222/2222/2222 2223/2223/2223
f 2224/2224/2224 2225/2225/2225 2226/2226/2226
f 2227/2227/2227 2228/2228/2228 2229/2229/2229
f 2230/2230/2230 2231/2231/2231 2232/2232/2232
f 2233/2233/2233 2234/2234/2234 2235/2235/2235
f 2236/2236/2236 2237/2237/2237 2238/2238/2238
f 2239/2239/2239 2240/2240/2240 2241/2241/2241
f 2242/2242/2242 2243/2243/2243 2244/2244/2244
f 2245/2245/2245 2246/2246/2246 2247/2247/2247
f 2248/2248/2248 2249/2249/2249 2250/2250/2250
f 2251/2251/2251 2252/2252/2252 2253/2253/2253
f 2254/2254/2254 2255/2255/2255 2256/2256/2256
f 2257/2257/2257 2258/2258/2258 2259/2259/2259
f 2260/2260/2260 2261/2261/2261 2262/2262/2262
f 2263/2263/2263 2264/2264/2264 2265/2265/2265
f 2266/2266/2266 2267/2267/2267 2268/2268/2268
f 2269/2269/2269 2270/2270/2270 2271/2271/2271
f 2272/2272/2272 2273/2273/2273 2274/2274/2274
f 2275/2275/2275 2276/2276/2276 2277/2277/2277
f 2278/2278/2278 2279/2279/2279 2280/2280/2280
f 2281/2281/2281 2282/2282/2282 2283/2283/2283
f 2284/2284/2284 2285/2285/2285 2286/2286/2286
f 2287/2287/2287 2288/2288/2288 2289/2289/2289
f 2290/2290/2290 2291/2291/2291 2292/2292/2292
f 2293/2293/2293 2294/2294/2294 2295/2295/2295
f 2296/2296/2296 2297/2297/2297 2298/2298/2298
f 2299/2299/2299 2300/2300/2300 2301/2301/2301
f 2302/2302/2302 2303/2303/2303 2304/2304/2304
f 2305/2305/2305 2306/2306/2306 2307/2307/2307
f 2308/2308/2308 2309/2309/2309 2310/2310/2310
f 2311/2311/2311 2312/2312/2312 2313/2313/2313
f 2314/2314/2314 2315/2315/2315 2316/2316/2316
f 2317/2317/2317 2318/2318/2318 2319/2319/2319
f 2320/2320/2320 2321/2321/2321 2322/2322/2322
f 2323/2323/2323 2324/2324/2324 2325/2325/2325
f 2326/2326/2326 2327/2327/2327 2328/2328/2328
f 2329/2329/2329 2330/2330/2330 2331/2331/2331
f 2332/2332/2332 2333/2333/2333 2334/2334/2334
f 2335/2335/2335 2336/2336/2336 2337/2337/2337
f 2338/2338/2338 2339/2339/2339 2340/2340/2340
f 2341/2341/2341 2342/2342/2342 2343/2343/2343
f 2344/2344/2344 2345/2345/2345 2346/2346/2346
f 2347/2347/2347 2348/2348/2348 2349/2349/2349
f 2350/2350/2350 2351/2351/2351 2352/2352/2352
f 2353/2353/2353 2354/2354/2354 2355/2355/2355
f 2356/2356/2356 2357/2357/2357 2358/2358/2358
f 2359/2359/2359 2360/2360/2360 2361/2361/2361
f 2362/2362/2362 2363/2363/2363 2364/2364/2364
f 2365/2365/2365 2366/2366/2366 2367/2367/2367
f 2368/2368/2368 2369/2369/2369 2370/2370/2370
f 2371/2371/2371 2372/2372/2372 2373/2373/2373
f 2374/2374/2374 2375/2375/2375 2376/2376/2376
f 2377/2377/2377 2378/2378/2378 2379/2379/2379
f 2380/2380/2380 2381/2381/2381 2382/2382/2382
f 2383/2383/2383 2384/2384/2384 2385/2385/2385
f 2386/2386/2386 2387/2387/2387 2388/2388/2388
f 2389/2389/2389 2390/2390/2390 2391/2391/2391
f 2392/2392/2392 2393/2393/2393 2394/2394/2394
f 2395/2395/2395 2396/2396/2396 2397/2397/2397
f 2398/2398/2398 2399/2399/2399 2400/2400/2400
f 2401/2401/2401 2402/2402/2402 2403/2403/2403
f 2404/2404/2404 2405/2405/2405 2406/2406/2406
f 2407/2407/2407 2408/2408/2408 2409/2409/2409
f 2410/2410/2410 2411/2411/2411 2412/2412/2412
f 2413/2413/2413 2414/2414/2414 2415/2415/2415
f 2416/2416/2416 2417/2417/2417 2418/2418/2418
f 2419/2419/2419 2420/2420/2420 2421/2421/2421
f 2422/2422/2422 2423/2423/2423 2424/2424/2424
f 2425/2425/2425 2426/2426/2426 2427/2427/2427
f 2428/2428/2428 2429/2429/2429 2430/2430/2430
f 2431/2431/2431 2432/2432/2432 2433/2433/2433
f 2434/2434/2434 2435/2435/2435 2436/2436/2436
f 2437/2437/2437 2438/2438/2438 2439/2439/2439
f 2440/2440/2440 2441/2441/2441 2442/2442/2442
f 2443/2443/2443 2444/2444/2444 2445/2445/2445
f 2446/2446/2446 2447/2447/2447 2448/2448/2448
f 2449/2449/2449 2450/2450/2450 2451/2451/2451
f 2452/2452/2452 2453/2453/2453 2454/2454/2454
f 2455/2455/2455 2456/2456/2456 2457/2457/2457
f 2458/2458/2458 2459/2459/2459 2460/2460/2460
f 2461/2461/2461 2462/2462/2462 2463/2463/2463
f 2464/2464/2464 2465/2465/2465 2466/2466/2466
f 2467/2467/2467 2468/2468/2468 2469/2469/2469
f 2470/2470/2470 2471/2471/2471 2472/2472/2472
f 2473/2473/2473 2474/2474/2474 2475/2475/2475
f 2476/2476/2476 2477/2477/2477 2478/2478/2478
f 2479/2479/2479 2480/2480/2480 2481/2481/2481
f 2482/2482/2482 2483/2483/2483 2484/2484/2484
f 2485/2485/2485 2486/2486/2486 2487/2487/2487
f 2488/2488/2488 2489/2489/2489 2490/2490/2490
f 2491/2491/2491 2492/2492/2492 2493/2493/2493
f 2494/2494/2494 2495/2495/2495 2496/2496/2496
f 2497/2497/2497 2498/2498/2498 2499/2499/2499
f 2500/2500/2500 2501/2501/2501 2502/2502/2502
f 2503/2503/2503 2504/2504/2504 2505/2505/2505
f 2506/2506/2506 2507/2507/2507 2508/2508/2508
f 2509/2509/2509 2510/2510/2510 2511/2511/2511
f 2512/2512/2512 2513/2513/2513 2514/2514/2514
f 2515/2515/2515 2516/2516/2516 2517/2517/2517
f 2518/2518/2518 2519/2519/2519 2520/2520/2520
f 2521/2521/2521 2522/2522/2522 2523/2523/2523
f 2524/2524/2524 2525/2525/2525 2526/2526/2526
f 2527/2527/2527 2528/2528/2528 2529/2529/2529
f 2530/2530/2530 2531/2531/2531 2532/2532/2532
f 2533/2533/2533 2534/2534/2534 2535/2535/2535
f 2536/2536/2536 2537/2537/2537 2538/2538/2538
f 2539/2539/2539 2540/2540/2540 2541/2541/2541
f 2542/2542/2542 2543/2543/2543 2544/2544/2544
f 2545/2545/2545 2546/2546/2546 2547/2547/2547
f 2548/2548/2548 2549/2549/2549 2550/2550/2550
f 2551/2551/2551 2552/2552/2552 2553/2553/2553
f 2554/2554/2554 2555/2555/2555 2556/2556/2556
f 2557/2557/2557 2558/2558/2558 2559/2559/2559
f 2560/2560/2560 2561/2561/2561 2562/2562/2562
f 2563/2563/2563 2564/2564/2564 2565/2565/2565
f 2566/2566/2566 2567/2567/2567 2568/2568/2568
f 2569/2569/2569 2570/2570/2570 2571/2571/2571
f 2572/2572/2572 2573/2573/2573 2574/2574/2574
f 2575/2575/2575 2576/2576/2576 2577/2577/2577
f 2578/2578/2578 2579/2579/2579 2580/2580/2580
f 2581/2581/2581 2582/2582/2582 2583/2583/2583
f 2584/2584/2584 2585/2585/2585 2586/2586/2586
f 2587/2587/2587 2588/2588/2588 2589/2589/2589
f 2590/2590/2590 2591/2591/2591 2592/2592/2592
f 2593/2593/2593 2594/2594/2594 2595/2595/2595
f 2596/2596/2596 2597/2597/2597 2598/2598/2598
f 2599/2599/2599 2600/2600/2600 2601/2601/2601
f 2602/2602/2602 2603/2603/2603 2604/2604/2604
f 2605/2605/2605 2606/2606/2606 2607/2607/2607
f 2608/2608/2608 2609/2609/2609 2610/2610/2610
f 2611/2611/2611 2612/2612/2612 2613/2613/2613
f 2614/2614/2614 2615/2615/2615 2616/2616/2616
f 2617/2617/2617 2618/2618/2618 2619/2619/2619
f 2620/2620/2620 2621/2621/2621 2622/2622/2622
f 2623/2623/2623 2624/2624/2624 2625/2625/2625
f 2626/2626/2626 2627/2627/2627 2628/2628/2628
f 2629/2629/2629 2630/2630/2630 2631/2631/2631
f 2632/2632/2632 2633/2633/2633 2634/2634/2634
f 2635/2635/2635 2636/2636/2636 2637/2637/2637
f 2638/2638/2638 2639/2639/2639 2640/2640/2640
f 2641/2641/2641 2642/2642/2642 2643/2643/2643
f 2644/2644/2644 2645/2645/2645 2646/2646/2646
f 2647/2647/2647 2648/2648/2648 2649/2649/2649
f 2650/2650/2650 2651/2651/2651 2652/2652/2652
f 2653/2653/2653 2654/2654/2654 2655/2655/2655
f 2656/2656/2656 2657/2657/2657 2658/2658/2658
f 2659/2659/2659 2660/2660/2660 2661/2661/2661
f 2662/2662/2662 2663/2663/2663 2664/2664/2664
f 2665/2665/2665 2666/2666/2666 2667/2667/2667
f 2668/2668/2668 2669/2669/2669 2670/2670/2670
f 2671/2671/2671 2672/2672/2672 2673/2673/2673
f 2674/2674/2674 2675/2675/2675 2676/2676/2676
f 2677/2677/2677 2678/2678/2678 2679/2679/2679
f 2680/2680/2680 2681/2681/2681 2682/2682/2682
f 2683/2683/2683 2684/2684/2684 2685/2685/2685
f 2686/2686/2686 2687/2687/2687 2688/2688/2688
f 2689/2689/2689 2690/2690/2690 2691/2691/2691
f 2692/2692/2692 2693/2693/2693 2694/2694/2694
f 2695/2695/2695 2696/2696/2696 2697/2697/2697
f 2698/2698/2698 2699/2699/2699 2700/2700/2700
f 2701/2701/2701 2702/2702/2702 2703/2703/2703
f 2704/2704/2704 2705/2705/2705 2706/2706/2706
f 2707/2707/2707 2708/2708/2708 2709/2709/2709
f 2710/2710/2710 2711/2711/2711 2712/2712/2712
f 2713/2713/2713 2714/2714/2714 2715/2715/2715
f 2716/2716/2716 2717/2717/2717 2718/2718/2718
f 2719/2719/2719 2720/2720/2720 2721/2721/2721
f 2722/2722/2722 2723/2723/2723 2724/2724/2724
f 2725/2725/2725 2726/2726/2726 2727/2727/2727
f 2728/2728/2728 2729/2729/2729 2730/2730/2730
f 2731/2731/2731 2732/2732/2732 2733/2733/2733
f 2734/2734/2734 2735/2735/2735 2736/2736/2736
f 2737/2737/2737 2738/2738/2738 2739/2739/2739
f 2740/2740/2740 2741/2741/2741 2742/2742/2742
f 2743/2743/2743 2744/2744/2744 2745/2745/2745
f 2746/2746/2746 2747/2747/2747 2748/2748/2748
f 2749/2749/2749 2750/2750/2750 2751/2751/2751
f 2752/2752/2752 2753/2753/2753 2754/2754/2754
f 2755/2755/2755 2756/2756/2756 2757/2757/2757
f 2758/2758/2758 2759/2759/2759 2760/2760/2760
f 2761/2761/2761 2762/2762/2762 2763/2763/2763
f 2764/2764/2764 2765/2765/2765 2766/2766/2766
f 2767/2767/2767 2768/2768/2768 2769/2769/2769
f 2770/2770/2770 2771/2771/2771 2772/2772/2772
f 2773/2773/2773 2774/2774/2774 2775/2775/2775
f 2776/2776/2776 2777/2777/2777 2778/2778/2778
f 2779/2779/2779 2780/2780/2780 2781/2781/2781
f 2782/2782/2782 2783/2783/2783 2784/2784/2784
f 2785/2785/2785 2786/2786/2786 2787/2787/2787
f 2788/2788/2788 2789/2789/2789 2790/2790/2790
f 2791/2791/2791 2792/2792/2792 2793/2793/2793
f 2794/2794/2794 2795/2795/2795 2796/2796/2796
f 2797/2797/2797 2798/2798/2798 2799/2799/2799
f 2800/2800/2800 2801/2801/2801 2802/2802/2802
f 2803/2803/2803 2804/2804/2804 2805/2805/2805
f 2806/2806/2806 2807/2807/2807 2808/2808/2808
f 2809/2809/2809 2810/2810/2810 2811/2811/2811
f 2812/2812/2812 2813/2813/2813 2814/2814/2814
f 2815/2815/2815 2816/2816/2816 2817/2817/2817
f 2818/2818/2818 2819/2819/2819 2820/2820/2820
f 2821/2821/2821 2822/2822/2822 2823/2823/2823
f 2824/2824/2824 2825/2825/2825 2826/2826/2826
f 2827/2827/2827 2828/2828/2828 2829/2829/2829
f 2830/2830/2830 2831/2831/2831 2832/2832/2832
f 2833/2833/2833 2834/2834/2834 2835/2835/2835
f 2836/2836/2836 2837/2837/2837 2838/2838/2838
f 2839/2839/2839 2840/2840/2840 2841/2841/2841
f 2842/2842/2842 2843/2843/2843 2844/2844/2844
f 2845/2845/2845 2846/2846/2846 2847/2847/2847
f 2848/2848/2848 2849/2849/2849 2850/2850/2850
f 2851/2851/2851 2852/2852/2852 2853/2853/2853
f 2854/2854/2854 2855/2855/2855 2856/2856/2856
f 2857/2857/2857 2858/2858/2858 2859/2859/2859
f 2860/2860/2860 2861/2861/2861 2862/2862/2862
f 2863/2863/2863 2864/2864/2864 2865/2865/2865
f 2866/2866/2866 2867/2867/2867 2868/2868/2868
f 2869/2869/2869 2870/2870/2870 2871/2871/2871
f 2872/2872/2872 2873/2873/2873 2874/2874/2874
f 2875/2875/2875 2876/2876/2876 2877/2877/2877
f 2878/2878/2878 2879/2879/2879 2880/2880/2880
f 2881/2881/2881 2882/2882/2882 2883/2883/2883
f 2884/2884/2884 2885/2885/2885 2886/2886/2886
f 2887/2887/2887 2888/2888/2888 2889/2889/2889
f 2890/2890/2890 2891/2891/2891 2892/2892/2892
f 2893/2893/2893 2894/2894/2894 2895/2895/2895
f 2896/2896/2896 2897/2897/2897 2898/2898/2898
f 2899/2899/2899 2900/2900/2900 2901/2901/2901
f 2902/2902/2902 2903/2903/2903 2904/2904/2904
f 2905/2905/2905 2906/2906/2906 2907/2907/2907
f 2908/2908/2908 2909/2909/2909 2910/2910/2910
f 2911/2911/2911 2912/2912/2912 2913/2913/2913
f 2914/2914/2914 2915/2915/2915 2916/2916/2916
f 2917/2917/2917 2918/2918/2918 2919/2919/2919
f 2920/2920/2920 2921/2921/2921 2922/2922/2922
f 2923/2923/2923 2924/2924/2924 2925/2925/2925
f 2926/2926/2926 2927/2927/2927 2928/2928/2928
f 2929/2929/2929 2930/2930/2930 2931/2931/2931
f 2932/2932/2932 2933/2933/2933 2934/2934/2934
f 2935/2935/2935 2936/2936/2936 2937/2937/2937
f 2938/2938/2938 2939/2939/2939 2940/2940/2940
f 2941/2941/2941 2942/2942/2942 2943/2943/2943
f 2944/2944/2944 2945/2945/2945 2946/2946/2946
f 2947/2947/2947 2948/2948/2948 2949/2949/2949
f 2950/2950/2950 2951/2951/2951 2952/2952/2952
f 2953/2953/2953 2954/2954/2954 2955/2955/2955
f 2956/2956/2956 2957/2957/2957 2958/2958/2958
f 2959/2959/2959 2960/2960/2960 2961/2961/2961
f 2962/2962/2962 2963/2963/2963 2964/2964/2964
f 2965/2965/2965 2966/2966/2966 2967/2967/2967
f 2968/2968/2968 2969/2969/2969 2970/2970/2970
f 2971/2971/2971 2972/2972/2972 2973/2973/2973
f 2974/2974/2974 2975/2975/2975 2976/2976/2976
f 2977/2977/2977 2978/2978/2978 2979/2979/2979
f 2980/2980/2980 2981/2981/2981 2982/2982/2982
f 2983/2983/2983 2984/2984/2984 2985/2985/2985
f 2986/2986/2986 2987/2987/2987 2988/2988/2988
f 2989/2989/2989 2990/2990/2990 2991/2991/2991
f 2992/2992/2992 2993/2993/2993 2994/2994/2994
f 2995/2995/2995 2996/2996/2996 2997/2997/2997
f 2998/2998/2998 2999/2999/2999 3000/3000/3000
f 3001/3001/3001 3002/3002/3002 3003/3003/3003
f 3004/3004/3004 3005/3005/3005 3006/3006/3006
f 3007/3007/3007 3008/3008/3008 3009/3009/3009
f 3010/3010/3010 3011/3011/3011 3012/3012/3012
f 3013/3013/3013 3014/3014/3014 3015/3015/3015
f 3016/3016/3016 3017/3017/3017 3018/3018/3018
f 3019/3019/3019 3020/3020/3020 3021/3021/3021
f 3022/3022/3022 3023/3023/3023 3024/3024/3024
f 3025/3025/3025 3026/3026/3026 3027/3027/3027
f 3028/3028/3028 3029/3029/3029 3030/3030/3030
f 3031/3031/3031 3032/3032/3032 3033/3033/3033
f 3034/3034/3034 3035/3035/3035 3036/3036/3036
f 3037/3037/3037 3038/3038/3038 3039/3039/3039
f 3040/3040/3040 3041/3041/3041 3042/3042/3042
f 3043/3043/3043 3044/3044/3044 3045/3045/3045
f 3046/3046/3046 3047/3047/3047 3048/3048/3048
f 3049/3049/3049 3050/3050/3050 3051/3051/3051
f 3052/3052/3052 3053/3053/3053 3054/3054/3054
f 3055/3055/3055 3056/3056/3056 3057/3057/3057
f 3058/3058/3058 3059/3059/3059 3060/3060/3060
f 3061/3061/3061 3062/3062/3062 3063/3063/3063
f 3064/3064/3064 3065/3065/3065 3066/3066/3066
f 3067/3067/3067 3068/3068/3068 3069/3069/3069
f 3070/3070/3070 3071/3071/3071 3072/3072/3072
f 3073/3073/3073 3074/3074/3074 3075/3075/3075
f 3076/3076/3076 3077/3077/3077 3078/3078/3078
f 3079/3079/3079 3080/3080/3080 3081/3081/3081
f 3082/3082/3082 3083/3083/3083 3084/3084/3084
f 3085/3085/3085 3086/3086/3086 3087/3087/3087
f 3088/3088/3088 3089/3089/3089 3090/3090/3090
f 3091/3091/3091 3092/3092/3092 3093/3093/3093
f 3094/3094/3094 3095/3095/3095 3096/3096/3096
f 3097/3097/3097 3098/3098/3098 3099/3099/3099
f 3100/3100/3100 3101/3101/3101 3102/3102/3102
f 3103/3103/3103 3104/3104/3104 3105/3105/3105
f 3106/3106/3106 3107/3107/3107 3108/3108/3108
f 3109/3109/3109 3110/3110/3110 3111/3111/3111
f 3112/3112/3112 3113/3113/3113 3114/3114/3114
f 3115/3115/3115 3116/3116/3116 3117/3117/3117
f 3118/3118/3118 3119/3119/3119 3120/3120/3120
f 3121/3121/3121 3122/3122/3122 3123/3123/3123
f 3124/3124/3124 3125/3125/3125 3126/3126/3126
f 3127/3127/3127 3128/3128/3128 3129/3129/3129
f 3130/3130/3130 3131/3131/3131 3132/3132/3132
f 3133/3133/3133 3134/3134/3134 3135/3135/3135
f 3136/3136/3136 3137/3137/3137 3138/3138/3138
f 3139/3139/3139 3140/3140/3140 3141/3141/3141
f 3142/3142/3142 3143/3143/3143 3144/3144/3144
f 3145/3145/3145 3146/3146/3146 3147/3147/3147
f 3148/3148/3148 3149/3149/3149 3150/3150/3150
f 3151/3151/3151 3152/3152/3152 3153/3153/3153
f 3154/3154/3154 3155/3155/3155 3156/3156/3156
f 3157/3157/3157 3158/3158/3158 3159/3159/3159
f 3160/3160/3160 3161/3161/3161 3162/3162/3162
f 3163/3163/3163 3164/3164/3164 3165/3165/3165
f 3166/3166/3166 3167/3167/3167 3168/3168/3168
f 3169/3169/3169 3170/3170/3170 3171/3171/3171
f 3172/3172/3172 3173/3173/3173 3174/3174/3174
f 3175/3175/3175 3176/3176/3176 3177/3177/3177
f 3178/3178/3178 3179/3179/3179 3180/3180/3180